999
dxfrw 0.6.3
  0
SECTION
  2
HEADER
  9
$ACADVER
  1
AC1021
  9
$DWGCODEPAGE
  3
ANSI_1252
  9
$INSBASE
 10
0
 20
0
 30
0
  9
$EXTMIN
 10
-68.32500000000003
 20
-51.01546170720245
 30
0
  9
$EXTMAX
 10
67.32499999999999
 20
39.15346949548422
 30
0
  9
$LIMMIN
 10
0
 20
0
  9
$LIMMAX
 10
420
 20
297
  9
$ORTHOMODE
 70
    0
  9
$REGENMODE
 70
    1
  9
$FILLMODE
 70
    1
  9
$QTEXTMODE
 70
    0
  9
$MIRRTEXT
 70
    0
  9
$LTSCALE
 40
1
  9
$ATTMODE
 70
    0
  9
$TEXTSIZE
 40
2.5
  9
$TRACEWID
 40
15.68
  9
$TEXTSTYLE
  7
STANDARD
  9
$CLAYER
  8
0
  9
$CELTYPE
  6
BYLAYER
  9
$CECOLOR
 62
  256
  9
$CELTSCALE
 40
1
  9
$DISPSILH
 70
    0
  9
$DIMSCALE
 40
2.5
  9
$DIMASZ
 40
2.5
  9
$DIMEXO
 40
0.625
  9
$DIMDLI
 40
3.75
  9
$DIMRND
 40
0
  9
$DIMDLE
 40
0
  9
$DIMEXE
 40
1.25
  9
$DIMTP
 40
0
  9
$DIMTM
 40
0
  9
$DIMTXT
 40
2.5
  9
$DIMCEN
 40
2.5
  9
$DIMTSZ
 40
0
  9
$DIMTOL
 70
    0
  9
$DIMLIM
 70
    0
  9
$DIMTIH
 70
    0
  9
$DIMTOH
 70
    0
  9
$DIMSE1
 70
    0
  9
$DIMSE2
 70
    0
  9
$DIMTAD
 70
    1
  9
$DIMZIN
 70
    8
  9
$DIMBLK
  1

  9
$DIMASO
 70
    1
  9
$DIMSHO
 70
    1
  9
$DIMPOST
  1

  9
$DIMAPOST
  1

  9
$DIMALT
 70
    0
  9
$DIMALTD
 70
    3
  9
$DIMALTF
 40
0.03937
  9
$DIMLFAC
 40
1
  9
$DIMTOFL
 70
    1
  9
$DIMTVP
 40
0
  9
$DIMTIX
 70
    0
  9
$DIMSOXD
 70
    0
  9
$DIMSAH
 70
    0
  9
$DIMBLK1
  1

  9
$DIMBLK2
  1

  9
$DIMSTYLE
  2
STANDARD
  9
$DIMCLRD
 70
    0
  9
$DIMCLRE
 70
    0
  9
$DIMCLRT
 70
    0
  9
$DIMTFAC
 40
1
  9
$DIMGAP
 40
0.625
  9
$DIMJUST
 70
    0
  9
$DIMSD1
 70
    0
  9
$DIMSD2
 70
    0
  9
$DIMTOLJ
 70
    0
  9
$DIMTZIN
 70
    8
  9
$DIMALTZ
 70
    0
  9
$DIMALTTZ
 70
    0
  9
$DIMUPT
 70
    0
  9
$DIMDEC
 70
    2
  9
$DIMTDEC
 70
    2
  9
$DIMALTU
 70
    2
  9
$DIMALTTD
 70
    3
  9
$DIMTXSTY
  7
STANDARD
  9
$DIMAUNIT
 70
    0
  9
$DIMADEC
 70
    0
  9
$DIMALTRND
 40
0
  9
$DIMAZIN
 70
    0
  9
$DIMDSEP
 70
   44
  9
$DIMATFIT
 70
    3
  9
$DIMFRAC
 70
    0
  9
$DIMLDRBLK
  1
STANDARD
  9
$DIMLUNIT
 70
    2
  9
$DIMLWD
 70
   -2
  9
$DIMLWE
 70
   -2
  9
$DIMTMOVE
 70
    0
  9
$DIMFXL
 40
1
  9
$DIMFXLON
 70
    0
  9
$DIMJOGANG
 40
0.7854
  9
$DIMTFILL
 70
    0
  9
$DIMTFILLCLR
 70
    0
  9
$DIMARCSYM
 70
    0
  9
$DIMLTYPE
  6

  9
$DIMLTEX1
  6

  9
$DIMLTEX2
  6

  9
$LUNITS
 70
    2
  9
$LUPREC
 70
    4
  9
$SKETCHINC
 40
1
  9
$FILLETRAD
 40
0
  9
$AUNITS
 70
    0
  9
$AUPREC
 70
    2
  9
$MENU
  1
.
  9
$ELEVATION
 40
0
  9
$PELEVATION
 40
0
  9
$THICKNESS
 40
0
  9
$LIMCHECK
 70
    0
  9
$CHAMFERA
 40
0
  9
$CHAMFERB
 40
0
  9
$CHAMFERC
 40
0
  9
$CHAMFERD
 40
0
  9
$SKPOLY
 70
    0
  9
$USRTIMER
 70
    1
  9
$ANGBASE
 50
0
  9
$ANGDIR
 70
    0
  9
$PDMODE
 70
   34
  9
$PDSIZE
 40
0
  9
$PLINEWID
 40
0
  9
$SPLFRAME
 70
    0
  9
$SPLINETYPE
 70
    2
  9
$SPLINESEGS
 70
    8
  9
$HANDSEED
  5
20000
  9
$SURFTAB1
 70
    6
  9
$SURFTAB2
 70
    6
  9
$SURFTYPE
 70
    6
  9
$SURFU
 70
    6
  9
$SURFV
 70
    6
  9
$UCSBASE
  2

  9
$UCSNAME
  2

  9
$UCSORG
 10
0
 20
0
 30
0
  9
$UCSXDIR
 10
1
 20
0
 30
0
  9
$UCSYDIR
 10
0
 20
1
 30
0
  9
$UCSORTHOREF
  2

  9
$UCSORTHOVIEW
 70
    0
  9
$UCSORGTOP
 10
0
 20
0
 30
0
  9
$UCSORGBOTTOM
 10
0
 20
0
 30
0
  9
$UCSORGLEFT
 10
0
 20
0
 30
0
  9
$UCSORGRIGHT
 10
0
 20
0
 30
0
  9
$UCSORGFRONT
 10
0
 20
0
 30
0
  9
$UCSORGBACK
 10
0
 20
0
 30
0
  9
$PUCSBASE
  2

  9
$PUCSNAME
  2

  9
$PUCSORG
 10
0
 20
0
 30
0
  9
$PUCSXDIR
 10
1
 20
0
 30
0
  9
$PUCSYDIR
 10
0
 20
1
 30
0
  9
$PUCSORTHOREF
  2

  9
$PUCSORTHOVIEW
 70
    0
  9
$PUCSORGTOP
 10
0
 20
0
 30
0
  9
$PUCSORGBOTTOM
 10
0
 20
0
 30
0
  9
$PUCSORGLEFT
 10
0
 20
0
 30
0
  9
$PUCSORGRIGHT
 10
0
 20
0
 30
0
  9
$PUCSORGFRONT
 10
0
 20
0
 30
0
  9
$PUCSORGBACK
 10
0
 20
0
 30
0
  9
$USERI1
 70
    0
  9
$USERI2
 70
    0
  9
$USERI3
 70
    0
  9
$USERI4
 70
    0
  9
$USERI5
 70
    0
  9
$USERR1
 40
0
  9
$USERR2
 40
0
  9
$USERR3
 40
0
  9
$USERR4
 40
0
  9
$USERR5
 40
0
  9
$WORLDVIEW
 70
    1
  9
$SHADEDGE
 70
    3
  9
$SHADEDIF
 70
   70
  9
$TILEMODE
 70
    1
  9
$MAXACTVP
 70
   64
  9
$PINSBASE
 10
0
 20
0
 30
0
  9
$PLIMCHECK
 70
    0
  9
$PEXTMIN
 10
0
 20
0
 30
0
  9
$PEXTMAX
 10
0
 20
0
 30
0
  9
$GRIDMODE
 70
    1
  9
$SNAPSTYLE
 70
    0
  9
$PLIMMIN
 10
0
 20
0
  9
$PLIMMAX
 10
210
 20
297
  9
$UNITMODE
 70
    0
  9
$VISRETAIN
 70
    1
  9
$PLINEGEN
 70
    0
  9
$PSLTSCALE
 70
    1
  9
$TREEDEPTH
 70
 3020
  9
$CMLSTYLE
  2
Standard
  9
$CMLJUST
 70
    0
  9
$CMLSCALE
 40
20
  9
$PROXYGRAPHICS
 70
    1
  9
$MEASUREMENT
 70
    1
  9
$CELWEIGHT
370
   -1
  9
$ENDCAPS
280
    0
  9
$JOINSTYLE
280
    0
  9
$LWDISPLAY
290
    0
  9
$INSUNITS
 70
    4
  9
$HYPERLINKBASE
  1

  9
$STYLESHEET
  1

  9
$XEDIT
290
    1
  9
$CEPSNTYPE
380
    0
  9
$PSTYLEMODE
290
    1
  9
$EXTNAMES
290
    1
  9
$PSVPSCALE
 40
1
  9
$OLESTARTUP
290
    0
  9
$SORTENTS
280
  127
  9
$INDEXCTL
280
    0
  9
$HIDETEXT
280
    1
  9
$XCLIPFRAME
290
    0
  9
$HALOGAP
280
    0
  9
$OBSCOLOR
 70
  257
  9
$OBSLTYPE
280
    0
  9
$INTERSECTIONDISPLAY
280
    0
  9
$INTERSECTIONCOLOR
 70
  257
  9
$DIMASSOC
280
    1
  9
$PROJECTNAME
  1

  9
$CAMERADISPLAY
290
    0
  9
$LENSLENGTH
 40
50
  9
$CAMERAHEIGHT
 40
0
  9
$STEPSPERSEC
 40
2
  9
$STEPSIZE
 40
50
  9
$3DDWFPREC
 40
2
  9
$PSOLWIDTH
 40
5
  9
$PSOLHEIGHT
 40
80
  9
$LOFTANG1
 40
1.570796326794897
  9
$LOFTANG2
 40
1.570796326794897
  9
$LOFTMAG1
 40
0
  9
$LOFTMAG2
 40
0
  9
$LOFTPARAM
 70
    7
  9
$LOFTNORMALS
280
    1
  9
$LATITUDE
 40
1
  9
$LONGITUDE
 40
1
  9
$NORTHDIRECTION
 40
0
  9
$TIMEZONE
 70
-8000
  9
$LIGHTGLYPHDISPLAY
280
    1
  9
$TILEMODELIGHTSYNCH
280
    1
  9
$SOLIDHIST
280
    1
  9
$SHOWHIST
280
    1
  9
$DWFFRAME
280
    2
  9
$DGNFRAME
280
    0
  9
$REALWORLDSCALE
290
    1
  9
$INTERFERECOLOR
 62
    1
  9
$CSHADOW
280
    0
  9
$SHADOWPLANELOCATION
 40
0
  0
ENDSEC
  0
SECTION
  2
CLASSES
  0
ENDSEC
  0
SECTION
  2
TABLES
  0
TABLE
  2
VPORT
  5
8
330
0
100
AcDbSymbolTable
 70
    1
  0
VPORT
  5
31
330
2
100
AcDbSymbolTableRecord
100
AcDbViewportTableRecord
  2
*ACTIVE
 70
    0
 10
0
 20
0
 11
1
 21
1
 12
38.57531023336823
 22
20.28115777811189
 13
0
 23
0
 14
10
 24
10
 15
10
 25
10
 16
0
 26
0
 36
1
 17
0
 27
0
 37
0
 40
92.90962819972881
 41
1.671091445427729
 42
50
 43
0
 44
0
 50
0
 51
0
 71
    0
 72
  100
 73
    1
 74
    3
 75
    0
 76
    1
 77
    0
 78
    0
281
    0
 65
    1
110
0
120
0
130
0
111
1
121
0
131
0
112
0
122
1
132
0
 79
    0
146
0
348
10020
 60
    7
 61
    5
292
1
282
    1
141
0
142
0
 63
  250
421
3358443
  0
ENDTAB
  0
TABLE
  2
LTYPE
  5
5
330
0
100
AcDbSymbolTable
 70
    4
  0
LTYPE
  5
14
330
5
100
AcDbSymbolTableRecord
100
AcDbLinetypeTableRecord
  2
ByBlock
 70
    0
  3

 72
   65
 73
    0
 40
0
  0
LTYPE
  5
15
330
5
100
AcDbSymbolTableRecord
100
AcDbLinetypeTableRecord
  2
ByLayer
 70
    0
  3

 72
   65
 73
    0
 40
0
  0
LTYPE
  5
16
330
5
100
AcDbSymbolTableRecord
100
AcDbLinetypeTableRecord
  2
Continuous
 70
    0
  3
Solid line
 72
   65
 73
    0
 40
0
  0
LTYPE
  5
32
330
5
100
AcDbSymbolTableRecord
100
AcDbLinetypeTableRecord
  2
DOT
 70
    0
  3
Dot . . . . . . . . . . . . . . . . . . . . . .
 72
   65
 73
    2
 40
6.35
 49
0
 74
    0
 49
-6.35
 74
    0
  0
LTYPE
  5
33
330
5
100
AcDbSymbolTableRecord
100
AcDbLinetypeTableRecord
  2
DOTTINY
 70
    0
  3
Dot (.15x) .....................................
 72
   65
 73
    2
 40
0.9525
 49
0
 74
    0
 49
-0.9525
 74
    0
  0
LTYPE
  5
34
330
5
100
AcDbSymbolTableRecord
100
AcDbLinetypeTableRecord
  2
DOT2
 70
    0
  3
Dot (.5x) .....................................
 72
   65
 73
    2
 40
3.175
 49
0
 74
    0
 49
-3.175
 74
    0
  0
LTYPE
  5
35
330
5
100
AcDbSymbolTableRecord
100
AcDbLinetypeTableRecord
  2
DOTX2
 70
    0
  3
Dot (2x) .  .  .  .  .  .  .  .  .  .  .  .  .
 72
   65
 73
    2
 40
12.7
 49
0
 74
    0
 49
-12.7
 74
    0
  0
LTYPE
  5
36
330
5
100
AcDbSymbolTableRecord
100
AcDbLinetypeTableRecord
  2
DASHED
 70
    0
  3
Dashed _ _ _ _ _ _ _ _ _ _ _ _ _ _ _ _ _
 72
   65
 73
    2
 40
19.05
 49
12.7
 74
    0
 49
-6.35
 74
    0
  0
LTYPE
  5
37
330
5
100
AcDbSymbolTableRecord
100
AcDbLinetypeTableRecord
  2
DASHEDTINY
 70
    0
  3
Dashed (.15x) _ _ _ _ _ _ _ _ _ _ _ _ _ _ _ _ _
 72
   65
 73
    2
 40
2.8575
 49
1.905
 74
    0
 49
-0.9525
 74
    0
  0
LTYPE
  5
38
330
5
100
AcDbSymbolTableRecord
100
AcDbLinetypeTableRecord
  2
DASHED2
 70
    0
  3
Dashed (.5x) _ _ _ _ _ _ _ _ _ _ _ _ _ _ _ _ _
 72
   65
 73
    2
 40
9.524999999999999
 49
6.35
 74
    0
 49
-3.175
 74
    0
  0
LTYPE
  5
39
330
5
100
AcDbSymbolTableRecord
100
AcDbLinetypeTableRecord
  2
DASHEDX2
 70
    0
  3
Dashed (2x) ____  ____  ____  ____  ____  ___
 72
   65
 73
    2
 40
38.09999999999999
 49
25.4
 74
    0
 49
-12.7
 74
    0
  0
LTYPE
  5
3A
330
5
100
AcDbSymbolTableRecord
100
AcDbLinetypeTableRecord
  2
DASHDOT
 70
    0
  3
Dash dot __ . __ . __ . __ . __ . __ . __ . __
 72
   65
 73
    4
 40
25.4
 49
12.7
 74
    0
 49
-6.35
 74
    0
 49
0
 74
    0
 49
-6.35
 74
    0
  0
LTYPE
  5
3B
330
5
100
AcDbSymbolTableRecord
100
AcDbLinetypeTableRecord
  2
DASHDOTTINY
 70
    0
  3
Dash dot (.15x) _._._._._._._._._._._._._._._.
 72
   65
 73
    4
 40
3.81
 49
1.905
 74
    0
 49
-0.9525
 74
    0
 49
0
 74
    0
 49
-0.9525
 74
    0
  0
LTYPE
  5
3C
330
5
100
AcDbSymbolTableRecord
100
AcDbLinetypeTableRecord
  2
DASHDOT2
 70
    0
  3
Dash dot (.5x) _._._._._._._._._._._._._._._.
 72
   65
 73
    4
 40
12.7
 49
6.35
 74
    0
 49
-3.175
 74
    0
 49
0
 74
    0
 49
-3.175
 74
    0
  0
LTYPE
  5
3D
330
5
100
AcDbSymbolTableRecord
100
AcDbLinetypeTableRecord
  2
DASHDOTX2
 70
    0
  3
Dash dot (2x) ____  .  ____  .  ____  .  ___
 72
   65
 73
    4
 40
50.8
 49
25.4
 74
    0
 49
-12.7
 74
    0
 49
0
 74
    0
 49
-12.7
 74
    0
  0
LTYPE
  5
3E
330
5
100
AcDbSymbolTableRecord
100
AcDbLinetypeTableRecord
  2
DIVIDE
 70
    0
  3
Divide ____ . . ____ . . ____ . . ____ . . ____
 72
   65
 73
    6
 40
31.75
 49
12.7
 74
    0
 49
-6.35
 74
    0
 49
0
 74
    0
 49
-6.35
 74
    0
 49
0
 74
    0
 49
-6.35
 74
    0
  0
LTYPE
  5
3F
330
5
100
AcDbSymbolTableRecord
100
AcDbLinetypeTableRecord
  2
DIVIDETINY
 70
    0
  3
Divide (.15x) __..__..__..__..__..__..__..__.._
 72
   65
 73
    6
 40
4.7625
 49
1.905
 74
    0
 49
-0.9525
 74
    0
 49
0
 74
    0
 49
-0.9525
 74
    0
 49
0
 74
    0
 49
-0.9525
 74
    0
  0
LTYPE
  5
40
330
5
100
AcDbSymbolTableRecord
100
AcDbLinetypeTableRecord
  2
DIVIDE2
 70
    0
  3
Divide (.5x) __..__..__..__..__..__..__..__.._
 72
   65
 73
    6
 40
15.875
 49
6.35
 74
    0
 49
-3.175
 74
    0
 49
0
 74
    0
 49
-3.175
 74
    0
 49
0
 74
    0
 49
-3.175
 74
    0
  0
LTYPE
  5
41
330
5
100
AcDbSymbolTableRecord
100
AcDbLinetypeTableRecord
  2
DIVIDEX2
 70
    0
  3
Divide (2x) ________  .  .  ________  .  .  _
 72
   65
 73
    6
 40
63.5
 49
25.4
 74
    0
 49
-12.7
 74
    0
 49
0
 74
    0
 49
-12.7
 74
    0
 49
0
 74
    0
 49
-12.7
 74
    0
  0
LTYPE
  5
42
330
5
100
AcDbSymbolTableRecord
100
AcDbLinetypeTableRecord
  2
BORDER
 70
    0
  3
Border __ __ . __ __ . __ __ . __ __ . __ __ .
 72
   65
 73
    6
 40
44.45
 49
12.7
 74
    0
 49
-6.35
 74
    0
 49
12.7
 74
    0
 49
-6.35
 74
    0
 49
0
 74
    0
 49
-6.35
 74
    0
  0
LTYPE
  5
43
330
5
100
AcDbSymbolTableRecord
100
AcDbLinetypeTableRecord
  2
BORDERTINY
 70
    0
  3
Border (.15x) __.__.__.__.__.__.__.__.__.__.__.
 72
   65
 73
    6
 40
6.6675
 49
1.905
 74
    0
 49
-0.9525
 74
    0
 49
1.905
 74
    0
 49
-0.9525
 74
    0
 49
0
 74
    0
 49
-0.9525
 74
    0
  0
LTYPE
  5
44
330
5
100
AcDbSymbolTableRecord
100
AcDbLinetypeTableRecord
  2
BORDER2
 70
    0
  3
Border (.5x) __.__.__.__.__.__.__.__.__.__.__.
 72
   65
 73
    6
 40
22.225
 49
6.35
 74
    0
 49
-3.175
 74
    0
 49
6.35
 74
    0
 49
-3.175
 74
    0
 49
0
 74
    0
 49
-3.175
 74
    0
  0
LTYPE
  5
45
330
5
100
AcDbSymbolTableRecord
100
AcDbLinetypeTableRecord
  2
BORDERX2
 70
    0
  3
Border (2x) ____  ____  .  ____  ____  .  ___
 72
   65
 73
    6
 40
88.89999999999999
 49
25.4
 74
    0
 49
-12.7
 74
    0
 49
25.4
 74
    0
 49
-12.7
 74
    0
 49
0
 74
    0
 49
-12.7
 74
    0
  0
LTYPE
  5
46
330
5
100
AcDbSymbolTableRecord
100
AcDbLinetypeTableRecord
  2
CENTER
 70
    0
  3
Center ____ _ ____ _ ____ _ ____ _ ____ _ ____
 72
   65
 73
    4
 40
50.8
 49
31.75
 74
    0
 49
-6.35
 74
    0
 49
6.35
 74
    0
 49
-6.35
 74
    0
  0
LTYPE
  5
47
330
5
100
AcDbSymbolTableRecord
100
AcDbLinetypeTableRecord
  2
CENTERTINY
 70
    0
  3
Center (.15x) ___ _ ___ _ ___ _ ___ _ ___ _ ___
 72
   65
 73
    4
 40
7.619999999999999
 49
4.7625
 74
    0
 49
-0.9525
 74
    0
 49
0.9525
 74
    0
 49
-0.9525
 74
    0
  0
LTYPE
  5
48
330
5
100
AcDbSymbolTableRecord
100
AcDbLinetypeTableRecord
  2
CENTER2
 70
    0
  3
Center (.5x) ___ _ ___ _ ___ _ ___ _ ___ _ ___
 72
   65
 73
    4
 40
28.575
 49
19.05
 74
    0
 49
-3.175
 74
    0
 49
3.175
 74
    0
 49
-3.175
 74
    0
  0
LTYPE
  5
49
330
5
100
AcDbSymbolTableRecord
100
AcDbLinetypeTableRecord
  2
CENTERX2
 70
    0
  3
Center (2x) ________  __  ________  __  _____
 72
   65
 73
    4
 40
101.6
 49
63.5
 74
    0
 49
-12.7
 74
    0
 49
12.7
 74
    0
 49
-12.7
 74
    0
  0
ENDTAB
  0
TABLE
  2
LAYER
  5
2
330
0
100
AcDbSymbolTable
 70
    1
  0
LAYER
  5
10
330
2
100
AcDbSymbolTableRecord
100
AcDbLayerTableRecord
  2
0
 70
    0
 62
    7
  6
CONTINUOUS
370
    0
390
F
  0
LAYER
  5
4A
330
2
100
AcDbSymbolTableRecord
100
AcDbLayerTableRecord
  2
parts layout
 70
    0
 62
  176
420
  128
  6
CONTINUOUS
370
   -3
390
F
  0
LAYER
  5
4B
330
2
100
AcDbSymbolTableRecord
100
AcDbLayerTableRecord
  2
swith holes
 70
    0
 62
  176
420
  128
  6
DASHEDTINY
370
   -3
390
F
  0
ENDTAB
  0
TABLE
  2
STYLE
  5
3
330
0
100
AcDbSymbolTable
 70
    3
  0
STYLE
  5
4C
330
2
100
AcDbSymbolTableRecord
100
AcDbTextStyleTableRecord
  2
Standard
 70
    0
 40
0
 41
1
 50
0
 71
    0
 42
1
  3
txt
  4

  0
ENDTAB
  0
TABLE
  2
VIEW
  5
6
330
0
100
AcDbSymbolTable
 70
    0
  0
ENDTAB
  0
TABLE
  2
UCS
  5
7
330
0
100
AcDbSymbolTable
 70
    0
  0
ENDTAB
  0
TABLE
  2
APPID
  5
9
330
0
100
AcDbSymbolTable
 70
    1
  0
APPID
  5
12
330
9
100
AcDbSymbolTableRecord
100
AcDbRegAppTableRecord
  2
ACAD
 70
    0
  0
APPID
  5
4D
330
9
100
AcDbSymbolTableRecord
100
AcDbRegAppTableRecord
  2
LibreCad
 70
    0
  0
ENDTAB
  0
TABLE
  2
DIMSTYLE
  5
A
330
0
100
AcDbSymbolTable
 70
    1
100
AcDbDimStyleTable
 71
    1
  0
DIMSTYLE
105
4E
330
A
100
AcDbSymbolTableRecord
100
AcDbDimStyleTableRecord
  2
Standard
 70
    0
 40
2.5
 41
2.5
 42
0.625
 43
0.38
 44
1.25
 45
0
 46
0
 47
0
 48
0
 49
1
140
2.5
141
0.09
142
0
143
25.4
144
1
145
0
146
1
147
0.625
148
0
 71
    0
 72
    0
 73
    0
 74
    1
 75
    0
 76
    0
 77
    0
 78
    8
 79
    0
170
    0
171
    2
172
    0
173
    0
174
    0
175
    0
176
    0
177
    0
178
    0
179
    0
271
    2
272
    4
273
    2
274
    2
275
    0
276
    0
277
    2
278
   44
279
    0
280
    0
281
    0
282
    0
283
    1
284
    0
285
    0
286
    0
288
    0
289
    3
340
STANDARD
341

371
   -2
372
   -2
  0
ENDTAB
  0
TABLE
  2
BLOCK_RECORD
  5
1
330
0
100
AcDbSymbolTable
 70
    2
  0
BLOCK_RECORD
  5
1F
330
1
100
AcDbSymbolTableRecord
100
AcDbBlockTableRecord
  2
*Model_Space
 70
    0
280
    1
281
    0
  0
BLOCK_RECORD
  5
1E
330
1
100
AcDbSymbolTableRecord
100
AcDbBlockTableRecord
  2
*Paper_Space
 70
    0
280
    1
281
    0
  0
ENDTAB
  0
ENDSEC
  0
SECTION
  2
BLOCKS
  0
BLOCK
  5
20
330
1F
100
AcDbEntity
  8
0
100
AcDbBlockBegin
  2
*Model_Space
 70
    0
 10
0
 20
0
 30
0
  3
*Model_Space
  1

  0
ENDBLK
  5
21
330
1F
100
AcDbEntity
  8
0
100
AcDbBlockEnd
  0
BLOCK
  5
1C
330
1B
100
AcDbEntity
  8
0
100
AcDbBlockBegin
  2
*Paper_Space
 70
    0
 10
0
 20
0
 30
0
  3
*Paper_Space
  1

  0
ENDBLK
  5
1D
330
1F
100
AcDbEntity
  8
0
100
AcDbBlockEnd
  0
ENDSEC
  0
SECTION
  2
ENTITIES
  0
LINE
  5
4F
100
AcDbEntity
  8
parts layout
  6
CONTINUOUS
 62
  256
370
   -1
100
AcDbLine
 10
60.14753300000001
 20
-44.58153299999999
 11
60.860826
 21
-44.81329599999999
  0
LINE
  5
50
100
AcDbEntity
  8
parts layout
  6
CONTINUOUS
 62
  256
370
   -1
100
AcDbLine
 10
60.860826
 20
-44.81329599999999
 11
60.937423
 21
-44.85619199999999
  0
LINE
  5
51
100
AcDbEntity
  8
parts layout
  6
CONTINUOUS
 62
  256
370
   -1
100
AcDbLine
 10
60.937423
 20
-44.85619199999999
 11
60.99177300000002
 21
-44.92513599999999
  0
LINE
  5
52
100
AcDbEntity
  8
parts layout
  6
CONTINUOUS
 62
  256
370
   -1
100
AcDbLine
 10
60.99177300000002
 20
-44.92513599999999
 11
61.015604
 21
-45.00963
  0
LINE
  5
53
100
AcDbEntity
  8
parts layout
  6
CONTINUOUS
 62
  256
370
   -1
100
AcDbLine
 10
61.015604
 20
-45.00963
 11
61.00528500000001
 21
-45.096812
  0
LINE
  5
54
100
AcDbEntity
  8
parts layout
  6
CONTINUOUS
 62
  256
370
   -1
100
AcDbLine
 10
61.00528500000001
 20
-45.096812
 11
60.86622700000001
 21
-45.524788
  0
LINE
  5
55
100
AcDbEntity
  8
parts layout
  6
CONTINUOUS
 62
  256
370
   -1
100
AcDbLine
 10
60.86622700000001
 20
-45.524788
 11
60.823331
 21
-45.60138499999999
  0
LINE
  5
56
100
AcDbEntity
  8
parts layout
  6
CONTINUOUS
 62
  256
370
   -1
100
AcDbLine
 10
60.823331
 20
-45.60138499999999
 11
60.75438700000001
 21
-45.65573599999999
  0
LINE
  5
57
100
AcDbEntity
  8
parts layout
  6
CONTINUOUS
 62
  256
370
   -1
100
AcDbLine
 10
60.75438700000001
 20
-45.65573599999999
 11
60.669893
 21
-45.67956599999999
  0
LINE
  5
58
100
AcDbEntity
  8
parts layout
  6
CONTINUOUS
 62
  256
370
   -1
100
AcDbLine
 10
60.669893
 20
-45.67956599999999
 11
60.58271100000002
 21
-45.669247
  0
LINE
  5
59
100
AcDbEntity
  8
parts layout
  6
CONTINUOUS
 62
  256
370
   -1
100
AcDbLine
 10
60.58271100000002
 20
-45.669247
 11
59.869418
 21
-45.437484
  0
LINE
  5
5A
100
AcDbEntity
  8
parts layout
  6
CONTINUOUS
 62
  256
370
   -1
100
AcDbLine
 10
59.869418
 20
-45.437484
 11
59.792821
 21
-45.394588
  0
LINE
  5
5B
100
AcDbEntity
  8
parts layout
  6
CONTINUOUS
 62
  256
370
   -1
100
AcDbLine
 10
59.792821
 20
-45.394588
 11
59.738471
 21
-45.325644
  0
LINE
  5
5C
100
AcDbEntity
  8
parts layout
  6
CONTINUOUS
 62
  256
370
   -1
100
AcDbLine
 10
59.738471
 20
-45.325644
 11
59.71464
 21
-45.24114999999999
  0
LINE
  5
5D
100
AcDbEntity
  8
parts layout
  6
CONTINUOUS
 62
  256
370
   -1
100
AcDbLine
 10
59.71464
 20
-45.24114999999999
 11
59.72495900000001
 21
-45.15396799999999
  0
LINE
  5
5E
100
AcDbEntity
  8
parts layout
  6
CONTINUOUS
 62
  256
370
   -1
100
AcDbLine
 10
59.72495900000001
 20
-45.15396799999999
 11
59.86401700000002
 21
-44.72599199999999
  0
LINE
  5
5F
100
AcDbEntity
  8
parts layout
  6
CONTINUOUS
 62
  256
370
   -1
100
AcDbLine
 10
59.86401700000002
 20
-44.72599199999999
 11
59.906913
 21
-44.649395
  0
LINE
  5
60
100
AcDbEntity
  8
parts layout
  6
CONTINUOUS
 62
  256
370
   -1
100
AcDbLine
 10
59.906913
 20
-44.649395
 11
59.97585700000002
 21
-44.595044
  0
LINE
  5
61
100
AcDbEntity
  8
parts layout
  6
CONTINUOUS
 62
  256
370
   -1
100
AcDbLine
 10
59.97585700000002
 20
-44.595044
 11
60.060351
 21
-44.571214
  0
LINE
  5
62
100
AcDbEntity
  8
parts layout
  6
CONTINUOUS
 62
  256
370
   -1
100
AcDbLine
 10
60.060351
 20
-44.571214
 11
60.14753300000001
 21
-44.58153299999999
  0
LINE
  5
63
100
AcDbEntity
  8
parts layout
  6
CONTINUOUS
 62
  256
370
   -1
100
AcDbLine
 10
61.16728900000001
 20
-41.44304699999999
 11
61.880582
 21
-41.67480999999999
  0
LINE
  5
64
100
AcDbEntity
  8
parts layout
  6
CONTINUOUS
 62
  256
370
   -1
100
AcDbLine
 10
61.880582
 20
-41.67480999999999
 11
61.957179
 21
-41.71770599999999
  0
LINE
  5
65
100
AcDbEntity
  8
parts layout
  6
CONTINUOUS
 62
  256
370
   -1
100
AcDbLine
 10
61.957179
 20
-41.71770599999999
 11
62.011529
 21
-41.78664999999999
  0
LINE
  5
66
100
AcDbEntity
  8
parts layout
  6
CONTINUOUS
 62
  256
370
   -1
100
AcDbLine
 10
62.011529
 20
-41.78664999999999
 11
62.03536
 21
-41.871144
  0
LINE
  5
67
100
AcDbEntity
  8
parts layout
  6
CONTINUOUS
 62
  256
370
   -1
100
AcDbLine
 10
62.03536
 20
-41.871144
 11
62.02504100000002
 21
-41.958326
  0
LINE
  5
68
100
AcDbEntity
  8
parts layout
  6
CONTINUOUS
 62
  256
370
   -1
100
AcDbLine
 10
62.02504100000002
 20
-41.958326
 11
61.88598300000001
 21
-42.386302
  0
LINE
  5
69
100
AcDbEntity
  8
parts layout
  6
CONTINUOUS
 62
  256
370
   -1
100
AcDbLine
 10
61.88598300000001
 20
-42.386302
 11
61.843087
 21
-42.46289899999999
  0
LINE
  5
6A
100
AcDbEntity
  8
parts layout
  6
CONTINUOUS
 62
  256
370
   -1
100
AcDbLine
 10
61.843087
 20
-42.46289899999999
 11
61.77414300000001
 21
-42.51724999999999
  0
LINE
  5
6B
100
AcDbEntity
  8
parts layout
  6
CONTINUOUS
 62
  256
370
   -1
100
AcDbLine
 10
61.77414300000001
 20
-42.51724999999999
 11
61.689649
 21
-42.54107999999999
  0
LINE
  5
6C
100
AcDbEntity
  8
parts layout
  6
CONTINUOUS
 62
  256
370
   -1
100
AcDbLine
 10
61.689649
 20
-42.54107999999999
 11
61.60246700000002
 21
-42.530761
  0
LINE
  5
6D
100
AcDbEntity
  8
parts layout
  6
CONTINUOUS
 62
  256
370
   -1
100
AcDbLine
 10
61.60246700000002
 20
-42.530761
 11
60.889174
 21
-42.298998
  0
LINE
  5
6E
100
AcDbEntity
  8
parts layout
  6
CONTINUOUS
 62
  256
370
   -1
100
AcDbLine
 10
60.889174
 20
-42.298998
 11
60.812577
 21
-42.256102
  0
LINE
  5
6F
100
AcDbEntity
  8
parts layout
  6
CONTINUOUS
 62
  256
370
   -1
100
AcDbLine
 10
60.812577
 20
-42.256102
 11
60.75822700000001
 21
-42.187158
  0
LINE
  5
70
100
AcDbEntity
  8
parts layout
  6
CONTINUOUS
 62
  256
370
   -1
100
AcDbLine
 10
60.75822700000001
 20
-42.187158
 11
60.734396
 21
-42.10266399999999
  0
LINE
  5
71
100
AcDbEntity
  8
parts layout
  6
CONTINUOUS
 62
  256
370
   -1
100
AcDbLine
 10
60.734396
 20
-42.10266399999999
 11
60.74471500000001
 21
-42.01548199999999
  0
LINE
  5
72
100
AcDbEntity
  8
parts layout
  6
CONTINUOUS
 62
  256
370
   -1
100
AcDbLine
 10
60.74471500000001
 20
-42.01548199999999
 11
60.88377300000002
 21
-41.58750599999999
  0
LINE
  5
73
100
AcDbEntity
  8
parts layout
  6
CONTINUOUS
 62
  256
370
   -1
100
AcDbLine
 10
60.88377300000002
 20
-41.58750599999999
 11
60.926669
 21
-41.510909
  0
LINE
  5
74
100
AcDbEntity
  8
parts layout
  6
CONTINUOUS
 62
  256
370
   -1
100
AcDbLine
 10
60.926669
 20
-41.510909
 11
60.99561300000002
 21
-41.456558
  0
LINE
  5
75
100
AcDbEntity
  8
parts layout
  6
CONTINUOUS
 62
  256
370
   -1
100
AcDbLine
 10
60.99561300000002
 20
-41.456558
 11
61.080107
 21
-41.432728
  0
LINE
  5
76
100
AcDbEntity
  8
parts layout
  6
CONTINUOUS
 62
  256
370
   -1
100
AcDbLine
 10
61.080107
 20
-41.432728
 11
61.16728900000001
 21
-41.44304699999999
  0
LINE
  5
77
100
AcDbEntity
  8
parts layout
  6
CONTINUOUS
 62
  256
370
   -1
100
AcDbLine
 10
41.0087
 20
-38.51445799999999
 11
41.742311
 21
-38.670391
  0
LINE
  5
78
100
AcDbEntity
  8
parts layout
  6
CONTINUOUS
 62
  256
370
   -1
100
AcDbLine
 10
41.742311
 20
-38.670391
 11
41.82297200000002
 21
-38.705046
  0
LINE
  5
79
100
AcDbEntity
  8
parts layout
  6
CONTINUOUS
 62
  256
370
   -1
100
AcDbLine
 10
41.82297200000002
 20
-38.705046
 11
41.884231
 21
-38.76793099999999
  0
LINE
  5
7A
100
AcDbEntity
  8
parts layout
  6
CONTINUOUS
 62
  256
370
   -1
100
AcDbLine
 10
41.884231
 20
-38.76793099999999
 11
41.916763
 21
-38.84947099999999
  0
LINE
  5
7B
100
AcDbEntity
  8
parts layout
  6
CONTINUOUS
 62
  256
370
   -1
100
AcDbLine
 10
41.916763
 20
-38.84947099999999
 11
41.91561400000001
 21
-38.93725499999999
  0
LINE
  5
7C
100
AcDbEntity
  8
parts layout
  6
CONTINUOUS
 62
  256
370
   -1
100
AcDbLine
 10
41.91561400000001
 20
-38.93725499999999
 11
41.82205300000001
 21
-39.377421
  0
LINE
  5
7D
100
AcDbEntity
  8
parts layout
  6
CONTINUOUS
 62
  256
370
   -1
100
AcDbLine
 10
41.82205300000001
 20
-39.377421
 11
41.78739900000002
 21
-39.458083
  0
LINE
  5
7E
100
AcDbEntity
  8
parts layout
  6
CONTINUOUS
 62
  256
370
   -1
100
AcDbLine
 10
41.78739900000002
 20
-39.458083
 11
41.724514
 21
-39.51934199999999
  0
LINE
  5
7F
100
AcDbEntity
  8
parts layout
  6
CONTINUOUS
 62
  256
370
   -1
100
AcDbLine
 10
41.724514
 20
-39.51934199999999
 11
41.64297300000001
 21
-39.551874
  0
LINE
  5
80
100
AcDbEntity
  8
parts layout
  6
CONTINUOUS
 62
  256
370
   -1
100
AcDbLine
 10
41.64297300000001
 20
-39.551874
 11
41.55519000000001
 21
-39.550724
  0
LINE
  5
81
100
AcDbEntity
  8
parts layout
  6
CONTINUOUS
 62
  256
370
   -1
100
AcDbLine
 10
41.55519000000001
 20
-39.550724
 11
40.82157900000001
 21
-39.394791
  0
LINE
  5
82
100
AcDbEntity
  8
parts layout
  6
CONTINUOUS
 62
  256
370
   -1
100
AcDbLine
 10
40.82157900000001
 20
-39.394791
 11
40.74091800000002
 21
-39.360136
  0
LINE
  5
83
100
AcDbEntity
  8
parts layout
  6
CONTINUOUS
 62
  256
370
   -1
100
AcDbLine
 10
40.74091800000002
 20
-39.360136
 11
40.67965900000002
 21
-39.297251
  0
LINE
  5
84
100
AcDbEntity
  8
parts layout
  6
CONTINUOUS
 62
  256
370
   -1
100
AcDbLine
 10
40.67965900000002
 20
-39.297251
 11
40.64712700000001
 21
-39.215711
  0
LINE
  5
85
100
AcDbEntity
  8
parts layout
  6
CONTINUOUS
 62
  256
370
   -1
100
AcDbLine
 10
40.64712700000001
 20
-39.215711
 11
40.64827600000001
 21
-39.127927
  0
LINE
  5
86
100
AcDbEntity
  8
parts layout
  6
CONTINUOUS
 62
  256
370
   -1
100
AcDbLine
 10
40.64827600000001
 20
-39.127927
 11
40.741837
 21
-38.68776099999999
  0
LINE
  5
87
100
AcDbEntity
  8
parts layout
  6
CONTINUOUS
 62
  256
370
   -1
100
AcDbLine
 10
40.741837
 20
-38.68776099999999
 11
40.77649100000002
 21
-38.60709899999999
  0
LINE
  5
88
100
AcDbEntity
  8
parts layout
  6
CONTINUOUS
 62
  256
370
   -1
100
AcDbLine
 10
40.77649100000002
 20
-38.60709899999999
 11
40.83937600000002
 21
-38.54584
  0
LINE
  5
89
100
AcDbEntity
  8
parts layout
  6
CONTINUOUS
 62
  256
370
   -1
100
AcDbLine
 10
40.83937600000002
 20
-38.54584
 11
40.920917
 21
-38.51330799999999
  0
LINE
  5
8A
100
AcDbEntity
  8
parts layout
  6
CONTINUOUS
 62
  256
370
   -1
100
AcDbLine
 10
40.920917
 20
-38.51330799999999
 11
41.0087
 21
-38.51445799999999
  0
LINE
  5
8B
100
AcDbEntity
  8
parts layout
  6
CONTINUOUS
 62
  256
370
   -1
100
AcDbLine
 10
63.488933
 20
-35.27048599999999
 11
62.561882
 21
-38.123656
  0
LINE
  5
8C
100
AcDbEntity
  8
parts layout
  6
CONTINUOUS
 62
  256
370
   -1
100
AcDbLine
 10
62.561882
 20
-38.123656
 11
59.423395
 21
-37.1039
  0
LINE
  5
8D
100
AcDbEntity
  8
parts layout
  6
CONTINUOUS
 62
  256
370
   -1
100
AcDbLine
 10
59.423395
 20
-37.1039
 11
60.35044600000001
 21
-34.25072999999999
  0
LINE
  5
8E
100
AcDbEntity
  8
parts layout
  6
CONTINUOUS
 62
  256
370
   -1
100
AcDbLine
 10
60.35044600000001
 20
-34.25072999999999
 11
63.488933
 21
-35.27048599999999
  0
LINE
  5
8F
100
AcDbEntity
  8
parts layout
  6
CONTINUOUS
 62
  256
370
   -1
100
AcDbLine
 10
49.76966200000001
 20
-33.483537
 11
48.84261100000001
 21
-36.33670699999999
  0
LINE
  5
90
100
AcDbEntity
  8
parts layout
  6
CONTINUOUS
 62
  256
370
   -1
100
AcDbLine
 10
48.84261100000001
 20
-36.33670699999999
 11
45.70412400000001
 21
-35.316951
  0
LINE
  5
91
100
AcDbEntity
  8
parts layout
  6
CONTINUOUS
 62
  256
370
   -1
100
AcDbLine
 10
45.70412400000001
 20
-35.316951
 11
46.63117500000001
 21
-32.463781
  0
LINE
  5
92
100
AcDbEntity
  8
parts layout
  6
CONTINUOUS
 62
  256
370
   -1
100
AcDbLine
 10
46.63117500000001
 20
-32.463781
 11
49.76966200000001
 21
-33.483537
  0
LINE
  5
93
100
AcDbEntity
  8
parts layout
  6
CONTINUOUS
 62
  256
370
   -1
100
AcDbLine
 10
41.69481000000002
 20
-35.28657
 11
42.42842100000001
 21
-35.442503
  0
LINE
  5
94
100
AcDbEntity
  8
parts layout
  6
CONTINUOUS
 62
  256
370
   -1
100
AcDbLine
 10
42.42842100000001
 20
-35.442503
 11
42.50908200000001
 21
-35.477158
  0
LINE
  5
95
100
AcDbEntity
  8
parts layout
  6
CONTINUOUS
 62
  256
370
   -1
100
AcDbLine
 10
42.50908200000001
 20
-35.477158
 11
42.57034100000001
 21
-35.540043
  0
LINE
  5
96
100
AcDbEntity
  8
parts layout
  6
CONTINUOUS
 62
  256
370
   -1
100
AcDbLine
 10
42.57034100000001
 20
-35.540043
 11
42.60287300000002
 21
-35.621583
  0
LINE
  5
97
100
AcDbEntity
  8
parts layout
  6
CONTINUOUS
 62
  256
370
   -1
100
AcDbLine
 10
42.60287300000002
 20
-35.621583
 11
42.60172400000002
 21
-35.709367
  0
LINE
  5
98
100
AcDbEntity
  8
parts layout
  6
CONTINUOUS
 62
  256
370
   -1
100
AcDbLine
 10
42.60172400000002
 20
-35.709367
 11
42.508163
 21
-36.14953299999999
  0
LINE
  5
99
100
AcDbEntity
  8
parts layout
  6
CONTINUOUS
 62
  256
370
   -1
100
AcDbLine
 10
42.508163
 20
-36.14953299999999
 11
42.47350900000001
 21
-36.23019499999999
  0
LINE
  5
9A
100
AcDbEntity
  8
parts layout
  6
CONTINUOUS
 62
  256
370
   -1
100
AcDbLine
 10
42.47350900000001
 20
-36.23019499999999
 11
42.41062400000001
 21
-36.291454
  0
LINE
  5
9B
100
AcDbEntity
  8
parts layout
  6
CONTINUOUS
 62
  256
370
   -1
100
AcDbLine
 10
42.41062400000001
 20
-36.291454
 11
42.329083
 21
-36.32398599999999
  0
LINE
  5
9C
100
AcDbEntity
  8
parts layout
  6
CONTINUOUS
 62
  256
370
   -1
100
AcDbLine
 10
42.329083
 20
-36.32398599999999
 11
42.24130000000002
 21
-36.322836
  0
LINE
  5
9D
100
AcDbEntity
  8
parts layout
  6
CONTINUOUS
 62
  256
370
   -1
100
AcDbLine
 10
42.24130000000002
 20
-36.322836
 11
41.507689
 21
-36.16690299999999
  0
LINE
  5
9E
100
AcDbEntity
  8
parts layout
  6
CONTINUOUS
 62
  256
370
   -1
100
AcDbLine
 10
41.507689
 20
-36.16690299999999
 11
41.42702800000001
 21
-36.13224799999999
  0
LINE
  5
9F
100
AcDbEntity
  8
parts layout
  6
CONTINUOUS
 62
  256
370
   -1
100
AcDbLine
 10
41.42702800000001
 20
-36.13224799999999
 11
41.365769
 21
-36.069363
  0
LINE
  5
A0
100
AcDbEntity
  8
parts layout
  6
CONTINUOUS
 62
  256
370
   -1
100
AcDbLine
 10
41.365769
 20
-36.069363
 11
41.333237
 21
-35.98782299999999
  0
LINE
  5
A1
100
AcDbEntity
  8
parts layout
  6
CONTINUOUS
 62
  256
370
   -1
100
AcDbLine
 10
41.333237
 20
-35.98782299999999
 11
41.33438600000002
 21
-35.90003899999999
  0
LINE
  5
A2
100
AcDbEntity
  8
parts layout
  6
CONTINUOUS
 62
  256
370
   -1
100
AcDbLine
 10
41.33438600000002
 20
-35.90003899999999
 11
41.42794700000002
 21
-35.459873
  0
LINE
  5
A3
100
AcDbEntity
  8
parts layout
  6
CONTINUOUS
 62
  256
370
   -1
100
AcDbLine
 10
41.42794700000002
 20
-35.459873
 11
41.46260100000001
 21
-35.379211
  0
LINE
  5
A4
100
AcDbEntity
  8
parts layout
  6
CONTINUOUS
 62
  256
370
   -1
100
AcDbLine
 10
41.46260100000001
 20
-35.379211
 11
41.525486
 21
-35.31795199999999
  0
LINE
  5
A5
100
AcDbEntity
  8
parts layout
  6
CONTINUOUS
 62
  256
370
   -1
100
AcDbLine
 10
41.525486
 20
-35.31795199999999
 11
41.60702700000002
 21
-35.28542
  0
LINE
  5
A6
100
AcDbEntity
  8
parts layout
  6
CONTINUOUS
 62
  256
370
   -1
100
AcDbLine
 10
41.60702700000002
 20
-35.28542
 11
41.69481000000002
 21
-35.28657
  0
LINE
  5
A7
100
AcDbEntity
  8
parts layout
  6
CONTINUOUS
 62
  256
370
   -1
100
AcDbLine
 10
22.27251200000001
 20
-34.488771
 11
22.35635400000001
 21
-34.514805
  0
LINE
  5
A8
100
AcDbEntity
  8
parts layout
  6
CONTINUOUS
 62
  256
370
   -1
100
AcDbLine
 10
22.35635400000001
 20
-34.514805
 11
22.42385000000002
 21
-34.570942
  0
LINE
  5
A9
100
AcDbEntity
  8
parts layout
  6
CONTINUOUS
 62
  256
370
   -1
100
AcDbLine
 10
22.42385000000002
 20
-34.570942
 11
22.46472700000001
 21
-34.648635
  0
LINE
  5
AA
100
AcDbEntity
  8
parts layout
  6
CONTINUOUS
 62
  256
370
   -1
100
AcDbLine
 10
22.46472700000001
 20
-34.648635
 11
22.47276000000002
 21
-34.736058
  0
LINE
  5
AB
100
AcDbEntity
  8
parts layout
  6
CONTINUOUS
 62
  256
370
   -1
100
AcDbLine
 10
22.47276000000002
 20
-34.736058
 11
22.42572200000001
 21
-35.183593
  0
LINE
  5
AC
100
AcDbEntity
  8
parts layout
  6
CONTINUOUS
 62
  256
370
   -1
100
AcDbLine
 10
22.42572200000001
 20
-35.183593
 11
22.39968900000002
 21
-35.26743499999999
  0
LINE
  5
AD
100
AcDbEntity
  8
parts layout
  6
CONTINUOUS
 62
  256
370
   -1
100
AcDbLine
 10
22.39968900000002
 20
-35.26743499999999
 11
22.34355200000002
 21
-35.334931
  0
LINE
  5
AE
100
AcDbEntity
  8
parts layout
  6
CONTINUOUS
 62
  256
370
   -1
100
AcDbLine
 10
22.34355200000002
 20
-35.334931
 11
22.26585800000001
 21
-35.37580799999999
  0
LINE
  5
AF
100
AcDbEntity
  8
parts layout
  6
CONTINUOUS
 62
  256
370
   -1
100
AcDbLine
 10
22.26585800000001
 20
-35.37580799999999
 11
22.178436
 21
-35.38384099999999
  0
LINE
  5
B0
100
AcDbEntity
  8
parts layout
  6
CONTINUOUS
 62
  256
370
   -1
100
AcDbLine
 10
22.178436
 20
-35.38384099999999
 11
21.43254400000001
 21
-35.30544499999999
  0
LINE
  5
B1
100
AcDbEntity
  8
parts layout
  6
CONTINUOUS
 62
  256
370
   -1
100
AcDbLine
 10
21.43254400000001
 20
-35.30544499999999
 11
21.348702
 21
-35.279411
  0
LINE
  5
B2
100
AcDbEntity
  8
parts layout
  6
CONTINUOUS
 62
  256
370
   -1
100
AcDbLine
 10
21.348702
 20
-35.279411
 11
21.281206
 21
-35.22327399999999
  0
LINE
  5
B3
100
AcDbEntity
  8
parts layout
  6
CONTINUOUS
 62
  256
370
   -1
100
AcDbLine
 10
21.281206
 20
-35.22327399999999
 11
21.240329
 21
-35.14558099999999
  0
LINE
  5
B4
100
AcDbEntity
  8
parts layout
  6
CONTINUOUS
 62
  256
370
   -1
100
AcDbLine
 10
21.240329
 20
-35.14558099999999
 11
21.23229600000002
 21
-35.05815799999999
  0
LINE
  5
B5
100
AcDbEntity
  8
parts layout
  6
CONTINUOUS
 62
  256
370
   -1
100
AcDbLine
 10
21.23229600000002
 20
-35.05815799999999
 11
21.27933400000001
 21
-34.61062299999999
  0
LINE
  5
B6
100
AcDbEntity
  8
parts layout
  6
CONTINUOUS
 62
  256
370
   -1
100
AcDbLine
 10
21.27933400000001
 20
-34.61062299999999
 11
21.30536700000002
 21
-34.526781
  0
LINE
  5
B7
100
AcDbEntity
  8
parts layout
  6
CONTINUOUS
 62
  256
370
   -1
100
AcDbLine
 10
21.30536700000002
 20
-34.526781
 11
21.36150400000002
 21
-34.45928499999999
  0
LINE
  5
B8
100
AcDbEntity
  8
parts layout
  6
CONTINUOUS
 62
  256
370
   -1
100
AcDbLine
 10
21.36150400000002
 20
-34.45928499999999
 11
21.439198
 21
-34.418408
  0
LINE
  5
B9
100
AcDbEntity
  8
parts layout
  6
CONTINUOUS
 62
  256
370
   -1
100
AcDbLine
 10
21.439198
 20
-34.418408
 11
21.52662000000001
 21
-34.410375
  0
LINE
  5
BA
100
AcDbEntity
  8
parts layout
  6
CONTINUOUS
 62
  256
370
   -1
100
AcDbLine
 10
21.52662000000001
 20
-34.410375
 11
22.27251200000001
 21
-34.488771
  0
LINE
  5
BB
100
AcDbEntity
  8
parts layout
  6
CONTINUOUS
 62
  256
370
   -1
100
AcDbLine
 10
2.521104000000008
 20
-32.728274
 11
2.594099000000014
 21
-32.77704799999999
  0
LINE
  5
BC
100
AcDbEntity
  8
parts layout
  6
CONTINUOUS
 62
  256
370
   -1
100
AcDbLine
 10
2.594099000000014
 20
-32.77704799999999
 11
2.642873000000009
 21
-32.850043
  0
LINE
  5
BD
100
AcDbEntity
  8
parts layout
  6
CONTINUOUS
 62
  256
370
   -1
100
AcDbLine
 10
2.642873000000009
 20
-32.850043
 11
2.660000000000011
 21
-32.93614699999999
  0
LINE
  5
BE
100
AcDbEntity
  8
parts layout
  6
CONTINUOUS
 62
  256
370
   -1
100
AcDbLine
 10
2.660000000000011
 20
-32.93614699999999
 11
2.660000000000011
 21
-33.38614699999999
  0
LINE
  5
BF
100
AcDbEntity
  8
parts layout
  6
CONTINUOUS
 62
  256
370
   -1
100
AcDbLine
 10
2.660000000000011
 20
-33.38614699999999
 11
2.642873000000009
 21
-33.472251
  0
LINE
  5
C0
100
AcDbEntity
  8
parts layout
  6
CONTINUOUS
 62
  256
370
   -1
100
AcDbLine
 10
2.642873000000009
 20
-33.472251
 11
2.594099000000014
 21
-33.54524599999999
  0
LINE
  5
C1
100
AcDbEntity
  8
parts layout
  6
CONTINUOUS
 62
  256
370
   -1
100
AcDbLine
 10
2.594099000000014
 20
-33.54524599999999
 11
2.521104000000008
 21
-33.59402
  0
LINE
  5
C2
100
AcDbEntity
  8
parts layout
  6
CONTINUOUS
 62
  256
370
   -1
100
AcDbLine
 10
2.521104000000008
 20
-33.59402
 11
2.435000000000016
 21
-33.611147
  0
LINE
  5
C3
100
AcDbEntity
  8
parts layout
  6
CONTINUOUS
 62
  256
370
   -1
100
AcDbLine
 10
2.435000000000016
 20
-33.611147
 11
1.685000000000016
 21
-33.611147
  0
LINE
  5
C4
100
AcDbEntity
  8
parts layout
  6
CONTINUOUS
 62
  256
370
   -1
100
AcDbLine
 10
1.685000000000016
 20
-33.611147
 11
1.598896000000011
 21
-33.59402
  0
LINE
  5
C5
100
AcDbEntity
  8
parts layout
  6
CONTINUOUS
 62
  256
370
   -1
100
AcDbLine
 10
1.598896000000011
 20
-33.59402
 11
1.525901000000019
 21
-33.54524599999999
  0
LINE
  5
C6
100
AcDbEntity
  8
parts layout
  6
CONTINUOUS
 62
  256
370
   -1
100
AcDbLine
 10
1.525901000000019
 20
-33.54524599999999
 11
1.47712700000001
 21
-33.472251
  0
LINE
  5
C7
100
AcDbEntity
  8
parts layout
  6
CONTINUOUS
 62
  256
370
   -1
100
AcDbLine
 10
1.47712700000001
 20
-33.472251
 11
1.460000000000008
 21
-33.38614699999999
  0
LINE
  5
C8
100
AcDbEntity
  8
parts layout
  6
CONTINUOUS
 62
  256
370
   -1
100
AcDbLine
 10
1.460000000000008
 20
-33.38614699999999
 11
1.460000000000008
 21
-32.93614699999999
  0
LINE
  5
C9
100
AcDbEntity
  8
parts layout
  6
CONTINUOUS
 62
  256
370
   -1
100
AcDbLine
 10
1.460000000000008
 20
-32.93614699999999
 11
1.47712700000001
 21
-32.850043
  0
LINE
  5
CA
100
AcDbEntity
  8
parts layout
  6
CONTINUOUS
 62
  256
370
   -1
100
AcDbLine
 10
1.47712700000001
 20
-32.850043
 11
1.525901000000019
 21
-32.77704799999999
  0
LINE
  5
CB
100
AcDbEntity
  8
parts layout
  6
CONTINUOUS
 62
  256
370
   -1
100
AcDbLine
 10
1.525901000000019
 20
-32.77704799999999
 11
1.598896000000011
 21
-32.728274
  0
LINE
  5
CC
100
AcDbEntity
  8
parts layout
  6
CONTINUOUS
 62
  256
370
   -1
100
AcDbLine
 10
1.598896000000011
 20
-32.728274
 11
1.685000000000016
 21
-32.711147
  0
LINE
  5
CD
100
AcDbEntity
  8
parts layout
  6
CONTINUOUS
 62
  256
370
   -1
100
AcDbLine
 10
1.685000000000016
 20
-32.711147
 11
2.435000000000016
 21
-32.711147
  0
LINE
  5
CE
100
AcDbEntity
  8
parts layout
  6
CONTINUOUS
 62
  256
370
   -1
100
AcDbLine
 10
2.435000000000016
 20
-32.711147
 11
2.521104000000008
 21
-32.728274
  0
LINE
  5
CF
100
AcDbEntity
  8
parts layout
  6
CONTINUOUS
 62
  256
370
   -1
100
AcDbLine
 10
22.617456
 20
-31.20684899999999
 11
22.70129800000001
 21
-31.232883
  0
LINE
  5
D0
100
AcDbEntity
  8
parts layout
  6
CONTINUOUS
 62
  256
370
   -1
100
AcDbLine
 10
22.70129800000001
 20
-31.232883
 11
22.76879400000001
 21
-31.28901999999999
  0
LINE
  5
D1
100
AcDbEntity
  8
parts layout
  6
CONTINUOUS
 62
  256
370
   -1
100
AcDbLine
 10
22.76879400000001
 20
-31.28901999999999
 11
22.80967100000001
 21
-31.36671299999999
  0
LINE
  5
D2
100
AcDbEntity
  8
parts layout
  6
CONTINUOUS
 62
  256
370
   -1
100
AcDbLine
 10
22.80967100000001
 20
-31.36671299999999
 11
22.81770400000002
 21
-31.45413599999999
  0
LINE
  5
D3
100
AcDbEntity
  8
parts layout
  6
CONTINUOUS
 62
  256
370
   -1
100
AcDbLine
 10
22.81770400000002
 20
-31.45413599999999
 11
22.77066600000001
 21
-31.90167099999999
  0
LINE
  5
D4
100
AcDbEntity
  8
parts layout
  6
CONTINUOUS
 62
  256
370
   -1
100
AcDbLine
 10
22.77066600000001
 20
-31.90167099999999
 11
22.74463300000002
 21
-31.985513
  0
LINE
  5
D5
100
AcDbEntity
  8
parts layout
  6
CONTINUOUS
 62
  256
370
   -1
100
AcDbLine
 10
22.74463300000002
 20
-31.985513
 11
22.68849600000001
 21
-32.053009
  0
LINE
  5
D6
100
AcDbEntity
  8
parts layout
  6
CONTINUOUS
 62
  256
370
   -1
100
AcDbLine
 10
22.68849600000001
 20
-32.053009
 11
22.61080200000001
 21
-32.093886
  0
LINE
  5
D7
100
AcDbEntity
  8
parts layout
  6
CONTINUOUS
 62
  256
370
   -1
100
AcDbLine
 10
22.61080200000001
 20
-32.093886
 11
22.52338
 21
-32.101919
  0
LINE
  5
D8
100
AcDbEntity
  8
parts layout
  6
CONTINUOUS
 62
  256
370
   -1
100
AcDbLine
 10
22.52338
 20
-32.101919
 11
21.77748800000001
 21
-32.023523
  0
LINE
  5
D9
100
AcDbEntity
  8
parts layout
  6
CONTINUOUS
 62
  256
370
   -1
100
AcDbLine
 10
21.77748800000001
 20
-32.023523
 11
21.693646
 21
-31.997489
  0
LINE
  5
DA
100
AcDbEntity
  8
parts layout
  6
CONTINUOUS
 62
  256
370
   -1
100
AcDbLine
 10
21.693646
 20
-31.997489
 11
21.62615000000002
 21
-31.94135199999999
  0
LINE
  5
DB
100
AcDbEntity
  8
parts layout
  6
CONTINUOUS
 62
  256
370
   -1
100
AcDbLine
 10
21.62615000000002
 20
-31.94135199999999
 11
21.585273
 21
-31.863659
  0
LINE
  5
DC
100
AcDbEntity
  8
parts layout
  6
CONTINUOUS
 62
  256
370
   -1
100
AcDbLine
 10
21.585273
 20
-31.863659
 11
21.57724000000002
 21
-31.776236
  0
LINE
  5
DD
100
AcDbEntity
  8
parts layout
  6
CONTINUOUS
 62
  256
370
   -1
100
AcDbLine
 10
21.57724000000002
 20
-31.776236
 11
21.624278
 21
-31.328701
  0
LINE
  5
DE
100
AcDbEntity
  8
parts layout
  6
CONTINUOUS
 62
  256
370
   -1
100
AcDbLine
 10
21.624278
 20
-31.328701
 11
21.65031100000002
 21
-31.24485899999999
  0
LINE
  5
DF
100
AcDbEntity
  8
parts layout
  6
CONTINUOUS
 62
  256
370
   -1
100
AcDbLine
 10
21.65031100000002
 20
-31.24485899999999
 11
21.70644800000002
 21
-31.177363
  0
LINE
  5
E0
100
AcDbEntity
  8
parts layout
  6
CONTINUOUS
 62
  256
370
   -1
100
AcDbLine
 10
21.70644800000002
 20
-31.177363
 11
21.784142
 21
-31.13648599999999
  0
LINE
  5
E1
100
AcDbEntity
  8
parts layout
  6
CONTINUOUS
 62
  256
370
   -1
100
AcDbLine
 10
21.784142
 20
-31.13648599999999
 11
21.87156400000001
 21
-31.12845299999999
  0
LINE
  5
E2
100
AcDbEntity
  8
parts layout
  6
CONTINUOUS
 62
  256
370
   -1
100
AcDbLine
 10
21.87156400000001
 20
-31.12845299999999
 11
22.617456
 21
-31.20684899999999
  0
LINE
  5
E3
100
AcDbEntity
  8
parts layout
  6
CONTINUOUS
 62
  256
370
   -1
100
AcDbLine
 10
43.33092600000001
 20
-29.002521
 11
42.70719100000002
 21
-31.936964
  0
LINE
  5
E4
100
AcDbEntity
  8
parts layout
  6
CONTINUOUS
 62
  256
370
   -1
100
AcDbLine
 10
42.70719100000002
 20
-31.936964
 11
39.47930400000001
 21
-31.250855
  0
LINE
  5
E5
100
AcDbEntity
  8
parts layout
  6
CONTINUOUS
 62
  256
370
   -1
100
AcDbLine
 10
39.47930400000001
 20
-31.250855
 11
40.10303900000002
 21
-28.316412
  0
LINE
  5
E6
100
AcDbEntity
  8
parts layout
  6
CONTINUOUS
 62
  256
370
   -1
100
AcDbLine
 10
40.10303900000002
 20
-28.316412
 11
43.33092600000001
 21
-29.002521
  0
LINE
  5
E7
100
AcDbEntity
  8
parts layout
  6
CONTINUOUS
 62
  256
370
   -1
100
AcDbLine
 10
29.50002400000002
 20
-28.65941699999999
 11
28.87628900000001
 21
-31.59385999999999
  0
LINE
  5
E8
100
AcDbEntity
  8
parts layout
  6
CONTINUOUS
 62
  256
370
   -1
100
AcDbLine
 10
28.87628900000001
 20
-31.59385999999999
 11
25.648402
 21
-30.90775099999999
  0
LINE
  5
E9
100
AcDbEntity
  8
parts layout
  6
CONTINUOUS
 62
  256
370
   -1
100
AcDbLine
 10
25.648402
 20
-30.90775099999999
 11
26.27213700000001
 21
-27.973308
  0
LINE
  5
EA
100
AcDbEntity
  8
parts layout
  6
CONTINUOUS
 62
  256
370
   -1
100
AcDbLine
 10
26.27213700000001
 20
-27.973308
 11
29.50002400000002
 21
-28.65941699999999
  0
LINE
  5
EB
100
AcDbEntity
  8
parts layout
  6
CONTINUOUS
 62
  256
370
   -1
100
AcDbLine
 10
2.521104000000008
 20
-29.428274
 11
2.594099000000014
 21
-29.477048
  0
LINE
  5
EC
100
AcDbEntity
  8
parts layout
  6
CONTINUOUS
 62
  256
370
   -1
100
AcDbLine
 10
2.594099000000014
 20
-29.477048
 11
2.642873000000009
 21
-29.550043
  0
LINE
  5
ED
100
AcDbEntity
  8
parts layout
  6
CONTINUOUS
 62
  256
370
   -1
100
AcDbLine
 10
2.642873000000009
 20
-29.550043
 11
2.660000000000011
 21
-29.63614699999999
  0
LINE
  5
EE
100
AcDbEntity
  8
parts layout
  6
CONTINUOUS
 62
  256
370
   -1
100
AcDbLine
 10
2.660000000000011
 20
-29.63614699999999
 11
2.660000000000011
 21
-30.086147
  0
LINE
  5
EF
100
AcDbEntity
  8
parts layout
  6
CONTINUOUS
 62
  256
370
   -1
100
AcDbLine
 10
2.660000000000011
 20
-30.086147
 11
2.642873000000009
 21
-30.172251
  0
LINE
  5
F0
100
AcDbEntity
  8
parts layout
  6
CONTINUOUS
 62
  256
370
   -1
100
AcDbLine
 10
2.642873000000009
 20
-30.172251
 11
2.594099000000014
 21
-30.24524599999999
  0
LINE
  5
F1
100
AcDbEntity
  8
parts layout
  6
CONTINUOUS
 62
  256
370
   -1
100
AcDbLine
 10
2.594099000000014
 20
-30.24524599999999
 11
2.521104000000008
 21
-30.29402
  0
LINE
  5
F2
100
AcDbEntity
  8
parts layout
  6
CONTINUOUS
 62
  256
370
   -1
100
AcDbLine
 10
2.521104000000008
 20
-30.29402
 11
2.435000000000016
 21
-30.31114699999999
  0
LINE
  5
F3
100
AcDbEntity
  8
parts layout
  6
CONTINUOUS
 62
  256
370
   -1
100
AcDbLine
 10
2.435000000000016
 20
-30.31114699999999
 11
1.685000000000016
 21
-30.31114699999999
  0
LINE
  5
F4
100
AcDbEntity
  8
parts layout
  6
CONTINUOUS
 62
  256
370
   -1
100
AcDbLine
 10
1.685000000000016
 20
-30.31114699999999
 11
1.598896000000011
 21
-30.29402
  0
LINE
  5
F5
100
AcDbEntity
  8
parts layout
  6
CONTINUOUS
 62
  256
370
   -1
100
AcDbLine
 10
1.598896000000011
 20
-30.29402
 11
1.525901000000019
 21
-30.24524599999999
  0
LINE
  5
F6
100
AcDbEntity
  8
parts layout
  6
CONTINUOUS
 62
  256
370
   -1
100
AcDbLine
 10
1.525901000000019
 20
-30.24524599999999
 11
1.47712700000001
 21
-30.172251
  0
LINE
  5
F7
100
AcDbEntity
  8
parts layout
  6
CONTINUOUS
 62
  256
370
   -1
100
AcDbLine
 10
1.47712700000001
 20
-30.172251
 11
1.460000000000008
 21
-30.086147
  0
LINE
  5
F8
100
AcDbEntity
  8
parts layout
  6
CONTINUOUS
 62
  256
370
   -1
100
AcDbLine
 10
1.460000000000008
 20
-30.086147
 11
1.460000000000008
 21
-29.63614699999999
  0
LINE
  5
F9
100
AcDbEntity
  8
parts layout
  6
CONTINUOUS
 62
  256
370
   -1
100
AcDbLine
 10
1.460000000000008
 20
-29.63614699999999
 11
1.47712700000001
 21
-29.550043
  0
LINE
  5
FA
100
AcDbEntity
  8
parts layout
  6
CONTINUOUS
 62
  256
370
   -1
100
AcDbLine
 10
1.47712700000001
 20
-29.550043
 11
1.525901000000019
 21
-29.477048
  0
LINE
  5
FB
100
AcDbEntity
  8
parts layout
  6
CONTINUOUS
 62
  256
370
   -1
100
AcDbLine
 10
1.525901000000019
 20
-29.477048
 11
1.598896000000011
 21
-29.428274
  0
LINE
  5
FC
100
AcDbEntity
  8
parts layout
  6
CONTINUOUS
 62
  256
370
   -1
100
AcDbLine
 10
1.598896000000011
 20
-29.428274
 11
1.685000000000016
 21
-29.411147
  0
LINE
  5
FD
100
AcDbEntity
  8
parts layout
  6
CONTINUOUS
 62
  256
370
   -1
100
AcDbLine
 10
1.685000000000016
 20
-29.411147
 11
2.435000000000016
 21
-29.411147
  0
LINE
  5
FE
100
AcDbEntity
  8
parts layout
  6
CONTINUOUS
 62
  256
370
   -1
100
AcDbLine
 10
2.435000000000016
 20
-29.411147
 11
2.521104000000008
 21
-29.428274
  0
LINE
  5
FF
100
AcDbEntity
  8
parts layout
  6
CONTINUOUS
 62
  256
370
   -1
100
AcDbLine
 10
8.983249000000015
 20
-25.992232
 11
8.669663000000014
 21
-28.975798
  0
LINE
  5
100
100
AcDbEntity
  8
parts layout
  6
CONTINUOUS
 62
  256
370
   -1
100
AcDbLine
 10
8.669663000000014
 20
-28.975798
 11
5.387741000000005
 21
-28.630854
  0
LINE
  5
101
100
AcDbEntity
  8
parts layout
  6
CONTINUOUS
 62
  256
370
   -1
100
AcDbLine
 10
5.387741000000005
 20
-28.630854
 11
5.701327000000006
 21
-25.647288
  0
LINE
  5
102
100
AcDbEntity
  8
parts layout
  6
CONTINUOUS
 62
  256
370
   -1
100
AcDbLine
 10
5.701327000000006
 20
-25.647288
 11
8.983249000000015
 21
-25.992232
  0
LINE
  5
103
100
AcDbEntity
  8
parts layout
  6
CONTINUOUS
 62
  256
370
   -1
100
AcDbLine
 10
-11.73999999999998
 20
-28.431147
 11
-15.03999999999999
 21
-28.431147
  0
LINE
  5
104
100
AcDbEntity
  8
parts layout
  6
CONTINUOUS
 62
  256
370
   -1
100
AcDbLine
 10
-15.03999999999999
 20
-28.431147
 11
-15.03999999999999
 21
-25.431147
  0
LINE
  5
105
100
AcDbEntity
  8
parts layout
  6
CONTINUOUS
 62
  256
370
   -1
100
AcDbLine
 10
-15.03999999999999
 20
-25.431147
 11
-11.73999999999998
 21
-25.431147
  0
LINE
  5
106
100
AcDbEntity
  8
parts layout
  6
CONTINUOUS
 62
  256
370
   -1
100
AcDbLine
 10
-11.73999999999998
 20
-25.431147
 11
-11.73999999999998
 21
-28.431147
  0
LINE
  5
107
100
AcDbEntity
  8
parts layout
  6
CONTINUOUS
 62
  256
370
   -1
100
AcDbLine
 10
22.774249
 20
-24.88773399999999
 11
22.46066300000001
 21
-27.87129999999999
  0
LINE
  5
108
100
AcDbEntity
  8
parts layout
  6
CONTINUOUS
 62
  256
370
   -1
100
AcDbLine
 10
22.46066300000001
 20
-27.87129999999999
 11
19.17874100000002
 21
-27.52635599999999
  0
LINE
  5
109
100
AcDbEntity
  8
parts layout
  6
CONTINUOUS
 62
  256
370
   -1
100
AcDbLine
 10
19.17874100000002
 20
-27.52635599999999
 11
19.49232700000002
 21
-24.54279
  0
LINE
  5
10A
100
AcDbEntity
  8
parts layout
  6
CONTINUOUS
 62
  256
370
   -1
100
AcDbLine
 10
19.49232700000002
 20
-24.54279
 11
22.774249
 21
-24.88773399999999
  0
LINE
  5
10B
100
AcDbEntity
  8
parts layout
  6
CONTINUOUS
 62
  256
370
   -1
100
AcDbLine
 10
1.860000000000014
 20
-25.891147
 11
-1.439999999999984
 21
-25.891147
  0
LINE
  5
10C
100
AcDbEntity
  8
parts layout
  6
CONTINUOUS
 62
  256
370
   -1
100
AcDbLine
 10
-1.439999999999984
 20
-25.891147
 11
-1.439999999999984
 21
-22.891147
  0
LINE
  5
10D
100
AcDbEntity
  8
parts layout
  6
CONTINUOUS
 62
  256
370
   -1
100
AcDbLine
 10
-1.439999999999984
 20
-22.891147
 11
1.860000000000014
 21
-22.891147
  0
LINE
  5
10E
100
AcDbEntity
  8
parts layout
  6
CONTINUOUS
 62
  256
370
   -1
100
AcDbLine
 10
1.860000000000014
 20
-22.891147
 11
1.860000000000014
 21
-25.891147
  0
LINE
  5
10F
100
AcDbEntity
  8
parts layout
  6
CONTINUOUS
 62
  256
370
   -1
100
AcDbLine
 10
-49.71389599999998
 20
-19.39327399999999
 11
-49.64090099999999
 21
-19.442048
  0
LINE
  5
110
100
AcDbEntity
  8
parts layout
  6
CONTINUOUS
 62
  256
370
   -1
100
AcDbLine
 10
-49.64090099999999
 20
-19.442048
 11
-49.59212699999998
 21
-19.51504299999999
  0
LINE
  5
111
100
AcDbEntity
  8
parts layout
  6
CONTINUOUS
 62
  256
370
   -1
100
AcDbLine
 10
-49.59212699999998
 20
-19.51504299999999
 11
-49.57499999999999
 21
-19.601147
  0
LINE
  5
112
100
AcDbEntity
  8
parts layout
  6
CONTINUOUS
 62
  256
370
   -1
100
AcDbLine
 10
-49.57499999999999
 20
-19.601147
 11
-49.57499999999999
 21
-20.051147
  0
LINE
  5
113
100
AcDbEntity
  8
parts layout
  6
CONTINUOUS
 62
  256
370
   -1
100
AcDbLine
 10
-49.57499999999999
 20
-20.051147
 11
-49.59212699999998
 21
-20.13725099999999
  0
LINE
  5
114
100
AcDbEntity
  8
parts layout
  6
CONTINUOUS
 62
  256
370
   -1
100
AcDbLine
 10
-49.59212699999998
 20
-20.13725099999999
 11
-49.64090099999999
 21
-20.210246
  0
LINE
  5
115
100
AcDbEntity
  8
parts layout
  6
CONTINUOUS
 62
  256
370
   -1
100
AcDbLine
 10
-49.64090099999999
 20
-20.210246
 11
-49.71389599999998
 21
-20.25901999999999
  0
LINE
  5
116
100
AcDbEntity
  8
parts layout
  6
CONTINUOUS
 62
  256
370
   -1
100
AcDbLine
 10
-49.71389599999998
 20
-20.25901999999999
 11
-49.79999999999998
 21
-20.27614699999999
  0
LINE
  5
117
100
AcDbEntity
  8
parts layout
  6
CONTINUOUS
 62
  256
370
   -1
100
AcDbLine
 10
-49.79999999999998
 20
-20.27614699999999
 11
-50.54999999999998
 21
-20.27614699999999
  0
LINE
  5
118
100
AcDbEntity
  8
parts layout
  6
CONTINUOUS
 62
  256
370
   -1
100
AcDbLine
 10
-50.54999999999998
 20
-20.27614699999999
 11
-50.63610399999999
 21
-20.25901999999999
  0
LINE
  5
119
100
AcDbEntity
  8
parts layout
  6
CONTINUOUS
 62
  256
370
   -1
100
AcDbLine
 10
-50.63610399999999
 20
-20.25901999999999
 11
-50.70909899999999
 21
-20.210246
  0
LINE
  5
11A
100
AcDbEntity
  8
parts layout
  6
CONTINUOUS
 62
  256
370
   -1
100
AcDbLine
 10
-50.70909899999999
 20
-20.210246
 11
-50.75787299999998
 21
-20.13725099999999
  0
LINE
  5
11B
100
AcDbEntity
  8
parts layout
  6
CONTINUOUS
 62
  256
370
   -1
100
AcDbLine
 10
-50.75787299999998
 20
-20.13725099999999
 11
-50.77499999999998
 21
-20.051147
  0
LINE
  5
11C
100
AcDbEntity
  8
parts layout
  6
CONTINUOUS
 62
  256
370
   -1
100
AcDbLine
 10
-50.77499999999998
 20
-20.051147
 11
-50.77499999999998
 21
-19.601147
  0
LINE
  5
11D
100
AcDbEntity
  8
parts layout
  6
CONTINUOUS
 62
  256
370
   -1
100
AcDbLine
 10
-50.77499999999998
 20
-19.601147
 11
-50.75787299999998
 21
-19.51504299999999
  0
LINE
  5
11E
100
AcDbEntity
  8
parts layout
  6
CONTINUOUS
 62
  256
370
   -1
100
AcDbLine
 10
-50.75787299999998
 20
-19.51504299999999
 11
-50.70909899999999
 21
-19.442048
  0
LINE
  5
11F
100
AcDbEntity
  8
parts layout
  6
CONTINUOUS
 62
  256
370
   -1
100
AcDbLine
 10
-50.70909899999999
 20
-19.442048
 11
-50.63610399999999
 21
-19.39327399999999
  0
LINE
  5
120
100
AcDbEntity
  8
parts layout
  6
CONTINUOUS
 62
  256
370
   -1
100
AcDbLine
 10
-50.63610399999999
 20
-19.39327399999999
 11
-50.54999999999998
 21
-19.376147
  0
LINE
  5
121
100
AcDbEntity
  8
parts layout
  6
CONTINUOUS
 62
  256
370
   -1
100
AcDbLine
 10
-50.54999999999998
 20
-19.376147
 11
-49.79999999999998
 21
-19.376147
  0
LINE
  5
122
100
AcDbEntity
  8
parts layout
  6
CONTINUOUS
 62
  256
370
   -1
100
AcDbLine
 10
-49.79999999999998
 20
-19.376147
 11
-49.71389599999998
 21
-19.39327399999999
  0
LINE
  5
123
100
AcDbEntity
  8
parts layout
  6
CONTINUOUS
 62
  256
370
   -1
100
AcDbLine
 10
-30.66389599999998
 20
-19.39327399999999
 11
-30.59090099999999
 21
-19.442048
  0
LINE
  5
124
100
AcDbEntity
  8
parts layout
  6
CONTINUOUS
 62
  256
370
   -1
100
AcDbLine
 10
-30.59090099999999
 20
-19.442048
 11
-30.54212699999998
 21
-19.51504299999999
  0
LINE
  5
125
100
AcDbEntity
  8
parts layout
  6
CONTINUOUS
 62
  256
370
   -1
100
AcDbLine
 10
-30.54212699999998
 20
-19.51504299999999
 11
-30.52499999999999
 21
-19.601147
  0
LINE
  5
126
100
AcDbEntity
  8
parts layout
  6
CONTINUOUS
 62
  256
370
   -1
100
AcDbLine
 10
-30.52499999999999
 20
-19.601147
 11
-30.52499999999999
 21
-20.051147
  0
LINE
  5
127
100
AcDbEntity
  8
parts layout
  6
CONTINUOUS
 62
  256
370
   -1
100
AcDbLine
 10
-30.52499999999999
 20
-20.051147
 11
-30.54212699999998
 21
-20.13725099999999
  0
LINE
  5
128
100
AcDbEntity
  8
parts layout
  6
CONTINUOUS
 62
  256
370
   -1
100
AcDbLine
 10
-30.54212699999998
 20
-20.13725099999999
 11
-30.59090099999999
 21
-20.210246
  0
LINE
  5
129
100
AcDbEntity
  8
parts layout
  6
CONTINUOUS
 62
  256
370
   -1
100
AcDbLine
 10
-30.59090099999999
 20
-20.210246
 11
-30.66389599999998
 21
-20.25901999999999
  0
LINE
  5
12A
100
AcDbEntity
  8
parts layout
  6
CONTINUOUS
 62
  256
370
   -1
100
AcDbLine
 10
-30.66389599999998
 20
-20.25901999999999
 11
-30.74999999999999
 21
-20.27614699999999
  0
LINE
  5
12B
100
AcDbEntity
  8
parts layout
  6
CONTINUOUS
 62
  256
370
   -1
100
AcDbLine
 10
-30.74999999999999
 20
-20.27614699999999
 11
-31.49999999999999
 21
-20.27614699999999
  0
LINE
  5
12C
100
AcDbEntity
  8
parts layout
  6
CONTINUOUS
 62
  256
370
   -1
100
AcDbLine
 10
-31.49999999999999
 20
-20.27614699999999
 11
-31.58610399999999
 21
-20.25901999999999
  0
LINE
  5
12D
100
AcDbEntity
  8
parts layout
  6
CONTINUOUS
 62
  256
370
   -1
100
AcDbLine
 10
-31.58610399999999
 20
-20.25901999999999
 11
-31.65909899999998
 21
-20.210246
  0
LINE
  5
12E
100
AcDbEntity
  8
parts layout
  6
CONTINUOUS
 62
  256
370
   -1
100
AcDbLine
 10
-31.65909899999998
 20
-20.210246
 11
-31.70787299999999
 21
-20.13725099999999
  0
LINE
  5
12F
100
AcDbEntity
  8
parts layout
  6
CONTINUOUS
 62
  256
370
   -1
100
AcDbLine
 10
-31.70787299999999
 20
-20.13725099999999
 11
-31.72499999999998
 21
-20.051147
  0
LINE
  5
130
100
AcDbEntity
  8
parts layout
  6
CONTINUOUS
 62
  256
370
   -1
100
AcDbLine
 10
-31.72499999999998
 20
-20.051147
 11
-31.72499999999998
 21
-19.601147
  0
LINE
  5
131
100
AcDbEntity
  8
parts layout
  6
CONTINUOUS
 62
  256
370
   -1
100
AcDbLine
 10
-31.72499999999998
 20
-19.601147
 11
-31.70787299999999
 21
-19.51504299999999
  0
LINE
  5
132
100
AcDbEntity
  8
parts layout
  6
CONTINUOUS
 62
  256
370
   -1
100
AcDbLine
 10
-31.70787299999999
 20
-19.51504299999999
 11
-31.65909899999998
 21
-19.442048
  0
LINE
  5
133
100
AcDbEntity
  8
parts layout
  6
CONTINUOUS
 62
  256
370
   -1
100
AcDbLine
 10
-31.65909899999998
 20
-19.442048
 11
-31.58610399999999
 21
-19.39327399999999
  0
LINE
  5
134
100
AcDbEntity
  8
parts layout
  6
CONTINUOUS
 62
  256
370
   -1
100
AcDbLine
 10
-31.58610399999999
 20
-19.39327399999999
 11
-31.49999999999999
 21
-19.376147
  0
LINE
  5
135
100
AcDbEntity
  8
parts layout
  6
CONTINUOUS
 62
  256
370
   -1
100
AcDbLine
 10
-31.49999999999999
 20
-19.376147
 11
-30.74999999999999
 21
-19.376147
  0
LINE
  5
136
100
AcDbEntity
  8
parts layout
  6
CONTINUOUS
 62
  256
370
   -1
100
AcDbLine
 10
-30.74999999999999
 20
-19.376147
 11
-30.66389599999998
 21
-19.39327399999999
  0
LINE
  5
137
100
AcDbEntity
  8
parts layout
  6
CONTINUOUS
 62
  256
370
   -1
100
AcDbLine
 10
-49.71389599999998
 20
-16.09327399999999
 11
-49.64090099999999
 21
-16.142048
  0
LINE
  5
138
100
AcDbEntity
  8
parts layout
  6
CONTINUOUS
 62
  256
370
   -1
100
AcDbLine
 10
-49.64090099999999
 20
-16.142048
 11
-49.59212699999998
 21
-16.21504299999999
  0
LINE
  5
139
100
AcDbEntity
  8
parts layout
  6
CONTINUOUS
 62
  256
370
   -1
100
AcDbLine
 10
-49.59212699999998
 20
-16.21504299999999
 11
-49.57499999999999
 21
-16.301147
  0
LINE
  5
13A
100
AcDbEntity
  8
parts layout
  6
CONTINUOUS
 62
  256
370
   -1
100
AcDbLine
 10
-49.57499999999999
 20
-16.301147
 11
-49.57499999999999
 21
-16.751147
  0
LINE
  5
13B
100
AcDbEntity
  8
parts layout
  6
CONTINUOUS
 62
  256
370
   -1
100
AcDbLine
 10
-49.57499999999999
 20
-16.751147
 11
-49.59212699999998
 21
-16.83725099999999
  0
LINE
  5
13C
100
AcDbEntity
  8
parts layout
  6
CONTINUOUS
 62
  256
370
   -1
100
AcDbLine
 10
-49.59212699999998
 20
-16.83725099999999
 11
-49.64090099999999
 21
-16.910246
  0
LINE
  5
13D
100
AcDbEntity
  8
parts layout
  6
CONTINUOUS
 62
  256
370
   -1
100
AcDbLine
 10
-49.64090099999999
 20
-16.910246
 11
-49.71389599999998
 21
-16.95902
  0
LINE
  5
13E
100
AcDbEntity
  8
parts layout
  6
CONTINUOUS
 62
  256
370
   -1
100
AcDbLine
 10
-49.71389599999998
 20
-16.95902
 11
-49.79999999999998
 21
-16.976147
  0
LINE
  5
13F
100
AcDbEntity
  8
parts layout
  6
CONTINUOUS
 62
  256
370
   -1
100
AcDbLine
 10
-49.79999999999998
 20
-16.976147
 11
-50.54999999999998
 21
-16.976147
  0
LINE
  5
140
100
AcDbEntity
  8
parts layout
  6
CONTINUOUS
 62
  256
370
   -1
100
AcDbLine
 10
-50.54999999999998
 20
-16.976147
 11
-50.63610399999999
 21
-16.95902
  0
LINE
  5
141
100
AcDbEntity
  8
parts layout
  6
CONTINUOUS
 62
  256
370
   -1
100
AcDbLine
 10
-50.63610399999999
 20
-16.95902
 11
-50.70909899999999
 21
-16.910246
  0
LINE
  5
142
100
AcDbEntity
  8
parts layout
  6
CONTINUOUS
 62
  256
370
   -1
100
AcDbLine
 10
-50.70909899999999
 20
-16.910246
 11
-50.75787299999998
 21
-16.83725099999999
  0
LINE
  5
143
100
AcDbEntity
  8
parts layout
  6
CONTINUOUS
 62
  256
370
   -1
100
AcDbLine
 10
-50.75787299999998
 20
-16.83725099999999
 11
-50.77499999999998
 21
-16.751147
  0
LINE
  5
144
100
AcDbEntity
  8
parts layout
  6
CONTINUOUS
 62
  256
370
   -1
100
AcDbLine
 10
-50.77499999999998
 20
-16.751147
 11
-50.77499999999998
 21
-16.301147
  0
LINE
  5
145
100
AcDbEntity
  8
parts layout
  6
CONTINUOUS
 62
  256
370
   -1
100
AcDbLine
 10
-50.77499999999998
 20
-16.301147
 11
-50.75787299999998
 21
-16.21504299999999
  0
LINE
  5
146
100
AcDbEntity
  8
parts layout
  6
CONTINUOUS
 62
  256
370
   -1
100
AcDbLine
 10
-50.75787299999998
 20
-16.21504299999999
 11
-50.70909899999999
 21
-16.142048
  0
LINE
  5
147
100
AcDbEntity
  8
parts layout
  6
CONTINUOUS
 62
  256
370
   -1
100
AcDbLine
 10
-50.70909899999999
 20
-16.142048
 11
-50.63610399999999
 21
-16.09327399999999
  0
LINE
  5
148
100
AcDbEntity
  8
parts layout
  6
CONTINUOUS
 62
  256
370
   -1
100
AcDbLine
 10
-50.63610399999999
 20
-16.09327399999999
 11
-50.54999999999998
 21
-16.07614699999999
  0
LINE
  5
149
100
AcDbEntity
  8
parts layout
  6
CONTINUOUS
 62
  256
370
   -1
100
AcDbLine
 10
-50.54999999999998
 20
-16.07614699999999
 11
-49.79999999999998
 21
-16.07614699999999
  0
LINE
  5
14A
100
AcDbEntity
  8
parts layout
  6
CONTINUOUS
 62
  256
370
   -1
100
AcDbLine
 10
-49.79999999999998
 20
-16.07614699999999
 11
-49.71389599999998
 21
-16.09327399999999
  0
LINE
  5
14B
100
AcDbEntity
  8
parts layout
  6
CONTINUOUS
 62
  256
370
   -1
100
AcDbLine
 10
-30.66389599999998
 20
-16.09327399999999
 11
-30.59090099999999
 21
-16.142048
  0
LINE
  5
14C
100
AcDbEntity
  8
parts layout
  6
CONTINUOUS
 62
  256
370
   -1
100
AcDbLine
 10
-30.59090099999999
 20
-16.142048
 11
-30.54212699999998
 21
-16.21504299999999
  0
LINE
  5
14D
100
AcDbEntity
  8
parts layout
  6
CONTINUOUS
 62
  256
370
   -1
100
AcDbLine
 10
-30.54212699999998
 20
-16.21504299999999
 11
-30.52499999999999
 21
-16.301147
  0
LINE
  5
14E
100
AcDbEntity
  8
parts layout
  6
CONTINUOUS
 62
  256
370
   -1
100
AcDbLine
 10
-30.52499999999999
 20
-16.301147
 11
-30.52499999999999
 21
-16.751147
  0
LINE
  5
14F
100
AcDbEntity
  8
parts layout
  6
CONTINUOUS
 62
  256
370
   -1
100
AcDbLine
 10
-30.52499999999999
 20
-16.751147
 11
-30.54212699999998
 21
-16.83725099999999
  0
LINE
  5
150
100
AcDbEntity
  8
parts layout
  6
CONTINUOUS
 62
  256
370
   -1
100
AcDbLine
 10
-30.54212699999998
 20
-16.83725099999999
 11
-30.59090099999999
 21
-16.910246
  0
LINE
  5
151
100
AcDbEntity
  8
parts layout
  6
CONTINUOUS
 62
  256
370
   -1
100
AcDbLine
 10
-30.59090099999999
 20
-16.910246
 11
-30.66389599999998
 21
-16.95902
  0
LINE
  5
152
100
AcDbEntity
  8
parts layout
  6
CONTINUOUS
 62
  256
370
   -1
100
AcDbLine
 10
-30.66389599999998
 20
-16.95902
 11
-30.74999999999999
 21
-16.976147
  0
LINE
  5
153
100
AcDbEntity
  8
parts layout
  6
CONTINUOUS
 62
  256
370
   -1
100
AcDbLine
 10
-30.74999999999999
 20
-16.976147
 11
-31.49999999999999
 21
-16.976147
  0
LINE
  5
154
100
AcDbEntity
  8
parts layout
  6
CONTINUOUS
 62
  256
370
   -1
100
AcDbLine
 10
-31.49999999999999
 20
-16.976147
 11
-31.58610399999999
 21
-16.95902
  0
LINE
  5
155
100
AcDbEntity
  8
parts layout
  6
CONTINUOUS
 62
  256
370
   -1
100
AcDbLine
 10
-31.58610399999999
 20
-16.95902
 11
-31.65909899999998
 21
-16.910246
  0
LINE
  5
156
100
AcDbEntity
  8
parts layout
  6
CONTINUOUS
 62
  256
370
   -1
100
AcDbLine
 10
-31.65909899999998
 20
-16.910246
 11
-31.70787299999999
 21
-16.83725099999999
  0
LINE
  5
157
100
AcDbEntity
  8
parts layout
  6
CONTINUOUS
 62
  256
370
   -1
100
AcDbLine
 10
-31.70787299999999
 20
-16.83725099999999
 11
-31.72499999999998
 21
-16.751147
  0
LINE
  5
158
100
AcDbEntity
  8
parts layout
  6
CONTINUOUS
 62
  256
370
   -1
100
AcDbLine
 10
-31.72499999999998
 20
-16.751147
 11
-31.72499999999998
 21
-16.301147
  0
LINE
  5
159
100
AcDbEntity
  8
parts layout
  6
CONTINUOUS
 62
  256
370
   -1
100
AcDbLine
 10
-31.72499999999998
 20
-16.301147
 11
-31.70787299999999
 21
-16.21504299999999
  0
LINE
  5
15A
100
AcDbEntity
  8
parts layout
  6
CONTINUOUS
 62
  256
370
   -1
100
AcDbLine
 10
-31.70787299999999
 20
-16.21504299999999
 11
-31.65909899999998
 21
-16.142048
  0
LINE
  5
15B
100
AcDbEntity
  8
parts layout
  6
CONTINUOUS
 62
  256
370
   -1
100
AcDbLine
 10
-31.65909899999998
 20
-16.142048
 11
-31.58610399999999
 21
-16.09327399999999
  0
LINE
  5
15C
100
AcDbEntity
  8
parts layout
  6
CONTINUOUS
 62
  256
370
   -1
100
AcDbLine
 10
-31.58610399999999
 20
-16.09327399999999
 11
-31.49999999999999
 21
-16.07614699999999
  0
LINE
  5
15D
100
AcDbEntity
  8
parts layout
  6
CONTINUOUS
 62
  256
370
   -1
100
AcDbLine
 10
-31.49999999999999
 20
-16.07614699999999
 11
-30.74999999999999
 21
-16.07614699999999
  0
LINE
  5
15E
100
AcDbEntity
  8
parts layout
  6
CONTINUOUS
 62
  256
370
   -1
100
AcDbLine
 10
-30.74999999999999
 20
-16.07614699999999
 11
-30.66389599999998
 21
-16.09327399999999
  0
LINE
  5
15F
100
AcDbEntity
  8
parts layout
  6
CONTINUOUS
 62
  256
370
   -1
100
AcDbLine
 10
45.53610400000002
 20
-15.583274
 11
45.60909900000001
 21
-15.632048
  0
LINE
  5
160
100
AcDbEntity
  8
parts layout
  6
CONTINUOUS
 62
  256
370
   -1
100
AcDbLine
 10
45.60909900000001
 20
-15.632048
 11
45.65787300000002
 21
-15.705043
  0
LINE
  5
161
100
AcDbEntity
  8
parts layout
  6
CONTINUOUS
 62
  256
370
   -1
100
AcDbLine
 10
45.65787300000002
 20
-15.705043
 11
45.67500000000001
 21
-15.791147
  0
LINE
  5
162
100
AcDbEntity
  8
parts layout
  6
CONTINUOUS
 62
  256
370
   -1
100
AcDbLine
 10
45.67500000000001
 20
-15.791147
 11
45.67500000000001
 21
-16.241147
  0
LINE
  5
163
100
AcDbEntity
  8
parts layout
  6
CONTINUOUS
 62
  256
370
   -1
100
AcDbLine
 10
45.67500000000001
 20
-16.241147
 11
45.65787300000002
 21
-16.327251
  0
LINE
  5
164
100
AcDbEntity
  8
parts layout
  6
CONTINUOUS
 62
  256
370
   -1
100
AcDbLine
 10
45.65787300000002
 20
-16.327251
 11
45.60909900000001
 21
-16.400246
  0
LINE
  5
165
100
AcDbEntity
  8
parts layout
  6
CONTINUOUS
 62
  256
370
   -1
100
AcDbLine
 10
45.60909900000001
 20
-16.400246
 11
45.53610400000002
 21
-16.44901999999999
  0
LINE
  5
166
100
AcDbEntity
  8
parts layout
  6
CONTINUOUS
 62
  256
370
   -1
100
AcDbLine
 10
45.53610400000002
 20
-16.44901999999999
 11
45.45000000000002
 21
-16.46614699999999
  0
LINE
  5
167
100
AcDbEntity
  8
parts layout
  6
CONTINUOUS
 62
  256
370
   -1
100
AcDbLine
 10
45.45000000000002
 20
-16.46614699999999
 11
44.70000000000002
 21
-16.46614699999999
  0
LINE
  5
168
100
AcDbEntity
  8
parts layout
  6
CONTINUOUS
 62
  256
370
   -1
100
AcDbLine
 10
44.70000000000002
 20
-16.46614699999999
 11
44.61389600000001
 21
-16.44901999999999
  0
LINE
  5
169
100
AcDbEntity
  8
parts layout
  6
CONTINUOUS
 62
  256
370
   -1
100
AcDbLine
 10
44.61389600000001
 20
-16.44901999999999
 11
44.54090100000002
 21
-16.400246
  0
LINE
  5
16A
100
AcDbEntity
  8
parts layout
  6
CONTINUOUS
 62
  256
370
   -1
100
AcDbLine
 10
44.54090100000002
 20
-16.400246
 11
44.49212700000001
 21
-16.327251
  0
LINE
  5
16B
100
AcDbEntity
  8
parts layout
  6
CONTINUOUS
 62
  256
370
   -1
100
AcDbLine
 10
44.49212700000001
 20
-16.327251
 11
44.47500000000002
 21
-16.241147
  0
LINE
  5
16C
100
AcDbEntity
  8
parts layout
  6
CONTINUOUS
 62
  256
370
   -1
100
AcDbLine
 10
44.47500000000002
 20
-16.241147
 11
44.47500000000002
 21
-15.791147
  0
LINE
  5
16D
100
AcDbEntity
  8
parts layout
  6
CONTINUOUS
 62
  256
370
   -1
100
AcDbLine
 10
44.47500000000002
 20
-15.791147
 11
44.49212700000001
 21
-15.705043
  0
LINE
  5
16E
100
AcDbEntity
  8
parts layout
  6
CONTINUOUS
 62
  256
370
   -1
100
AcDbLine
 10
44.49212700000001
 20
-15.705043
 11
44.54090100000002
 21
-15.632048
  0
LINE
  5
16F
100
AcDbEntity
  8
parts layout
  6
CONTINUOUS
 62
  256
370
   -1
100
AcDbLine
 10
44.54090100000002
 20
-15.632048
 11
44.61389600000001
 21
-15.583274
  0
LINE
  5
170
100
AcDbEntity
  8
parts layout
  6
CONTINUOUS
 62
  256
370
   -1
100
AcDbLine
 10
44.61389600000001
 20
-15.583274
 11
44.70000000000002
 21
-15.566147
  0
LINE
  5
171
100
AcDbEntity
  8
parts layout
  6
CONTINUOUS
 62
  256
370
   -1
100
AcDbLine
 10
44.70000000000002
 20
-15.566147
 11
45.45000000000002
 21
-15.566147
  0
LINE
  5
172
100
AcDbEntity
  8
parts layout
  6
CONTINUOUS
 62
  256
370
   -1
100
AcDbLine
 10
45.45000000000002
 20
-15.566147
 11
45.53610400000002
 21
-15.583274
  0
LINE
  5
173
100
AcDbEntity
  8
parts layout
  6
CONTINUOUS
 62
  256
370
   -1
100
AcDbLine
 10
-63.97499999999999
 20
-15.096147
 11
-67.27499999999998
 21
-15.096147
  0
LINE
  5
174
100
AcDbEntity
  8
parts layout
  6
CONTINUOUS
 62
  256
370
   -1
100
AcDbLine
 10
-67.27499999999998
 20
-15.096147
 11
-67.27499999999998
 21
-12.096147
  0
LINE
  5
175
100
AcDbEntity
  8
parts layout
  6
CONTINUOUS
 62
  256
370
   -1
100
AcDbLine
 10
-67.27499999999998
 20
-12.096147
 11
-63.97499999999999
 21
-12.096147
  0
LINE
  5
176
100
AcDbEntity
  8
parts layout
  6
CONTINUOUS
 62
  256
370
   -1
100
AcDbLine
 10
-63.97499999999999
 20
-12.096147
 11
-63.97499999999999
 21
-15.096147
  0
LINE
  5
177
100
AcDbEntity
  8
parts layout
  6
CONTINUOUS
 62
  256
370
   -1
100
AcDbLine
 10
-44.92499999999998
 20
-15.096147
 11
-48.22499999999999
 21
-15.096147
  0
LINE
  5
178
100
AcDbEntity
  8
parts layout
  6
CONTINUOUS
 62
  256
370
   -1
100
AcDbLine
 10
-48.22499999999999
 20
-15.096147
 11
-48.22499999999999
 21
-12.096147
  0
LINE
  5
179
100
AcDbEntity
  8
parts layout
  6
CONTINUOUS
 62
  256
370
   -1
100
AcDbLine
 10
-48.22499999999999
 20
-12.096147
 11
-44.92499999999998
 21
-12.096147
  0
LINE
  5
17A
100
AcDbEntity
  8
parts layout
  6
CONTINUOUS
 62
  256
370
   -1
100
AcDbLine
 10
-44.92499999999998
 20
-12.096147
 11
-44.92499999999998
 21
-15.096147
  0
LINE
  5
17B
100
AcDbEntity
  8
parts layout
  6
CONTINUOUS
 62
  256
370
   -1
100
AcDbLine
 10
-11.61389599999998
 20
-13.678274
 11
-11.54090099999999
 21
-13.727048
  0
LINE
  5
17C
100
AcDbEntity
  8
parts layout
  6
CONTINUOUS
 62
  256
370
   -1
100
AcDbLine
 10
-11.54090099999999
 20
-13.727048
 11
-11.49212699999998
 21
-13.800043
  0
LINE
  5
17D
100
AcDbEntity
  8
parts layout
  6
CONTINUOUS
 62
  256
370
   -1
100
AcDbLine
 10
-11.49212699999998
 20
-13.800043
 11
-11.47499999999999
 21
-13.88614699999999
  0
LINE
  5
17E
100
AcDbEntity
  8
parts layout
  6
CONTINUOUS
 62
  256
370
   -1
100
AcDbLine
 10
-11.47499999999999
 20
-13.88614699999999
 11
-11.47499999999999
 21
-14.336147
  0
LINE
  5
17F
100
AcDbEntity
  8
parts layout
  6
CONTINUOUS
 62
  256
370
   -1
100
AcDbLine
 10
-11.47499999999999
 20
-14.336147
 11
-11.49212699999998
 21
-14.422251
  0
LINE
  5
180
100
AcDbEntity
  8
parts layout
  6
CONTINUOUS
 62
  256
370
   -1
100
AcDbLine
 10
-11.49212699999998
 20
-14.422251
 11
-11.54090099999999
 21
-14.49524599999999
  0
LINE
  5
181
100
AcDbEntity
  8
parts layout
  6
CONTINUOUS
 62
  256
370
   -1
100
AcDbLine
 10
-11.54090099999999
 20
-14.49524599999999
 11
-11.61389599999998
 21
-14.54402
  0
LINE
  5
182
100
AcDbEntity
  8
parts layout
  6
CONTINUOUS
 62
  256
370
   -1
100
AcDbLine
 10
-11.61389599999998
 20
-14.54402
 11
-11.69999999999999
 21
-14.56114699999999
  0
LINE
  5
183
100
AcDbEntity
  8
parts layout
  6
CONTINUOUS
 62
  256
370
   -1
100
AcDbLine
 10
-11.69999999999999
 20
-14.56114699999999
 11
-12.44999999999999
 21
-14.56114699999999
  0
LINE
  5
184
100
AcDbEntity
  8
parts layout
  6
CONTINUOUS
 62
  256
370
   -1
100
AcDbLine
 10
-12.44999999999999
 20
-14.56114699999999
 11
-12.53610399999998
 21
-14.54402
  0
LINE
  5
185
100
AcDbEntity
  8
parts layout
  6
CONTINUOUS
 62
  256
370
   -1
100
AcDbLine
 10
-12.53610399999998
 20
-14.54402
 11
-12.60909899999999
 21
-14.49524599999999
  0
LINE
  5
186
100
AcDbEntity
  8
parts layout
  6
CONTINUOUS
 62
  256
370
   -1
100
AcDbLine
 10
-12.60909899999999
 20
-14.49524599999999
 11
-12.65787299999998
 21
-14.422251
  0
LINE
  5
187
100
AcDbEntity
  8
parts layout
  6
CONTINUOUS
 62
  256
370
   -1
100
AcDbLine
 10
-12.65787299999998
 20
-14.422251
 11
-12.67499999999998
 21
-14.336147
  0
LINE
  5
188
100
AcDbEntity
  8
parts layout
  6
CONTINUOUS
 62
  256
370
   -1
100
AcDbLine
 10
-12.67499999999998
 20
-14.336147
 11
-12.67499999999998
 21
-13.88614699999999
  0
LINE
  5
189
100
AcDbEntity
  8
parts layout
  6
CONTINUOUS
 62
  256
370
   -1
100
AcDbLine
 10
-12.67499999999998
 20
-13.88614699999999
 11
-12.65787299999998
 21
-13.800043
  0
LINE
  5
18A
100
AcDbEntity
  8
parts layout
  6
CONTINUOUS
 62
  256
370
   -1
100
AcDbLine
 10
-12.65787299999998
 20
-13.800043
 11
-12.60909899999999
 21
-13.727048
  0
LINE
  5
18B
100
AcDbEntity
  8
parts layout
  6
CONTINUOUS
 62
  256
370
   -1
100
AcDbLine
 10
-12.60909899999999
 20
-13.727048
 11
-12.53610399999998
 21
-13.678274
  0
LINE
  5
18C
100
AcDbEntity
  8
parts layout
  6
CONTINUOUS
 62
  256
370
   -1
100
AcDbLine
 10
-12.53610399999998
 20
-13.678274
 11
-12.44999999999999
 21
-13.661147
  0
LINE
  5
18D
100
AcDbEntity
  8
parts layout
  6
CONTINUOUS
 62
  256
370
   -1
100
AcDbLine
 10
-12.44999999999999
 20
-13.661147
 11
-11.69999999999999
 21
-13.661147
  0
LINE
  5
18E
100
AcDbEntity
  8
parts layout
  6
CONTINUOUS
 62
  256
370
   -1
100
AcDbLine
 10
-11.69999999999999
 20
-13.661147
 11
-11.61389599999998
 21
-13.678274
  0
LINE
  5
18F
100
AcDbEntity
  8
parts layout
  6
CONTINUOUS
 62
  256
370
   -1
100
AcDbLine
 10
26.48610400000001
 20
-13.678274
 11
26.559099
 21
-13.727048
  0
LINE
  5
190
100
AcDbEntity
  8
parts layout
  6
CONTINUOUS
 62
  256
370
   -1
100
AcDbLine
 10
26.559099
 20
-13.727048
 11
26.60787300000001
 21
-13.800043
  0
LINE
  5
191
100
AcDbEntity
  8
parts layout
  6
CONTINUOUS
 62
  256
370
   -1
100
AcDbLine
 10
26.60787300000001
 20
-13.800043
 11
26.625
 21
-13.88614699999999
  0
LINE
  5
192
100
AcDbEntity
  8
parts layout
  6
CONTINUOUS
 62
  256
370
   -1
100
AcDbLine
 10
26.625
 20
-13.88614699999999
 11
26.625
 21
-14.336147
  0
LINE
  5
193
100
AcDbEntity
  8
parts layout
  6
CONTINUOUS
 62
  256
370
   -1
100
AcDbLine
 10
26.625
 20
-14.336147
 11
26.60787300000001
 21
-14.422251
  0
LINE
  5
194
100
AcDbEntity
  8
parts layout
  6
CONTINUOUS
 62
  256
370
   -1
100
AcDbLine
 10
26.60787300000001
 20
-14.422251
 11
26.559099
 21
-14.49524599999999
  0
LINE
  5
195
100
AcDbEntity
  8
parts layout
  6
CONTINUOUS
 62
  256
370
   -1
100
AcDbLine
 10
26.559099
 20
-14.49524599999999
 11
26.48610400000001
 21
-14.54402
  0
LINE
  5
196
100
AcDbEntity
  8
parts layout
  6
CONTINUOUS
 62
  256
370
   -1
100
AcDbLine
 10
26.48610400000001
 20
-14.54402
 11
26.40000000000001
 21
-14.56114699999999
  0
LINE
  5
197
100
AcDbEntity
  8
parts layout
  6
CONTINUOUS
 62
  256
370
   -1
100
AcDbLine
 10
26.40000000000001
 20
-14.56114699999999
 11
25.65000000000001
 21
-14.56114699999999
  0
LINE
  5
198
100
AcDbEntity
  8
parts layout
  6
CONTINUOUS
 62
  256
370
   -1
100
AcDbLine
 10
25.65000000000001
 20
-14.56114699999999
 11
25.563896
 21
-14.54402
  0
LINE
  5
199
100
AcDbEntity
  8
parts layout
  6
CONTINUOUS
 62
  256
370
   -1
100
AcDbLine
 10
25.563896
 20
-14.54402
 11
25.49090100000001
 21
-14.49524599999999
  0
LINE
  5
19A
100
AcDbEntity
  8
parts layout
  6
CONTINUOUS
 62
  256
370
   -1
100
AcDbLine
 10
25.49090100000001
 20
-14.49524599999999
 11
25.442127
 21
-14.422251
  0
LINE
  5
19B
100
AcDbEntity
  8
parts layout
  6
CONTINUOUS
 62
  256
370
   -1
100
AcDbLine
 10
25.442127
 20
-14.422251
 11
25.42500000000001
 21
-14.336147
  0
LINE
  5
19C
100
AcDbEntity
  8
parts layout
  6
CONTINUOUS
 62
  256
370
   -1
100
AcDbLine
 10
25.42500000000001
 20
-14.336147
 11
25.42500000000001
 21
-13.88614699999999
  0
LINE
  5
19D
100
AcDbEntity
  8
parts layout
  6
CONTINUOUS
 62
  256
370
   -1
100
AcDbLine
 10
25.42500000000001
 20
-13.88614699999999
 11
25.442127
 21
-13.800043
  0
LINE
  5
19E
100
AcDbEntity
  8
parts layout
  6
CONTINUOUS
 62
  256
370
   -1
100
AcDbLine
 10
25.442127
 20
-13.800043
 11
25.49090100000001
 21
-13.727048
  0
LINE
  5
19F
100
AcDbEntity
  8
parts layout
  6
CONTINUOUS
 62
  256
370
   -1
100
AcDbLine
 10
25.49090100000001
 20
-13.727048
 11
25.563896
 21
-13.678274
  0
LINE
  5
1A0
100
AcDbEntity
  8
parts layout
  6
CONTINUOUS
 62
  256
370
   -1
100
AcDbLine
 10
25.563896
 20
-13.678274
 11
25.65000000000001
 21
-13.661147
  0
LINE
  5
1A1
100
AcDbEntity
  8
parts layout
  6
CONTINUOUS
 62
  256
370
   -1
100
AcDbLine
 10
25.65000000000001
 20
-13.661147
 11
26.40000000000001
 21
-13.661147
  0
LINE
  5
1A2
100
AcDbEntity
  8
parts layout
  6
CONTINUOUS
 62
  256
370
   -1
100
AcDbLine
 10
26.40000000000001
 20
-13.661147
 11
26.48610400000001
 21
-13.678274
  0
LINE
  5
1A3
100
AcDbEntity
  8
parts layout
  6
CONTINUOUS
 62
  256
370
   -1
100
AcDbLine
 10
45.53610400000002
 20
-12.28327399999999
 11
45.60909900000001
 21
-12.332048
  0
LINE
  5
1A4
100
AcDbEntity
  8
parts layout
  6
CONTINUOUS
 62
  256
370
   -1
100
AcDbLine
 10
45.60909900000001
 20
-12.332048
 11
45.65787300000002
 21
-12.40504299999999
  0
LINE
  5
1A5
100
AcDbEntity
  8
parts layout
  6
CONTINUOUS
 62
  256
370
   -1
100
AcDbLine
 10
45.65787300000002
 20
-12.40504299999999
 11
45.67500000000001
 21
-12.491147
  0
LINE
  5
1A6
100
AcDbEntity
  8
parts layout
  6
CONTINUOUS
 62
  256
370
   -1
100
AcDbLine
 10
45.67500000000001
 20
-12.491147
 11
45.67500000000001
 21
-12.941147
  0
LINE
  5
1A7
100
AcDbEntity
  8
parts layout
  6
CONTINUOUS
 62
  256
370
   -1
100
AcDbLine
 10
45.67500000000001
 20
-12.941147
 11
45.65787300000002
 21
-13.02725099999999
  0
LINE
  5
1A8
100
AcDbEntity
  8
parts layout
  6
CONTINUOUS
 62
  256
370
   -1
100
AcDbLine
 10
45.65787300000002
 20
-13.02725099999999
 11
45.60909900000001
 21
-13.100246
  0
LINE
  5
1A9
100
AcDbEntity
  8
parts layout
  6
CONTINUOUS
 62
  256
370
   -1
100
AcDbLine
 10
45.60909900000001
 20
-13.100246
 11
45.53610400000002
 21
-13.14901999999999
  0
LINE
  5
1AA
100
AcDbEntity
  8
parts layout
  6
CONTINUOUS
 62
  256
370
   -1
100
AcDbLine
 10
45.53610400000002
 20
-13.14901999999999
 11
45.45000000000002
 21
-13.166147
  0
LINE
  5
1AB
100
AcDbEntity
  8
parts layout
  6
CONTINUOUS
 62
  256
370
   -1
100
AcDbLine
 10
45.45000000000002
 20
-13.166147
 11
44.70000000000002
 21
-13.166147
  0
LINE
  5
1AC
100
AcDbEntity
  8
parts layout
  6
CONTINUOUS
 62
  256
370
   -1
100
AcDbLine
 10
44.70000000000002
 20
-13.166147
 11
44.61389600000001
 21
-13.14901999999999
  0
LINE
  5
1AD
100
AcDbEntity
  8
parts layout
  6
CONTINUOUS
 62
  256
370
   -1
100
AcDbLine
 10
44.61389600000001
 20
-13.14901999999999
 11
44.54090100000002
 21
-13.100246
  0
LINE
  5
1AE
100
AcDbEntity
  8
parts layout
  6
CONTINUOUS
 62
  256
370
   -1
100
AcDbLine
 10
44.54090100000002
 20
-13.100246
 11
44.49212700000001
 21
-13.02725099999999
  0
LINE
  5
1AF
100
AcDbEntity
  8
parts layout
  6
CONTINUOUS
 62
  256
370
   -1
100
AcDbLine
 10
44.49212700000001
 20
-13.02725099999999
 11
44.47500000000002
 21
-12.941147
  0
LINE
  5
1B0
100
AcDbEntity
  8
parts layout
  6
CONTINUOUS
 62
  256
370
   -1
100
AcDbLine
 10
44.47500000000002
 20
-12.941147
 11
44.47500000000002
 21
-12.491147
  0
LINE
  5
1B1
100
AcDbEntity
  8
parts layout
  6
CONTINUOUS
 62
  256
370
   -1
100
AcDbLine
 10
44.47500000000002
 20
-12.491147
 11
44.49212700000001
 21
-12.40504299999999
  0
LINE
  5
1B2
100
AcDbEntity
  8
parts layout
  6
CONTINUOUS
 62
  256
370
   -1
100
AcDbLine
 10
44.49212700000001
 20
-12.40504299999999
 11
44.54090100000002
 21
-12.332048
  0
LINE
  5
1B3
100
AcDbEntity
  8
parts layout
  6
CONTINUOUS
 62
  256
370
   -1
100
AcDbLine
 10
44.54090100000002
 20
-12.332048
 11
44.61389600000001
 21
-12.28327399999999
  0
LINE
  5
1B4
100
AcDbEntity
  8
parts layout
  6
CONTINUOUS
 62
  256
370
   -1
100
AcDbLine
 10
44.61389600000001
 20
-12.28327399999999
 11
44.70000000000002
 21
-12.266147
  0
LINE
  5
1B5
100
AcDbEntity
  8
parts layout
  6
CONTINUOUS
 62
  256
370
   -1
100
AcDbLine
 10
44.70000000000002
 20
-12.266147
 11
45.45000000000002
 21
-12.266147
  0
LINE
  5
1B6
100
AcDbEntity
  8
parts layout
  6
CONTINUOUS
 62
  256
370
   -1
100
AcDbLine
 10
45.45000000000002
 20
-12.266147
 11
45.53610400000002
 21
-12.28327399999999
  0
LINE
  5
1B7
100
AcDbEntity
  8
parts layout
  6
CONTINUOUS
 62
  256
370
   -1
100
AcDbLine
 10
7.436104000000014
 20
-11.773274
 11
7.509099000000006
 21
-11.822048
  0
LINE
  5
1B8
100
AcDbEntity
  8
parts layout
  6
CONTINUOUS
 62
  256
370
   -1
100
AcDbLine
 10
7.509099000000006
 20
-11.822048
 11
7.557873000000015
 21
-11.895043
  0
LINE
  5
1B9
100
AcDbEntity
  8
parts layout
  6
CONTINUOUS
 62
  256
370
   -1
100
AcDbLine
 10
7.557873000000015
 20
-11.895043
 11
7.575000000000017
 21
-11.98114699999999
  0
LINE
  5
1BA
100
AcDbEntity
  8
parts layout
  6
CONTINUOUS
 62
  256
370
   -1
100
AcDbLine
 10
7.575000000000017
 20
-11.98114699999999
 11
7.575000000000017
 21
-12.431147
  0
LINE
  5
1BB
100
AcDbEntity
  8
parts layout
  6
CONTINUOUS
 62
  256
370
   -1
100
AcDbLine
 10
7.575000000000017
 20
-12.431147
 11
7.557873000000015
 21
-12.517251
  0
LINE
  5
1BC
100
AcDbEntity
  8
parts layout
  6
CONTINUOUS
 62
  256
370
   -1
100
AcDbLine
 10
7.557873000000015
 20
-12.517251
 11
7.509099000000006
 21
-12.59024599999999
  0
LINE
  5
1BD
100
AcDbEntity
  8
parts layout
  6
CONTINUOUS
 62
  256
370
   -1
100
AcDbLine
 10
7.509099000000006
 20
-12.59024599999999
 11
7.436104000000014
 21
-12.63902
  0
LINE
  5
1BE
100
AcDbEntity
  8
parts layout
  6
CONTINUOUS
 62
  256
370
   -1
100
AcDbLine
 10
7.436104000000014
 20
-12.63902
 11
7.350000000000009
 21
-12.656147
  0
LINE
  5
1BF
100
AcDbEntity
  8
parts layout
  6
CONTINUOUS
 62
  256
370
   -1
100
AcDbLine
 10
7.350000000000009
 20
-12.656147
 11
6.600000000000009
 21
-12.656147
  0
LINE
  5
1C0
100
AcDbEntity
  8
parts layout
  6
CONTINUOUS
 62
  256
370
   -1
100
AcDbLine
 10
6.600000000000009
 20
-12.656147
 11
6.513896000000017
 21
-12.63902
  0
LINE
  5
1C1
100
AcDbEntity
  8
parts layout
  6
CONTINUOUS
 62
  256
370
   -1
100
AcDbLine
 10
6.513896000000017
 20
-12.63902
 11
6.440901000000011
 21
-12.59024599999999
  0
LINE
  5
1C2
100
AcDbEntity
  8
parts layout
  6
CONTINUOUS
 62
  256
370
   -1
100
AcDbLine
 10
6.440901000000011
 20
-12.59024599999999
 11
6.392127000000016
 21
-12.517251
  0
LINE
  5
1C3
100
AcDbEntity
  8
parts layout
  6
CONTINUOUS
 62
  256
370
   -1
100
AcDbLine
 10
6.392127000000016
 20
-12.517251
 11
6.375000000000014
 21
-12.431147
  0
LINE
  5
1C4
100
AcDbEntity
  8
parts layout
  6
CONTINUOUS
 62
  256
370
   -1
100
AcDbLine
 10
6.375000000000014
 20
-12.431147
 11
6.375000000000014
 21
-11.98114699999999
  0
LINE
  5
1C5
100
AcDbEntity
  8
parts layout
  6
CONTINUOUS
 62
  256
370
   -1
100
AcDbLine
 10
6.375000000000014
 20
-11.98114699999999
 11
6.392127000000016
 21
-11.895043
  0
LINE
  5
1C6
100
AcDbEntity
  8
parts layout
  6
CONTINUOUS
 62
  256
370
   -1
100
AcDbLine
 10
6.392127000000016
 20
-11.895043
 11
6.440901000000011
 21
-11.822048
  0
LINE
  5
1C7
100
AcDbEntity
  8
parts layout
  6
CONTINUOUS
 62
  256
370
   -1
100
AcDbLine
 10
6.440901000000011
 20
-11.822048
 11
6.513896000000017
 21
-11.773274
  0
LINE
  5
1C8
100
AcDbEntity
  8
parts layout
  6
CONTINUOUS
 62
  256
370
   -1
100
AcDbLine
 10
6.513896000000017
 20
-11.773274
 11
6.600000000000009
 21
-11.756147
  0
LINE
  5
1C9
100
AcDbEntity
  8
parts layout
  6
CONTINUOUS
 62
  256
370
   -1
100
AcDbLine
 10
6.600000000000009
 20
-11.756147
 11
7.350000000000009
 21
-11.756147
  0
LINE
  5
1CA
100
AcDbEntity
  8
parts layout
  6
CONTINUOUS
 62
  256
370
   -1
100
AcDbLine
 10
7.350000000000009
 20
-11.756147
 11
7.436104000000014
 21
-11.773274
  0
LINE
  5
1CB
100
AcDbEntity
  8
parts layout
  6
CONTINUOUS
 62
  256
370
   -1
100
AcDbLine
 10
-50.37499999999999
 20
-12.556147
 11
-53.67499999999998
 21
-12.556147
  0
LINE
  5
1CC
100
AcDbEntity
  8
parts layout
  6
CONTINUOUS
 62
  256
370
   -1
100
AcDbLine
 10
-53.67499999999998
 20
-12.556147
 11
-53.67499999999998
 21
-9.556146999999996
  0
LINE
  5
1CD
100
AcDbEntity
  8
parts layout
  6
CONTINUOUS
 62
  256
370
   -1
100
AcDbLine
 10
-53.67499999999998
 20
-9.556146999999996
 11
-50.37499999999999
 21
-9.556146999999996
  0
LINE
  5
1CE
100
AcDbEntity
  8
parts layout
  6
CONTINUOUS
 62
  256
370
   -1
100
AcDbLine
 10
-50.37499999999999
 20
-9.556146999999996
 11
-50.37499999999999
 21
-12.556147
  0
LINE
  5
1CF
100
AcDbEntity
  8
parts layout
  6
CONTINUOUS
 62
  256
370
   -1
100
AcDbLine
 10
-31.32499999999999
 20
-12.556147
 11
-34.62499999999999
 21
-12.556147
  0
LINE
  5
1D0
100
AcDbEntity
  8
parts layout
  6
CONTINUOUS
 62
  256
370
   -1
100
AcDbLine
 10
-34.62499999999999
 20
-12.556147
 11
-34.62499999999999
 21
-9.556146999999996
  0
LINE
  5
1D1
100
AcDbEntity
  8
parts layout
  6
CONTINUOUS
 62
  256
370
   -1
100
AcDbLine
 10
-34.62499999999999
 20
-9.556146999999996
 11
-31.32499999999999
 21
-9.556146999999996
  0
LINE
  5
1D2
100
AcDbEntity
  8
parts layout
  6
CONTINUOUS
 62
  256
370
   -1
100
AcDbLine
 10
-31.32499999999999
 20
-9.556146999999996
 11
-31.32499999999999
 21
-12.556147
  0
LINE
  5
1D3
100
AcDbEntity
  8
parts layout
  6
CONTINUOUS
 62
  256
370
   -1
100
AcDbLine
 10
31.27500000000001
 20
-11.286147
 11
27.97500000000002
 21
-11.286147
  0
LINE
  5
1D4
100
AcDbEntity
  8
parts layout
  6
CONTINUOUS
 62
  256
370
   -1
100
AcDbLine
 10
27.97500000000002
 20
-11.286147
 11
27.97500000000002
 21
-8.286147
  0
LINE
  5
1D5
100
AcDbEntity
  8
parts layout
  6
CONTINUOUS
 62
  256
370
   -1
100
AcDbLine
 10
27.97500000000002
 20
-8.286147
 11
31.27500000000001
 21
-8.286147
  0
LINE
  5
1D6
100
AcDbEntity
  8
parts layout
  6
CONTINUOUS
 62
  256
370
   -1
100
AcDbLine
 10
31.27500000000001
 20
-8.286147
 11
31.27500000000001
 21
-11.286147
  0
LINE
  5
1D7
100
AcDbEntity
  8
parts layout
  6
CONTINUOUS
 62
  256
370
   -1
100
AcDbLine
 10
-11.61389599999998
 20
-10.37827399999999
 11
-11.54090099999999
 21
-10.427048
  0
LINE
  5
1D8
100
AcDbEntity
  8
parts layout
  6
CONTINUOUS
 62
  256
370
   -1
100
AcDbLine
 10
-11.54090099999999
 20
-10.427048
 11
-11.49212699999998
 21
-10.50004299999999
  0
LINE
  5
1D9
100
AcDbEntity
  8
parts layout
  6
CONTINUOUS
 62
  256
370
   -1
100
AcDbLine
 10
-11.49212699999998
 20
-10.50004299999999
 11
-11.47499999999999
 21
-10.586147
  0
LINE
  5
1DA
100
AcDbEntity
  8
parts layout
  6
CONTINUOUS
 62
  256
370
   -1
100
AcDbLine
 10
-11.47499999999999
 20
-10.586147
 11
-11.47499999999999
 21
-11.036147
  0
LINE
  5
1DB
100
AcDbEntity
  8
parts layout
  6
CONTINUOUS
 62
  256
370
   -1
100
AcDbLine
 10
-11.47499999999999
 20
-11.036147
 11
-11.49212699999998
 21
-11.12225099999999
  0
LINE
  5
1DC
100
AcDbEntity
  8
parts layout
  6
CONTINUOUS
 62
  256
370
   -1
100
AcDbLine
 10
-11.49212699999998
 20
-11.12225099999999
 11
-11.54090099999999
 21
-11.195246
  0
LINE
  5
1DD
100
AcDbEntity
  8
parts layout
  6
CONTINUOUS
 62
  256
370
   -1
100
AcDbLine
 10
-11.54090099999999
 20
-11.195246
 11
-11.61389599999998
 21
-11.24401999999999
  0
LINE
  5
1DE
100
AcDbEntity
  8
parts layout
  6
CONTINUOUS
 62
  256
370
   -1
100
AcDbLine
 10
-11.61389599999998
 20
-11.24401999999999
 11
-11.69999999999999
 21
-11.26114699999999
  0
LINE
  5
1DF
100
AcDbEntity
  8
parts layout
  6
CONTINUOUS
 62
  256
370
   -1
100
AcDbLine
 10
-11.69999999999999
 20
-11.26114699999999
 11
-12.44999999999999
 21
-11.26114699999999
  0
LINE
  5
1E0
100
AcDbEntity
  8
parts layout
  6
CONTINUOUS
 62
  256
370
   -1
100
AcDbLine
 10
-12.44999999999999
 20
-11.26114699999999
 11
-12.53610399999998
 21
-11.24401999999999
  0
LINE
  5
1E1
100
AcDbEntity
  8
parts layout
  6
CONTINUOUS
 62
  256
370
   -1
100
AcDbLine
 10
-12.53610399999998
 20
-11.24401999999999
 11
-12.60909899999999
 21
-11.195246
  0
LINE
  5
1E2
100
AcDbEntity
  8
parts layout
  6
CONTINUOUS
 62
  256
370
   -1
100
AcDbLine
 10
-12.60909899999999
 20
-11.195246
 11
-12.65787299999998
 21
-11.12225099999999
  0
LINE
  5
1E3
100
AcDbEntity
  8
parts layout
  6
CONTINUOUS
 62
  256
370
   -1
100
AcDbLine
 10
-12.65787299999998
 20
-11.12225099999999
 11
-12.67499999999998
 21
-11.036147
  0
LINE
  5
1E4
100
AcDbEntity
  8
parts layout
  6
CONTINUOUS
 62
  256
370
   -1
100
AcDbLine
 10
-12.67499999999998
 20
-11.036147
 11
-12.67499999999998
 21
-10.586147
  0
LINE
  5
1E5
100
AcDbEntity
  8
parts layout
  6
CONTINUOUS
 62
  256
370
   -1
100
AcDbLine
 10
-12.67499999999998
 20
-10.586147
 11
-12.65787299999998
 21
-10.50004299999999
  0
LINE
  5
1E6
100
AcDbEntity
  8
parts layout
  6
CONTINUOUS
 62
  256
370
   -1
100
AcDbLine
 10
-12.65787299999998
 20
-10.50004299999999
 11
-12.60909899999999
 21
-10.427048
  0
LINE
  5
1E7
100
AcDbEntity
  8
parts layout
  6
CONTINUOUS
 62
  256
370
   -1
100
AcDbLine
 10
-12.60909899999999
 20
-10.427048
 11
-12.53610399999998
 21
-10.37827399999999
  0
LINE
  5
1E8
100
AcDbEntity
  8
parts layout
  6
CONTINUOUS
 62
  256
370
   -1
100
AcDbLine
 10
-12.53610399999998
 20
-10.37827399999999
 11
-12.44999999999999
 21
-10.361147
  0
LINE
  5
1E9
100
AcDbEntity
  8
parts layout
  6
CONTINUOUS
 62
  256
370
   -1
100
AcDbLine
 10
-12.44999999999999
 20
-10.361147
 11
-11.69999999999999
 21
-10.361147
  0
LINE
  5
1EA
100
AcDbEntity
  8
parts layout
  6
CONTINUOUS
 62
  256
370
   -1
100
AcDbLine
 10
-11.69999999999999
 20
-10.361147
 11
-11.61389599999998
 21
-10.37827399999999
  0
LINE
  5
1EB
100
AcDbEntity
  8
parts layout
  6
CONTINUOUS
 62
  256
370
   -1
100
AcDbLine
 10
26.48610400000001
 20
-10.37827399999999
 11
26.559099
 21
-10.427048
  0
LINE
  5
1EC
100
AcDbEntity
  8
parts layout
  6
CONTINUOUS
 62
  256
370
   -1
100
AcDbLine
 10
26.559099
 20
-10.427048
 11
26.60787300000001
 21
-10.50004299999999
  0
LINE
  5
1ED
100
AcDbEntity
  8
parts layout
  6
CONTINUOUS
 62
  256
370
   -1
100
AcDbLine
 10
26.60787300000001
 20
-10.50004299999999
 11
26.625
 21
-10.586147
  0
LINE
  5
1EE
100
AcDbEntity
  8
parts layout
  6
CONTINUOUS
 62
  256
370
   -1
100
AcDbLine
 10
26.625
 20
-10.586147
 11
26.625
 21
-11.036147
  0
LINE
  5
1EF
100
AcDbEntity
  8
parts layout
  6
CONTINUOUS
 62
  256
370
   -1
100
AcDbLine
 10
26.625
 20
-11.036147
 11
26.60787300000001
 21
-11.12225099999999
  0
LINE
  5
1F0
100
AcDbEntity
  8
parts layout
  6
CONTINUOUS
 62
  256
370
   -1
100
AcDbLine
 10
26.60787300000001
 20
-11.12225099999999
 11
26.559099
 21
-11.195246
  0
LINE
  5
1F1
100
AcDbEntity
  8
parts layout
  6
CONTINUOUS
 62
  256
370
   -1
100
AcDbLine
 10
26.559099
 20
-11.195246
 11
26.48610400000001
 21
-11.24401999999999
  0
LINE
  5
1F2
100
AcDbEntity
  8
parts layout
  6
CONTINUOUS
 62
  256
370
   -1
100
AcDbLine
 10
26.48610400000001
 20
-11.24401999999999
 11
26.40000000000001
 21
-11.26114699999999
  0
LINE
  5
1F3
100
AcDbEntity
  8
parts layout
  6
CONTINUOUS
 62
  256
370
   -1
100
AcDbLine
 10
26.40000000000001
 20
-11.26114699999999
 11
25.65000000000001
 21
-11.26114699999999
  0
LINE
  5
1F4
100
AcDbEntity
  8
parts layout
  6
CONTINUOUS
 62
  256
370
   -1
100
AcDbLine
 10
25.65000000000001
 20
-11.26114699999999
 11
25.563896
 21
-11.24401999999999
  0
LINE
  5
1F5
100
AcDbEntity
  8
parts layout
  6
CONTINUOUS
 62
  256
370
   -1
100
AcDbLine
 10
25.563896
 20
-11.24401999999999
 11
25.49090100000001
 21
-11.195246
  0
LINE
  5
1F6
100
AcDbEntity
  8
parts layout
  6
CONTINUOUS
 62
  256
370
   -1
100
AcDbLine
 10
25.49090100000001
 20
-11.195246
 11
25.442127
 21
-11.12225099999999
  0
LINE
  5
1F7
100
AcDbEntity
  8
parts layout
  6
CONTINUOUS
 62
  256
370
   -1
100
AcDbLine
 10
25.442127
 20
-11.12225099999999
 11
25.42500000000001
 21
-11.036147
  0
LINE
  5
1F8
100
AcDbEntity
  8
parts layout
  6
CONTINUOUS
 62
  256
370
   -1
100
AcDbLine
 10
25.42500000000001
 20
-11.036147
 11
25.42500000000001
 21
-10.586147
  0
LINE
  5
1F9
100
AcDbEntity
  8
parts layout
  6
CONTINUOUS
 62
  256
370
   -1
100
AcDbLine
 10
25.42500000000001
 20
-10.586147
 11
25.442127
 21
-10.50004299999999
  0
LINE
  5
1FA
100
AcDbEntity
  8
parts layout
  6
CONTINUOUS
 62
  256
370
   -1
100
AcDbLine
 10
25.442127
 20
-10.50004299999999
 11
25.49090100000001
 21
-10.427048
  0
LINE
  5
1FB
100
AcDbEntity
  8
parts layout
  6
CONTINUOUS
 62
  256
370
   -1
100
AcDbLine
 10
25.49090100000001
 20
-10.427048
 11
25.563896
 21
-10.37827399999999
  0
LINE
  5
1FC
100
AcDbEntity
  8
parts layout
  6
CONTINUOUS
 62
  256
370
   -1
100
AcDbLine
 10
25.563896
 20
-10.37827399999999
 11
25.65000000000001
 21
-10.361147
  0
LINE
  5
1FD
100
AcDbEntity
  8
parts layout
  6
CONTINUOUS
 62
  256
370
   -1
100
AcDbLine
 10
25.65000000000001
 20
-10.361147
 11
26.40000000000001
 21
-10.361147
  0
LINE
  5
1FE
100
AcDbEntity
  8
parts layout
  6
CONTINUOUS
 62
  256
370
   -1
100
AcDbLine
 10
26.40000000000001
 20
-10.361147
 11
26.48610400000001
 21
-10.37827399999999
  0
LINE
  5
1FF
100
AcDbEntity
  8
parts layout
  6
CONTINUOUS
 62
  256
370
   -1
100
AcDbLine
 10
-25.87499999999999
 20
-9.381146999999999
 11
-29.17499999999998
 21
-9.381146999999999
  0
LINE
  5
200
100
AcDbEntity
  8
parts layout
  6
CONTINUOUS
 62
  256
370
   -1
100
AcDbLine
 10
-29.17499999999998
 20
-9.381146999999999
 11
-29.17499999999998
 21
-6.381146999999999
  0
LINE
  5
201
100
AcDbEntity
  8
parts layout
  6
CONTINUOUS
 62
  256
370
   -1
100
AcDbLine
 10
-29.17499999999998
 20
-6.381146999999999
 11
-25.87499999999999
 21
-6.381146999999999
  0
LINE
  5
202
100
AcDbEntity
  8
parts layout
  6
CONTINUOUS
 62
  256
370
   -1
100
AcDbLine
 10
-25.87499999999999
 20
-6.381146999999999
 11
-25.87499999999999
 21
-9.381146999999999
  0
LINE
  5
203
100
AcDbEntity
  8
parts layout
  6
CONTINUOUS
 62
  256
370
   -1
100
AcDbLine
 10
12.22500000000001
 20
-9.381146999999999
 11
8.925000000000011
 21
-9.381146999999999
  0
LINE
  5
204
100
AcDbEntity
  8
parts layout
  6
CONTINUOUS
 62
  256
370
   -1
100
AcDbLine
 10
8.925000000000011
 20
-9.381146999999999
 11
8.925000000000011
 21
-6.381146999999999
  0
LINE
  5
205
100
AcDbEntity
  8
parts layout
  6
CONTINUOUS
 62
  256
370
   -1
100
AcDbLine
 10
8.925000000000011
 20
-6.381146999999999
 11
12.22500000000001
 21
-6.381146999999999
  0
LINE
  5
206
100
AcDbEntity
  8
parts layout
  6
CONTINUOUS
 62
  256
370
   -1
100
AcDbLine
 10
12.22500000000001
 20
-6.381146999999999
 11
12.22500000000001
 21
-9.381146999999999
  0
LINE
  5
207
100
AcDbEntity
  8
parts layout
  6
CONTINUOUS
 62
  256
370
   -1
100
AcDbLine
 10
7.436104000000014
 20
-8.473274000000004
 11
7.509099000000006
 21
-8.522047999999998
  0
LINE
  5
208
100
AcDbEntity
  8
parts layout
  6
CONTINUOUS
 62
  256
370
   -1
100
AcDbLine
 10
7.509099000000006
 20
-8.522047999999998
 11
7.557873000000015
 21
-8.595043000000004
  0
LINE
  5
209
100
AcDbEntity
  8
parts layout
  6
CONTINUOUS
 62
  256
370
   -1
100
AcDbLine
 10
7.557873000000015
 20
-8.595043000000004
 11
7.575000000000017
 21
-8.681146999999996
  0
LINE
  5
20A
100
AcDbEntity
  8
parts layout
  6
CONTINUOUS
 62
  256
370
   -1
100
AcDbLine
 10
7.575000000000017
 20
-8.681146999999996
 11
7.575000000000017
 21
-9.131146999999999
  0
LINE
  5
20B
100
AcDbEntity
  8
parts layout
  6
CONTINUOUS
 62
  256
370
   -1
100
AcDbLine
 10
7.575000000000017
 20
-9.131146999999999
 11
7.557873000000015
 21
-9.21725099999999
  0
LINE
  5
20C
100
AcDbEntity
  8
parts layout
  6
CONTINUOUS
 62
  256
370
   -1
100
AcDbLine
 10
7.557873000000015
 20
-9.21725099999999
 11
7.509099000000006
 21
-9.290245999999996
  0
LINE
  5
20D
100
AcDbEntity
  8
parts layout
  6
CONTINUOUS
 62
  256
370
   -1
100
AcDbLine
 10
7.509099000000006
 20
-9.290245999999996
 11
7.436104000000014
 21
-9.339019999999991
  0
LINE
  5
20E
100
AcDbEntity
  8
parts layout
  6
CONTINUOUS
 62
  256
370
   -1
100
AcDbLine
 10
7.436104000000014
 20
-9.339019999999991
 11
7.350000000000009
 21
-9.356146999999993
  0
LINE
  5
20F
100
AcDbEntity
  8
parts layout
  6
CONTINUOUS
 62
  256
370
   -1
100
AcDbLine
 10
7.350000000000009
 20
-9.356146999999993
 11
6.600000000000009
 21
-9.356146999999993
  0
LINE
  5
210
100
AcDbEntity
  8
parts layout
  6
CONTINUOUS
 62
  256
370
   -1
100
AcDbLine
 10
6.600000000000009
 20
-9.356146999999993
 11
6.513896000000017
 21
-9.339019999999991
  0
LINE
  5
211
100
AcDbEntity
  8
parts layout
  6
CONTINUOUS
 62
  256
370
   -1
100
AcDbLine
 10
6.513896000000017
 20
-9.339019999999991
 11
6.440901000000011
 21
-9.290245999999996
  0
LINE
  5
212
100
AcDbEntity
  8
parts layout
  6
CONTINUOUS
 62
  256
370
   -1
100
AcDbLine
 10
6.440901000000011
 20
-9.290245999999996
 11
6.392127000000016
 21
-9.21725099999999
  0
LINE
  5
213
100
AcDbEntity
  8
parts layout
  6
CONTINUOUS
 62
  256
370
   -1
100
AcDbLine
 10
6.392127000000016
 20
-9.21725099999999
 11
6.375000000000014
 21
-9.131146999999999
  0
LINE
  5
214
100
AcDbEntity
  8
parts layout
  6
CONTINUOUS
 62
  256
370
   -1
100
AcDbLine
 10
6.375000000000014
 20
-9.131146999999999
 11
6.375000000000014
 21
-8.681146999999996
  0
LINE
  5
215
100
AcDbEntity
  8
parts layout
  6
CONTINUOUS
 62
  256
370
   -1
100
AcDbLine
 10
6.375000000000014
 20
-8.681146999999996
 11
6.392127000000016
 21
-8.595043000000004
  0
LINE
  5
216
100
AcDbEntity
  8
parts layout
  6
CONTINUOUS
 62
  256
370
   -1
100
AcDbLine
 10
6.392127000000016
 20
-8.595043000000004
 11
6.440901000000011
 21
-8.522047999999998
  0
LINE
  5
217
100
AcDbEntity
  8
parts layout
  6
CONTINUOUS
 62
  256
370
   -1
100
AcDbLine
 10
6.440901000000011
 20
-8.522047999999998
 11
6.513896000000017
 21
-8.473274000000004
  0
LINE
  5
218
100
AcDbEntity
  8
parts layout
  6
CONTINUOUS
 62
  256
370
   -1
100
AcDbLine
 10
6.513896000000017
 20
-8.473274000000004
 11
6.600000000000009
 21
-8.456147000000001
  0
LINE
  5
219
100
AcDbEntity
  8
parts layout
  6
CONTINUOUS
 62
  256
370
   -1
100
AcDbLine
 10
6.600000000000009
 20
-8.456147000000001
 11
7.350000000000009
 21
-8.456147000000001
  0
LINE
  5
21A
100
AcDbEntity
  8
parts layout
  6
CONTINUOUS
 62
  256
370
   -1
100
AcDbLine
 10
7.350000000000009
 20
-8.456147000000001
 11
7.436104000000014
 21
-8.473274000000004
  0
LINE
  5
21B
100
AcDbEntity
  8
parts layout
  6
CONTINUOUS
 62
  256
370
   -1
100
AcDbLine
 10
44.875
 20
-8.746146999999993
 11
41.57500000000002
 21
-8.746146999999993
  0
LINE
  5
21C
100
AcDbEntity
  8
parts layout
  6
CONTINUOUS
 62
  256
370
   -1
100
AcDbLine
 10
41.57500000000002
 20
-8.746146999999993
 11
41.57500000000002
 21
-5.746146999999993
  0
LINE
  5
21D
100
AcDbEntity
  8
parts layout
  6
CONTINUOUS
 62
  256
370
   -1
100
AcDbLine
 10
41.57500000000002
 20
-5.746146999999993
 11
44.875
 21
-5.746146999999993
  0
LINE
  5
21E
100
AcDbEntity
  8
parts layout
  6
CONTINUOUS
 62
  256
370
   -1
100
AcDbLine
 10
44.875
 20
-5.746146999999993
 11
44.875
 21
-8.746146999999993
  0
LINE
  5
21F
100
AcDbEntity
  8
parts layout
  6
CONTINUOUS
 62
  256
370
   -1
100
AcDbLine
 10
-6.824999999999989
 20
-7.476146999999997
 11
-10.12499999999999
 21
-7.476146999999997
  0
LINE
  5
220
100
AcDbEntity
  8
parts layout
  6
CONTINUOUS
 62
  256
370
   -1
100
AcDbLine
 10
-10.12499999999999
 20
-7.476146999999997
 11
-10.12499999999999
 21
-4.476146999999997
  0
LINE
  5
221
100
AcDbEntity
  8
parts layout
  6
CONTINUOUS
 62
  256
370
   -1
100
AcDbLine
 10
-10.12499999999999
 20
-4.476146999999997
 11
-6.824999999999989
 21
-4.476146999999997
  0
LINE
  5
222
100
AcDbEntity
  8
parts layout
  6
CONTINUOUS
 62
  256
370
   -1
100
AcDbLine
 10
-6.824999999999989
 20
-4.476146999999997
 11
-6.824999999999989
 21
-7.476146999999997
  0
LINE
  5
223
100
AcDbEntity
  8
parts layout
  6
CONTINUOUS
 62
  256
370
   -1
100
AcDbLine
 10
-12.27499999999999
 20
-6.841146999999992
 11
-15.57499999999999
 21
-6.841146999999992
  0
LINE
  5
224
100
AcDbEntity
  8
parts layout
  6
CONTINUOUS
 62
  256
370
   -1
100
AcDbLine
 10
-15.57499999999999
 20
-6.841146999999992
 11
-15.57499999999999
 21
-3.841146999999992
  0
LINE
  5
225
100
AcDbEntity
  8
parts layout
  6
CONTINUOUS
 62
  256
370
   -1
100
AcDbLine
 10
-15.57499999999999
 20
-3.841146999999992
 11
-12.27499999999999
 21
-3.841146999999992
  0
LINE
  5
226
100
AcDbEntity
  8
parts layout
  6
CONTINUOUS
 62
  256
370
   -1
100
AcDbLine
 10
-12.27499999999999
 20
-3.841146999999992
 11
-12.27499999999999
 21
-6.841146999999992
  0
LINE
  5
227
100
AcDbEntity
  8
parts layout
  6
CONTINUOUS
 62
  256
370
   -1
100
AcDbLine
 10
25.82500000000002
 20
-6.841146999999992
 11
22.52500000000001
 21
-6.841146999999992
  0
LINE
  5
228
100
AcDbEntity
  8
parts layout
  6
CONTINUOUS
 62
  256
370
   -1
100
AcDbLine
 10
22.52500000000001
 20
-6.841146999999992
 11
22.52500000000001
 21
-3.841146999999992
  0
LINE
  5
229
100
AcDbEntity
  8
parts layout
  6
CONTINUOUS
 62
  256
370
   -1
100
AcDbLine
 10
22.52500000000001
 20
-3.841146999999992
 11
25.82500000000002
 21
-3.841146999999992
  0
LINE
  5
22A
100
AcDbEntity
  8
parts layout
  6
CONTINUOUS
 62
  256
370
   -1
100
AcDbLine
 10
25.82500000000002
 20
-3.841146999999992
 11
25.82500000000002
 21
-6.841146999999992
  0
LINE
  5
22B
100
AcDbEntity
  8
parts layout
  6
CONTINUOUS
 62
  256
370
   -1
100
AcDbLine
 10
6.775000000000006
 20
-4.936146999999991
 11
3.475000000000009
 21
-4.936146999999991
  0
LINE
  5
22C
100
AcDbEntity
  8
parts layout
  6
CONTINUOUS
 62
  256
370
   -1
100
AcDbLine
 10
3.475000000000009
 20
-4.936146999999991
 11
3.475000000000009
 21
-1.936146999999991
  0
LINE
  5
22D
100
AcDbEntity
  8
parts layout
  6
CONTINUOUS
 62
  256
370
   -1
100
AcDbLine
 10
3.475000000000009
 20
-1.936146999999991
 11
6.775000000000006
 21
-1.936146999999991
  0
LINE
  5
22E
100
AcDbEntity
  8
parts layout
  6
CONTINUOUS
 62
  256
370
   -1
100
AcDbLine
 10
6.775000000000006
 20
-1.936146999999991
 11
6.775000000000006
 21
-4.936146999999991
  0
LINE
  5
22F
100
AcDbEntity
  8
parts layout
  6
CONTINUOUS
 62
  256
370
   -1
100
AcDbLine
 10
-49.71389599999998
 20
-0.3432739999999939
 11
-49.64090099999999
 21
-0.3920480000000026
  0
LINE
  5
230
100
AcDbEntity
  8
parts layout
  6
CONTINUOUS
 62
  256
370
   -1
100
AcDbLine
 10
-49.64090099999999
 20
-0.3920480000000026
 11
-49.59212699999998
 21
-0.4650429999999943
  0
LINE
  5
231
100
AcDbEntity
  8
parts layout
  6
CONTINUOUS
 62
  256
370
   -1
100
AcDbLine
 10
-49.59212699999998
 20
-0.4650429999999943
 11
-49.57499999999999
 21
-0.5511470000000003
  0
LINE
  5
232
100
AcDbEntity
  8
parts layout
  6
CONTINUOUS
 62
  256
370
   -1
100
AcDbLine
 10
-49.57499999999999
 20
-0.5511470000000003
 11
-49.57499999999999
 21
-1.001147000000003
  0
LINE
  5
233
100
AcDbEntity
  8
parts layout
  6
CONTINUOUS
 62
  256
370
   -1
100
AcDbLine
 10
-49.57499999999999
 20
-1.001147000000003
 11
-49.59212699999998
 21
-1.087250999999995
  0
LINE
  5
234
100
AcDbEntity
  8
parts layout
  6
CONTINUOUS
 62
  256
370
   -1
100
AcDbLine
 10
-49.59212699999998
 20
-1.087250999999995
 11
-49.64090099999999
 21
-1.160246000000001
  0
LINE
  5
235
100
AcDbEntity
  8
parts layout
  6
CONTINUOUS
 62
  256
370
   -1
100
AcDbLine
 10
-49.64090099999999
 20
-1.160246000000001
 11
-49.71389599999998
 21
-1.209019999999995
  0
LINE
  5
236
100
AcDbEntity
  8
parts layout
  6
CONTINUOUS
 62
  256
370
   -1
100
AcDbLine
 10
-49.71389599999998
 20
-1.209019999999995
 11
-49.79999999999998
 21
-1.226146999999997
  0
LINE
  5
237
100
AcDbEntity
  8
parts layout
  6
CONTINUOUS
 62
  256
370
   -1
100
AcDbLine
 10
-49.79999999999998
 20
-1.226146999999997
 11
-50.54999999999998
 21
-1.226146999999997
  0
LINE
  5
238
100
AcDbEntity
  8
parts layout
  6
CONTINUOUS
 62
  256
370
   -1
100
AcDbLine
 10
-50.54999999999998
 20
-1.226146999999997
 11
-50.63610399999999
 21
-1.209019999999995
  0
LINE
  5
239
100
AcDbEntity
  8
parts layout
  6
CONTINUOUS
 62
  256
370
   -1
100
AcDbLine
 10
-50.63610399999999
 20
-1.209019999999995
 11
-50.70909899999999
 21
-1.160246000000001
  0
LINE
  5
23A
100
AcDbEntity
  8
parts layout
  6
CONTINUOUS
 62
  256
370
   -1
100
AcDbLine
 10
-50.70909899999999
 20
-1.160246000000001
 11
-50.75787299999998
 21
-1.087250999999995
  0
LINE
  5
23B
100
AcDbEntity
  8
parts layout
  6
CONTINUOUS
 62
  256
370
   -1
100
AcDbLine
 10
-50.75787299999998
 20
-1.087250999999995
 11
-50.77499999999998
 21
-1.001147000000003
  0
LINE
  5
23C
100
AcDbEntity
  8
parts layout
  6
CONTINUOUS
 62
  256
370
   -1
100
AcDbLine
 10
-50.77499999999998
 20
-1.001147000000003
 11
-50.77499999999998
 21
-0.5511470000000003
  0
LINE
  5
23D
100
AcDbEntity
  8
parts layout
  6
CONTINUOUS
 62
  256
370
   -1
100
AcDbLine
 10
-50.77499999999998
 20
-0.5511470000000003
 11
-50.75787299999998
 21
-0.4650429999999943
  0
LINE
  5
23E
100
AcDbEntity
  8
parts layout
  6
CONTINUOUS
 62
  256
370
   -1
100
AcDbLine
 10
-50.75787299999998
 20
-0.4650429999999943
 11
-50.70909899999999
 21
-0.3920480000000026
  0
LINE
  5
23F
100
AcDbEntity
  8
parts layout
  6
CONTINUOUS
 62
  256
370
   -1
100
AcDbLine
 10
-50.70909899999999
 20
-0.3920480000000026
 11
-50.63610399999999
 21
-0.3432739999999939
  0
LINE
  5
240
100
AcDbEntity
  8
parts layout
  6
CONTINUOUS
 62
  256
370
   -1
100
AcDbLine
 10
-50.63610399999999
 20
-0.3432739999999939
 11
-50.54999999999998
 21
-0.3261469999999917
  0
LINE
  5
241
100
AcDbEntity
  8
parts layout
  6
CONTINUOUS
 62
  256
370
   -1
100
AcDbLine
 10
-50.54999999999998
 20
-0.3261469999999917
 11
-49.79999999999998
 21
-0.3261469999999917
  0
LINE
  5
242
100
AcDbEntity
  8
parts layout
  6
CONTINUOUS
 62
  256
370
   -1
100
AcDbLine
 10
-49.79999999999998
 20
-0.3261469999999917
 11
-49.71389599999998
 21
-0.3432739999999939
  0
LINE
  5
243
100
AcDbEntity
  8
parts layout
  6
CONTINUOUS
 62
  256
370
   -1
100
AcDbLine
 10
-30.66389599999998
 20
-0.3432739999999939
 11
-30.59090099999999
 21
-0.3920480000000026
  0
LINE
  5
244
100
AcDbEntity
  8
parts layout
  6
CONTINUOUS
 62
  256
370
   -1
100
AcDbLine
 10
-30.59090099999999
 20
-0.3920480000000026
 11
-30.54212699999998
 21
-0.4650429999999943
  0
LINE
  5
245
100
AcDbEntity
  8
parts layout
  6
CONTINUOUS
 62
  256
370
   -1
100
AcDbLine
 10
-30.54212699999998
 20
-0.4650429999999943
 11
-30.52499999999999
 21
-0.5511470000000003
  0
LINE
  5
246
100
AcDbEntity
  8
parts layout
  6
CONTINUOUS
 62
  256
370
   -1
100
AcDbLine
 10
-30.52499999999999
 20
-0.5511470000000003
 11
-30.52499999999999
 21
-1.001147000000003
  0
LINE
  5
247
100
AcDbEntity
  8
parts layout
  6
CONTINUOUS
 62
  256
370
   -1
100
AcDbLine
 10
-30.52499999999999
 20
-1.001147000000003
 11
-30.54212699999998
 21
-1.087250999999995
  0
LINE
  5
248
100
AcDbEntity
  8
parts layout
  6
CONTINUOUS
 62
  256
370
   -1
100
AcDbLine
 10
-30.54212699999998
 20
-1.087250999999995
 11
-30.59090099999999
 21
-1.160246000000001
  0
LINE
  5
249
100
AcDbEntity
  8
parts layout
  6
CONTINUOUS
 62
  256
370
   -1
100
AcDbLine
 10
-30.59090099999999
 20
-1.160246000000001
 11
-30.66389599999998
 21
-1.209019999999995
  0
LINE
  5
24A
100
AcDbEntity
  8
parts layout
  6
CONTINUOUS
 62
  256
370
   -1
100
AcDbLine
 10
-30.66389599999998
 20
-1.209019999999995
 11
-30.74999999999999
 21
-1.226146999999997
  0
LINE
  5
24B
100
AcDbEntity
  8
parts layout
  6
CONTINUOUS
 62
  256
370
   -1
100
AcDbLine
 10
-30.74999999999999
 20
-1.226146999999997
 11
-31.49999999999999
 21
-1.226146999999997
  0
LINE
  5
24C
100
AcDbEntity
  8
parts layout
  6
CONTINUOUS
 62
  256
370
   -1
100
AcDbLine
 10
-31.49999999999999
 20
-1.226146999999997
 11
-31.58610399999999
 21
-1.209019999999995
  0
LINE
  5
24D
100
AcDbEntity
  8
parts layout
  6
CONTINUOUS
 62
  256
370
   -1
100
AcDbLine
 10
-31.58610399999999
 20
-1.209019999999995
 11
-31.65909899999998
 21
-1.160246000000001
  0
LINE
  5
24E
100
AcDbEntity
  8
parts layout
  6
CONTINUOUS
 62
  256
370
   -1
100
AcDbLine
 10
-31.65909899999998
 20
-1.160246000000001
 11
-31.70787299999999
 21
-1.087250999999995
  0
LINE
  5
24F
100
AcDbEntity
  8
parts layout
  6
CONTINUOUS
 62
  256
370
   -1
100
AcDbLine
 10
-31.70787299999999
 20
-1.087250999999995
 11
-31.72499999999998
 21
-1.001147000000003
  0
LINE
  5
250
100
AcDbEntity
  8
parts layout
  6
CONTINUOUS
 62
  256
370
   -1
100
AcDbLine
 10
-31.72499999999998
 20
-1.001147000000003
 11
-31.72499999999998
 21
-0.5511470000000003
  0
LINE
  5
251
100
AcDbEntity
  8
parts layout
  6
CONTINUOUS
 62
  256
370
   -1
100
AcDbLine
 10
-31.72499999999998
 20
-0.5511470000000003
 11
-31.70787299999999
 21
-0.4650429999999943
  0
LINE
  5
252
100
AcDbEntity
  8
parts layout
  6
CONTINUOUS
 62
  256
370
   -1
100
AcDbLine
 10
-31.70787299999999
 20
-0.4650429999999943
 11
-31.65909899999998
 21
-0.3920480000000026
  0
LINE
  5
253
100
AcDbEntity
  8
parts layout
  6
CONTINUOUS
 62
  256
370
   -1
100
AcDbLine
 10
-31.65909899999998
 20
-0.3920480000000026
 11
-31.58610399999999
 21
-0.3432739999999939
  0
LINE
  5
254
100
AcDbEntity
  8
parts layout
  6
CONTINUOUS
 62
  256
370
   -1
100
AcDbLine
 10
-31.58610399999999
 20
-0.3432739999999939
 11
-31.49999999999999
 21
-0.3261469999999917
  0
LINE
  5
255
100
AcDbEntity
  8
parts layout
  6
CONTINUOUS
 62
  256
370
   -1
100
AcDbLine
 10
-31.49999999999999
 20
-0.3261469999999917
 11
-30.74999999999999
 21
-0.3261469999999917
  0
LINE
  5
256
100
AcDbEntity
  8
parts layout
  6
CONTINUOUS
 62
  256
370
   -1
100
AcDbLine
 10
-30.74999999999999
 20
-0.3261469999999917
 11
-30.66389599999998
 21
-0.3432739999999939
  0
LINE
  5
257
100
AcDbEntity
  8
parts layout
  6
CONTINUOUS
 62
  256
370
   -1
100
AcDbLine
 10
-49.71389599999998
 20
2.956726000000003
 11
-49.64090099999999
 21
2.907952000000009
  0
LINE
  5
258
100
AcDbEntity
  8
parts layout
  6
CONTINUOUS
 62
  256
370
   -1
100
AcDbLine
 10
-49.64090099999999
 20
2.907952000000009
 11
-49.59212699999998
 21
2.834957000000003
  0
LINE
  5
259
100
AcDbEntity
  8
parts layout
  6
CONTINUOUS
 62
  256
370
   -1
100
AcDbLine
 10
-49.59212699999998
 20
2.834957000000003
 11
-49.57499999999999
 21
2.748852999999997
  0
LINE
  5
25A
100
AcDbEntity
  8
parts layout
  6
CONTINUOUS
 62
  256
370
   -1
100
AcDbLine
 10
-49.57499999999999
 20
2.748852999999997
 11
-49.57499999999999
 21
2.298853000000008
  0
LINE
  5
25B
100
AcDbEntity
  8
parts layout
  6
CONTINUOUS
 62
  256
370
   -1
100
AcDbLine
 10
-49.57499999999999
 20
2.298853000000008
 11
-49.59212699999998
 21
2.212749000000002
  0
LINE
  5
25C
100
AcDbEntity
  8
parts layout
  6
CONTINUOUS
 62
  256
370
   -1
100
AcDbLine
 10
-49.59212699999998
 20
2.212749000000002
 11
-49.64090099999999
 21
2.139753999999996
  0
LINE
  5
25D
100
AcDbEntity
  8
parts layout
  6
CONTINUOUS
 62
  256
370
   -1
100
AcDbLine
 10
-49.64090099999999
 20
2.139753999999996
 11
-49.71389599999998
 21
2.090980000000002
  0
LINE
  5
25E
100
AcDbEntity
  8
parts layout
  6
CONTINUOUS
 62
  256
370
   -1
100
AcDbLine
 10
-49.71389599999998
 20
2.090980000000002
 11
-49.79999999999998
 21
2.073853
  0
LINE
  5
25F
100
AcDbEntity
  8
parts layout
  6
CONTINUOUS
 62
  256
370
   -1
100
AcDbLine
 10
-49.79999999999998
 20
2.073853
 11
-50.54999999999998
 21
2.073853
  0
LINE
  5
260
100
AcDbEntity
  8
parts layout
  6
CONTINUOUS
 62
  256
370
   -1
100
AcDbLine
 10
-50.54999999999998
 20
2.073853
 11
-50.63610399999999
 21
2.090980000000002
  0
LINE
  5
261
100
AcDbEntity
  8
parts layout
  6
CONTINUOUS
 62
  256
370
   -1
100
AcDbLine
 10
-50.63610399999999
 20
2.090980000000002
 11
-50.70909899999999
 21
2.139753999999996
  0
LINE
  5
262
100
AcDbEntity
  8
parts layout
  6
CONTINUOUS
 62
  256
370
   -1
100
AcDbLine
 10
-50.70909899999999
 20
2.139753999999996
 11
-50.75787299999998
 21
2.212749000000002
  0
LINE
  5
263
100
AcDbEntity
  8
parts layout
  6
CONTINUOUS
 62
  256
370
   -1
100
AcDbLine
 10
-50.75787299999998
 20
2.212749000000002
 11
-50.77499999999998
 21
2.298853000000008
  0
LINE
  5
264
100
AcDbEntity
  8
parts layout
  6
CONTINUOUS
 62
  256
370
   -1
100
AcDbLine
 10
-50.77499999999998
 20
2.298853000000008
 11
-50.77499999999998
 21
2.748852999999997
  0
LINE
  5
265
100
AcDbEntity
  8
parts layout
  6
CONTINUOUS
 62
  256
370
   -1
100
AcDbLine
 10
-50.77499999999998
 20
2.748852999999997
 11
-50.75787299999998
 21
2.834957000000003
  0
LINE
  5
266
100
AcDbEntity
  8
parts layout
  6
CONTINUOUS
 62
  256
370
   -1
100
AcDbLine
 10
-50.75787299999998
 20
2.834957000000003
 11
-50.70909899999999
 21
2.907952000000009
  0
LINE
  5
267
100
AcDbEntity
  8
parts layout
  6
CONTINUOUS
 62
  256
370
   -1
100
AcDbLine
 10
-50.70909899999999
 20
2.907952000000009
 11
-50.63610399999999
 21
2.956726000000003
  0
LINE
  5
268
100
AcDbEntity
  8
parts layout
  6
CONTINUOUS
 62
  256
370
   -1
100
AcDbLine
 10
-50.63610399999999
 20
2.956726000000003
 11
-50.54999999999998
 21
2.973853000000005
  0
LINE
  5
269
100
AcDbEntity
  8
parts layout
  6
CONTINUOUS
 62
  256
370
   -1
100
AcDbLine
 10
-50.54999999999998
 20
2.973853000000005
 11
-49.79999999999998
 21
2.973853000000005
  0
LINE
  5
26A
100
AcDbEntity
  8
parts layout
  6
CONTINUOUS
 62
  256
370
   -1
100
AcDbLine
 10
-49.79999999999998
 20
2.973853000000005
 11
-49.71389599999998
 21
2.956726000000003
  0
LINE
  5
26B
100
AcDbEntity
  8
parts layout
  6
CONTINUOUS
 62
  256
370
   -1
100
AcDbLine
 10
-30.66389599999998
 20
2.956726000000003
 11
-30.59090099999999
 21
2.907952000000009
  0
LINE
  5
26C
100
AcDbEntity
  8
parts layout
  6
CONTINUOUS
 62
  256
370
   -1
100
AcDbLine
 10
-30.59090099999999
 20
2.907952000000009
 11
-30.54212699999998
 21
2.834957000000003
  0
LINE
  5
26D
100
AcDbEntity
  8
parts layout
  6
CONTINUOUS
 62
  256
370
   -1
100
AcDbLine
 10
-30.54212699999998
 20
2.834957000000003
 11
-30.52499999999999
 21
2.748852999999997
  0
LINE
  5
26E
100
AcDbEntity
  8
parts layout
  6
CONTINUOUS
 62
  256
370
   -1
100
AcDbLine
 10
-30.52499999999999
 20
2.748852999999997
 11
-30.52499999999999
 21
2.298853000000008
  0
LINE
  5
26F
100
AcDbEntity
  8
parts layout
  6
CONTINUOUS
 62
  256
370
   -1
100
AcDbLine
 10
-30.52499999999999
 20
2.298853000000008
 11
-30.54212699999998
 21
2.212749000000002
  0
LINE
  5
270
100
AcDbEntity
  8
parts layout
  6
CONTINUOUS
 62
  256
370
   -1
100
AcDbLine
 10
-30.54212699999998
 20
2.212749000000002
 11
-30.59090099999999
 21
2.139753999999996
  0
LINE
  5
271
100
AcDbEntity
  8
parts layout
  6
CONTINUOUS
 62
  256
370
   -1
100
AcDbLine
 10
-30.59090099999999
 20
2.139753999999996
 11
-30.66389599999998
 21
2.090980000000002
  0
LINE
  5
272
100
AcDbEntity
  8
parts layout
  6
CONTINUOUS
 62
  256
370
   -1
100
AcDbLine
 10
-30.66389599999998
 20
2.090980000000002
 11
-30.74999999999999
 21
2.073853
  0
LINE
  5
273
100
AcDbEntity
  8
parts layout
  6
CONTINUOUS
 62
  256
370
   -1
100
AcDbLine
 10
-30.74999999999999
 20
2.073853
 11
-31.49999999999999
 21
2.073853
  0
LINE
  5
274
100
AcDbEntity
  8
parts layout
  6
CONTINUOUS
 62
  256
370
   -1
100
AcDbLine
 10
-31.49999999999999
 20
2.073853
 11
-31.58610399999999
 21
2.090980000000002
  0
LINE
  5
275
100
AcDbEntity
  8
parts layout
  6
CONTINUOUS
 62
  256
370
   -1
100
AcDbLine
 10
-31.58610399999999
 20
2.090980000000002
 11
-31.65909899999998
 21
2.139753999999996
  0
LINE
  5
276
100
AcDbEntity
  8
parts layout
  6
CONTINUOUS
 62
  256
370
   -1
100
AcDbLine
 10
-31.65909899999998
 20
2.139753999999996
 11
-31.70787299999999
 21
2.212749000000002
  0
LINE
  5
277
100
AcDbEntity
  8
parts layout
  6
CONTINUOUS
 62
  256
370
   -1
100
AcDbLine
 10
-31.70787299999999
 20
2.212749000000002
 11
-31.72499999999998
 21
2.298853000000008
  0
LINE
  5
278
100
AcDbEntity
  8
parts layout
  6
CONTINUOUS
 62
  256
370
   -1
100
AcDbLine
 10
-31.72499999999998
 20
2.298853000000008
 11
-31.72499999999998
 21
2.748852999999997
  0
LINE
  5
279
100
AcDbEntity
  8
parts layout
  6
CONTINUOUS
 62
  256
370
   -1
100
AcDbLine
 10
-31.72499999999998
 20
2.748852999999997
 11
-31.70787299999999
 21
2.834957000000003
  0
LINE
  5
27A
100
AcDbEntity
  8
parts layout
  6
CONTINUOUS
 62
  256
370
   -1
100
AcDbLine
 10
-31.70787299999999
 20
2.834957000000003
 11
-31.65909899999998
 21
2.907952000000009
  0
LINE
  5
27B
100
AcDbEntity
  8
parts layout
  6
CONTINUOUS
 62
  256
370
   -1
100
AcDbLine
 10
-31.65909899999998
 20
2.907952000000009
 11
-31.58610399999999
 21
2.956726000000003
  0
LINE
  5
27C
100
AcDbEntity
  8
parts layout
  6
CONTINUOUS
 62
  256
370
   -1
100
AcDbLine
 10
-31.58610399999999
 20
2.956726000000003
 11
-31.49999999999999
 21
2.973853000000005
  0
LINE
  5
27D
100
AcDbEntity
  8
parts layout
  6
CONTINUOUS
 62
  256
370
   -1
100
AcDbLine
 10
-31.49999999999999
 20
2.973853000000005
 11
-30.74999999999999
 21
2.973853000000005
  0
LINE
  5
27E
100
AcDbEntity
  8
parts layout
  6
CONTINUOUS
 62
  256
370
   -1
100
AcDbLine
 10
-30.74999999999999
 20
2.973853000000005
 11
-30.66389599999998
 21
2.956726000000003
  0
LINE
  5
27F
100
AcDbEntity
  8
parts layout
  6
CONTINUOUS
 62
  256
370
   -1
100
AcDbLine
 10
45.53610400000002
 20
3.466726000000008
 11
45.60909900000001
 21
3.417952
  0
LINE
  5
280
100
AcDbEntity
  8
parts layout
  6
CONTINUOUS
 62
  256
370
   -1
100
AcDbLine
 10
45.60909900000001
 20
3.417952
 11
45.65787300000002
 21
3.344957000000008
  0
LINE
  5
281
100
AcDbEntity
  8
parts layout
  6
CONTINUOUS
 62
  256
370
   -1
100
AcDbLine
 10
45.65787300000002
 20
3.344957000000008
 11
45.67500000000001
 21
3.258853000000002
  0
LINE
  5
282
100
AcDbEntity
  8
parts layout
  6
CONTINUOUS
 62
  256
370
   -1
100
AcDbLine
 10
45.67500000000001
 20
3.258853000000002
 11
45.67500000000001
 21
2.808852999999999
  0
LINE
  5
283
100
AcDbEntity
  8
parts layout
  6
CONTINUOUS
 62
  256
370
   -1
100
AcDbLine
 10
45.67500000000001
 20
2.808852999999999
 11
45.65787300000002
 21
2.722749000000007
  0
LINE
  5
284
100
AcDbEntity
  8
parts layout
  6
CONTINUOUS
 62
  256
370
   -1
100
AcDbLine
 10
45.65787300000002
 20
2.722749000000007
 11
45.60909900000001
 21
2.649754000000001
  0
LINE
  5
285
100
AcDbEntity
  8
parts layout
  6
CONTINUOUS
 62
  256
370
   -1
100
AcDbLine
 10
45.60909900000001
 20
2.649754000000001
 11
45.53610400000002
 21
2.600980000000007
  0
LINE
  5
286
100
AcDbEntity
  8
parts layout
  6
CONTINUOUS
 62
  256
370
   -1
100
AcDbLine
 10
45.53610400000002
 20
2.600980000000007
 11
45.45000000000002
 21
2.583853000000005
  0
LINE
  5
287
100
AcDbEntity
  8
parts layout
  6
CONTINUOUS
 62
  256
370
   -1
100
AcDbLine
 10
45.45000000000002
 20
2.583853000000005
 11
44.70000000000002
 21
2.583853000000005
  0
LINE
  5
288
100
AcDbEntity
  8
parts layout
  6
CONTINUOUS
 62
  256
370
   -1
100
AcDbLine
 10
44.70000000000002
 20
2.583853000000005
 11
44.61389600000001
 21
2.600980000000007
  0
LINE
  5
289
100
AcDbEntity
  8
parts layout
  6
CONTINUOUS
 62
  256
370
   -1
100
AcDbLine
 10
44.61389600000001
 20
2.600980000000007
 11
44.54090100000002
 21
2.649754000000001
  0
LINE
  5
28A
100
AcDbEntity
  8
parts layout
  6
CONTINUOUS
 62
  256
370
   -1
100
AcDbLine
 10
44.54090100000002
 20
2.649754000000001
 11
44.49212700000001
 21
2.722749000000007
  0
LINE
  5
28B
100
AcDbEntity
  8
parts layout
  6
CONTINUOUS
 62
  256
370
   -1
100
AcDbLine
 10
44.49212700000001
 20
2.722749000000007
 11
44.47500000000002
 21
2.808852999999999
  0
LINE
  5
28C
100
AcDbEntity
  8
parts layout
  6
CONTINUOUS
 62
  256
370
   -1
100
AcDbLine
 10
44.47500000000002
 20
2.808852999999999
 11
44.47500000000002
 21
3.258853000000002
  0
LINE
  5
28D
100
AcDbEntity
  8
parts layout
  6
CONTINUOUS
 62
  256
370
   -1
100
AcDbLine
 10
44.47500000000002
 20
3.258853000000002
 11
44.49212700000001
 21
3.344957000000008
  0
LINE
  5
28E
100
AcDbEntity
  8
parts layout
  6
CONTINUOUS
 62
  256
370
   -1
100
AcDbLine
 10
44.49212700000001
 20
3.344957000000008
 11
44.54090100000002
 21
3.417952
  0
LINE
  5
28F
100
AcDbEntity
  8
parts layout
  6
CONTINUOUS
 62
  256
370
   -1
100
AcDbLine
 10
44.54090100000002
 20
3.417952
 11
44.61389600000001
 21
3.466726000000008
  0
LINE
  5
290
100
AcDbEntity
  8
parts layout
  6
CONTINUOUS
 62
  256
370
   -1
100
AcDbLine
 10
44.61389600000001
 20
3.466726000000008
 11
44.70000000000002
 21
3.483852999999996
  0
LINE
  5
291
100
AcDbEntity
  8
parts layout
  6
CONTINUOUS
 62
  256
370
   -1
100
AcDbLine
 10
44.70000000000002
 20
3.483852999999996
 11
45.45000000000002
 21
3.483852999999996
  0
LINE
  5
292
100
AcDbEntity
  8
parts layout
  6
CONTINUOUS
 62
  256
370
   -1
100
AcDbLine
 10
45.45000000000002
 20
3.483852999999996
 11
45.53610400000002
 21
3.466726000000008
  0
LINE
  5
293
100
AcDbEntity
  8
parts layout
  6
CONTINUOUS
 62
  256
370
   -1
100
AcDbLine
 10
-63.97499999999999
 20
3.953852999999995
 11
-67.27499999999998
 21
3.953852999999995
  0
LINE
  5
294
100
AcDbEntity
  8
parts layout
  6
CONTINUOUS
 62
  256
370
   -1
100
AcDbLine
 10
-67.27499999999998
 20
3.953852999999995
 11
-67.27499999999998
 21
6.953852999999995
  0
LINE
  5
295
100
AcDbEntity
  8
parts layout
  6
CONTINUOUS
 62
  256
370
   -1
100
AcDbLine
 10
-67.27499999999998
 20
6.953852999999995
 11
-63.97499999999999
 21
6.953852999999995
  0
LINE
  5
296
100
AcDbEntity
  8
parts layout
  6
CONTINUOUS
 62
  256
370
   -1
100
AcDbLine
 10
-63.97499999999999
 20
6.953852999999995
 11
-63.97499999999999
 21
3.953852999999995
  0
LINE
  5
297
100
AcDbEntity
  8
parts layout
  6
CONTINUOUS
 62
  256
370
   -1
100
AcDbLine
 10
-44.92499999999998
 20
3.953852999999995
 11
-48.22499999999999
 21
3.953852999999995
  0
LINE
  5
298
100
AcDbEntity
  8
parts layout
  6
CONTINUOUS
 62
  256
370
   -1
100
AcDbLine
 10
-48.22499999999999
 20
3.953852999999995
 11
-48.22499999999999
 21
6.953852999999995
  0
LINE
  5
299
100
AcDbEntity
  8
parts layout
  6
CONTINUOUS
 62
  256
370
   -1
100
AcDbLine
 10
-48.22499999999999
 20
6.953852999999995
 11
-44.92499999999998
 21
6.953852999999995
  0
LINE
  5
29A
100
AcDbEntity
  8
parts layout
  6
CONTINUOUS
 62
  256
370
   -1
100
AcDbLine
 10
-44.92499999999998
 20
6.953852999999995
 11
-44.92499999999998
 21
3.953852999999995
  0
LINE
  5
29B
100
AcDbEntity
  8
parts layout
  6
CONTINUOUS
 62
  256
370
   -1
100
AcDbLine
 10
-11.61389599999998
 20
5.331726000000003
 11
-11.54090099999999
 21
5.282952000000009
  0
LINE
  5
29C
100
AcDbEntity
  8
parts layout
  6
CONTINUOUS
 62
  256
370
   -1
100
AcDbLine
 10
-11.54090099999999
 20
5.282952000000009
 11
-11.49212699999998
 21
5.209957000000003
  0
LINE
  5
29D
100
AcDbEntity
  8
parts layout
  6
CONTINUOUS
 62
  256
370
   -1
100
AcDbLine
 10
-11.49212699999998
 20
5.209957000000003
 11
-11.47499999999999
 21
5.123852999999997
  0
LINE
  5
29E
100
AcDbEntity
  8
parts layout
  6
CONTINUOUS
 62
  256
370
   -1
100
AcDbLine
 10
-11.47499999999999
 20
5.123852999999997
 11
-11.47499999999999
 21
4.673853000000008
  0
LINE
  5
29F
100
AcDbEntity
  8
parts layout
  6
CONTINUOUS
 62
  256
370
   -1
100
AcDbLine
 10
-11.47499999999999
 20
4.673853000000008
 11
-11.49212699999998
 21
4.587749000000002
  0
LINE
  5
2A0
100
AcDbEntity
  8
parts layout
  6
CONTINUOUS
 62
  256
370
   -1
100
AcDbLine
 10
-11.49212699999998
 20
4.587749000000002
 11
-11.54090099999999
 21
4.514753999999996
  0
LINE
  5
2A1
100
AcDbEntity
  8
parts layout
  6
CONTINUOUS
 62
  256
370
   -1
100
AcDbLine
 10
-11.54090099999999
 20
4.514753999999996
 11
-11.61389599999998
 21
4.465980000000002
  0
LINE
  5
2A2
100
AcDbEntity
  8
parts layout
  6
CONTINUOUS
 62
  256
370
   -1
100
AcDbLine
 10
-11.61389599999998
 20
4.465980000000002
 11
-11.69999999999999
 21
4.448853
  0
LINE
  5
2A3
100
AcDbEntity
  8
parts layout
  6
CONTINUOUS
 62
  256
370
   -1
100
AcDbLine
 10
-11.69999999999999
 20
4.448853
 11
-12.44999999999999
 21
4.448853
  0
LINE
  5
2A4
100
AcDbEntity
  8
parts layout
  6
CONTINUOUS
 62
  256
370
   -1
100
AcDbLine
 10
-12.44999999999999
 20
4.448853
 11
-12.53610399999998
 21
4.465980000000002
  0
LINE
  5
2A5
100
AcDbEntity
  8
parts layout
  6
CONTINUOUS
 62
  256
370
   -1
100
AcDbLine
 10
-12.53610399999998
 20
4.465980000000002
 11
-12.60909899999999
 21
4.514753999999996
  0
LINE
  5
2A6
100
AcDbEntity
  8
parts layout
  6
CONTINUOUS
 62
  256
370
   -1
100
AcDbLine
 10
-12.60909899999999
 20
4.514753999999996
 11
-12.65787299999998
 21
4.587749000000002
  0
LINE
  5
2A7
100
AcDbEntity
  8
parts layout
  6
CONTINUOUS
 62
  256
370
   -1
100
AcDbLine
 10
-12.65787299999998
 20
4.587749000000002
 11
-12.67499999999998
 21
4.673853000000008
  0
LINE
  5
2A8
100
AcDbEntity
  8
parts layout
  6
CONTINUOUS
 62
  256
370
   -1
100
AcDbLine
 10
-12.67499999999998
 20
4.673853000000008
 11
-12.67499999999998
 21
5.123852999999997
  0
LINE
  5
2A9
100
AcDbEntity
  8
parts layout
  6
CONTINUOUS
 62
  256
370
   -1
100
AcDbLine
 10
-12.67499999999998
 20
5.123852999999997
 11
-12.65787299999998
 21
5.209957000000003
  0
LINE
  5
2AA
100
AcDbEntity
  8
parts layout
  6
CONTINUOUS
 62
  256
370
   -1
100
AcDbLine
 10
-12.65787299999998
 20
5.209957000000003
 11
-12.60909899999999
 21
5.282952000000009
  0
LINE
  5
2AB
100
AcDbEntity
  8
parts layout
  6
CONTINUOUS
 62
  256
370
   -1
100
AcDbLine
 10
-12.60909899999999
 20
5.282952000000009
 11
-12.53610399999998
 21
5.331726000000003
  0
LINE
  5
2AC
100
AcDbEntity
  8
parts layout
  6
CONTINUOUS
 62
  256
370
   -1
100
AcDbLine
 10
-12.53610399999998
 20
5.331726000000003
 11
-12.44999999999999
 21
5.348853000000005
  0
LINE
  5
2AD
100
AcDbEntity
  8
parts layout
  6
CONTINUOUS
 62
  256
370
   -1
100
AcDbLine
 10
-12.44999999999999
 20
5.348853000000005
 11
-11.69999999999999
 21
5.348853000000005
  0
LINE
  5
2AE
100
AcDbEntity
  8
parts layout
  6
CONTINUOUS
 62
  256
370
   -1
100
AcDbLine
 10
-11.69999999999999
 20
5.348853000000005
 11
-11.61389599999998
 21
5.331726000000003
  0
LINE
  5
2AF
100
AcDbEntity
  8
parts layout
  6
CONTINUOUS
 62
  256
370
   -1
100
AcDbLine
 10
26.48610400000001
 20
5.331726000000003
 11
26.559099
 21
5.282952000000009
  0
LINE
  5
2B0
100
AcDbEntity
  8
parts layout
  6
CONTINUOUS
 62
  256
370
   -1
100
AcDbLine
 10
26.559099
 20
5.282952000000009
 11
26.60787300000001
 21
5.209957000000003
  0
LINE
  5
2B1
100
AcDbEntity
  8
parts layout
  6
CONTINUOUS
 62
  256
370
   -1
100
AcDbLine
 10
26.60787300000001
 20
5.209957000000003
 11
26.625
 21
5.123852999999997
  0
LINE
  5
2B2
100
AcDbEntity
  8
parts layout
  6
CONTINUOUS
 62
  256
370
   -1
100
AcDbLine
 10
26.625
 20
5.123852999999997
 11
26.625
 21
4.673853000000008
  0
LINE
  5
2B3
100
AcDbEntity
  8
parts layout
  6
CONTINUOUS
 62
  256
370
   -1
100
AcDbLine
 10
26.625
 20
4.673853000000008
 11
26.60787300000001
 21
4.587749000000002
  0
LINE
  5
2B4
100
AcDbEntity
  8
parts layout
  6
CONTINUOUS
 62
  256
370
   -1
100
AcDbLine
 10
26.60787300000001
 20
4.587749000000002
 11
26.559099
 21
4.514753999999996
  0
LINE
  5
2B5
100
AcDbEntity
  8
parts layout
  6
CONTINUOUS
 62
  256
370
   -1
100
AcDbLine
 10
26.559099
 20
4.514753999999996
 11
26.48610400000001
 21
4.465980000000002
  0
LINE
  5
2B6
100
AcDbEntity
  8
parts layout
  6
CONTINUOUS
 62
  256
370
   -1
100
AcDbLine
 10
26.48610400000001
 20
4.465980000000002
 11
26.40000000000001
 21
4.448853
  0
LINE
  5
2B7
100
AcDbEntity
  8
parts layout
  6
CONTINUOUS
 62
  256
370
   -1
100
AcDbLine
 10
26.40000000000001
 20
4.448853
 11
25.65000000000001
 21
4.448853
  0
LINE
  5
2B8
100
AcDbEntity
  8
parts layout
  6
CONTINUOUS
 62
  256
370
   -1
100
AcDbLine
 10
25.65000000000001
 20
4.448853
 11
25.563896
 21
4.465980000000002
  0
LINE
  5
2B9
100
AcDbEntity
  8
parts layout
  6
CONTINUOUS
 62
  256
370
   -1
100
AcDbLine
 10
25.563896
 20
4.465980000000002
 11
25.49090100000001
 21
4.514753999999996
  0
LINE
  5
2BA
100
AcDbEntity
  8
parts layout
  6
CONTINUOUS
 62
  256
370
   -1
100
AcDbLine
 10
25.49090100000001
 20
4.514753999999996
 11
25.442127
 21
4.587749000000002
  0
LINE
  5
2BB
100
AcDbEntity
  8
parts layout
  6
CONTINUOUS
 62
  256
370
   -1
100
AcDbLine
 10
25.442127
 20
4.587749000000002
 11
25.42500000000001
 21
4.673853000000008
  0
LINE
  5
2BC
100
AcDbEntity
  8
parts layout
  6
CONTINUOUS
 62
  256
370
   -1
100
AcDbLine
 10
25.42500000000001
 20
4.673853000000008
 11
25.42500000000001
 21
5.123852999999997
  0
LINE
  5
2BD
100
AcDbEntity
  8
parts layout
  6
CONTINUOUS
 62
  256
370
   -1
100
AcDbLine
 10
25.42500000000001
 20
5.123852999999997
 11
25.442127
 21
5.209957000000003
  0
LINE
  5
2BE
100
AcDbEntity
  8
parts layout
  6
CONTINUOUS
 62
  256
370
   -1
100
AcDbLine
 10
25.442127
 20
5.209957000000003
 11
25.49090100000001
 21
5.282952000000009
  0
LINE
  5
2BF
100
AcDbEntity
  8
parts layout
  6
CONTINUOUS
 62
  256
370
   -1
100
AcDbLine
 10
25.49090100000001
 20
5.282952000000009
 11
25.563896
 21
5.331726000000003
  0
LINE
  5
2C0
100
AcDbEntity
  8
parts layout
  6
CONTINUOUS
 62
  256
370
   -1
100
AcDbLine
 10
25.563896
 20
5.331726000000003
 11
25.65000000000001
 21
5.348853000000005
  0
LINE
  5
2C1
100
AcDbEntity
  8
parts layout
  6
CONTINUOUS
 62
  256
370
   -1
100
AcDbLine
 10
25.65000000000001
 20
5.348853000000005
 11
26.40000000000001
 21
5.348853000000005
  0
LINE
  5
2C2
100
AcDbEntity
  8
parts layout
  6
CONTINUOUS
 62
  256
370
   -1
100
AcDbLine
 10
26.40000000000001
 20
5.348853000000005
 11
26.48610400000001
 21
5.331726000000003
  0
LINE
  5
2C3
100
AcDbEntity
  8
parts layout
  6
CONTINUOUS
 62
  256
370
   -1
100
AcDbLine
 10
45.53610400000002
 20
6.766726000000006
 11
45.60909900000001
 21
6.717951999999997
  0
LINE
  5
2C4
100
AcDbEntity
  8
parts layout
  6
CONTINUOUS
 62
  256
370
   -1
100
AcDbLine
 10
45.60909900000001
 20
6.717951999999997
 11
45.65787300000002
 21
6.644957000000005
  0
LINE
  5
2C5
100
AcDbEntity
  8
parts layout
  6
CONTINUOUS
 62
  256
370
   -1
100
AcDbLine
 10
45.65787300000002
 20
6.644957000000005
 11
45.67500000000001
 21
6.558852999999999
  0
LINE
  5
2C6
100
AcDbEntity
  8
parts layout
  6
CONTINUOUS
 62
  256
370
   -1
100
AcDbLine
 10
45.67500000000001
 20
6.558852999999999
 11
45.67500000000001
 21
6.108852999999996
  0
LINE
  5
2C7
100
AcDbEntity
  8
parts layout
  6
CONTINUOUS
 62
  256
370
   -1
100
AcDbLine
 10
45.67500000000001
 20
6.108852999999996
 11
45.65787300000002
 21
6.022749000000005
  0
LINE
  5
2C8
100
AcDbEntity
  8
parts layout
  6
CONTINUOUS
 62
  256
370
   -1
100
AcDbLine
 10
45.65787300000002
 20
6.022749000000005
 11
45.60909900000001
 21
5.949753999999999
  0
LINE
  5
2C9
100
AcDbEntity
  8
parts layout
  6
CONTINUOUS
 62
  256
370
   -1
100
AcDbLine
 10
45.60909900000001
 20
5.949753999999999
 11
45.53610400000002
 21
5.900980000000004
  0
LINE
  5
2CA
100
AcDbEntity
  8
parts layout
  6
CONTINUOUS
 62
  256
370
   -1
100
AcDbLine
 10
45.53610400000002
 20
5.900980000000004
 11
45.45000000000002
 21
5.883853000000002
  0
LINE
  5
2CB
100
AcDbEntity
  8
parts layout
  6
CONTINUOUS
 62
  256
370
   -1
100
AcDbLine
 10
45.45000000000002
 20
5.883853000000002
 11
44.70000000000002
 21
5.883853000000002
  0
LINE
  5
2CC
100
AcDbEntity
  8
parts layout
  6
CONTINUOUS
 62
  256
370
   -1
100
AcDbLine
 10
44.70000000000002
 20
5.883853000000002
 11
44.61389600000001
 21
5.900980000000004
  0
LINE
  5
2CD
100
AcDbEntity
  8
parts layout
  6
CONTINUOUS
 62
  256
370
   -1
100
AcDbLine
 10
44.61389600000001
 20
5.900980000000004
 11
44.54090100000002
 21
5.949753999999999
  0
LINE
  5
2CE
100
AcDbEntity
  8
parts layout
  6
CONTINUOUS
 62
  256
370
   -1
100
AcDbLine
 10
44.54090100000002
 20
5.949753999999999
 11
44.49212700000001
 21
6.022749000000005
  0
LINE
  5
2CF
100
AcDbEntity
  8
parts layout
  6
CONTINUOUS
 62
  256
370
   -1
100
AcDbLine
 10
44.49212700000001
 20
6.022749000000005
 11
44.47500000000002
 21
6.108852999999996
  0
LINE
  5
2D0
100
AcDbEntity
  8
parts layout
  6
CONTINUOUS
 62
  256
370
   -1
100
AcDbLine
 10
44.47500000000002
 20
6.108852999999996
 11
44.47500000000002
 21
6.558852999999999
  0
LINE
  5
2D1
100
AcDbEntity
  8
parts layout
  6
CONTINUOUS
 62
  256
370
   -1
100
AcDbLine
 10
44.47500000000002
 20
6.558852999999999
 11
44.49212700000001
 21
6.644957000000005
  0
LINE
  5
2D2
100
AcDbEntity
  8
parts layout
  6
CONTINUOUS
 62
  256
370
   -1
100
AcDbLine
 10
44.49212700000001
 20
6.644957000000005
 11
44.54090100000002
 21
6.717951999999997
  0
LINE
  5
2D3
100
AcDbEntity
  8
parts layout
  6
CONTINUOUS
 62
  256
370
   -1
100
AcDbLine
 10
44.54090100000002
 20
6.717951999999997
 11
44.61389600000001
 21
6.766726000000006
  0
LINE
  5
2D4
100
AcDbEntity
  8
parts layout
  6
CONTINUOUS
 62
  256
370
   -1
100
AcDbLine
 10
44.61389600000001
 20
6.766726000000006
 11
44.70000000000002
 21
6.783853000000008
  0
LINE
  5
2D5
100
AcDbEntity
  8
parts layout
  6
CONTINUOUS
 62
  256
370
   -1
100
AcDbLine
 10
44.70000000000002
 20
6.783853000000008
 11
45.45000000000002
 21
6.783853000000008
  0
LINE
  5
2D6
100
AcDbEntity
  8
parts layout
  6
CONTINUOUS
 62
  256
370
   -1
100
AcDbLine
 10
45.45000000000002
 20
6.783853000000008
 11
45.53610400000002
 21
6.766726000000006
  0
LINE
  5
2D7
100
AcDbEntity
  8
parts layout
  6
CONTINUOUS
 62
  256
370
   -1
100
AcDbLine
 10
7.436104000000014
 20
7.276725999999996
 11
7.509099000000006
 21
7.227952000000002
  0
LINE
  5
2D8
100
AcDbEntity
  8
parts layout
  6
CONTINUOUS
 62
  256
370
   -1
100
AcDbLine
 10
7.509099000000006
 20
7.227952000000002
 11
7.557873000000015
 21
7.154956999999996
  0
LINE
  5
2D9
100
AcDbEntity
  8
parts layout
  6
CONTINUOUS
 62
  256
370
   -1
100
AcDbLine
 10
7.557873000000015
 20
7.154956999999996
 11
7.575000000000017
 21
7.068853000000004
  0
LINE
  5
2DA
100
AcDbEntity
  8
parts layout
  6
CONTINUOUS
 62
  256
370
   -1
100
AcDbLine
 10
7.575000000000017
 20
7.068853000000004
 11
7.575000000000017
 21
6.618853000000001
  0
LINE
  5
2DB
100
AcDbEntity
  8
parts layout
  6
CONTINUOUS
 62
  256
370
   -1
100
AcDbLine
 10
7.575000000000017
 20
6.618853000000001
 11
7.557873000000015
 21
6.532748999999995
  0
LINE
  5
2DC
100
AcDbEntity
  8
parts layout
  6
CONTINUOUS
 62
  256
370
   -1
100
AcDbLine
 10
7.557873000000015
 20
6.532748999999995
 11
7.509099000000006
 21
6.459754000000004
  0
LINE
  5
2DD
100
AcDbEntity
  8
parts layout
  6
CONTINUOUS
 62
  256
370
   -1
100
AcDbLine
 10
7.509099000000006
 20
6.459754000000004
 11
7.436104000000014
 21
6.410979999999995
  0
LINE
  5
2DE
100
AcDbEntity
  8
parts layout
  6
CONTINUOUS
 62
  256
370
   -1
100
AcDbLine
 10
7.436104000000014
 20
6.410979999999995
 11
7.350000000000009
 21
6.393853000000007
  0
LINE
  5
2DF
100
AcDbEntity
  8
parts layout
  6
CONTINUOUS
 62
  256
370
   -1
100
AcDbLine
 10
7.350000000000009
 20
6.393853000000007
 11
6.600000000000009
 21
6.393853000000007
  0
LINE
  5
2E0
100
AcDbEntity
  8
parts layout
  6
CONTINUOUS
 62
  256
370
   -1
100
AcDbLine
 10
6.600000000000009
 20
6.393853000000007
 11
6.513896000000017
 21
6.410979999999995
  0
LINE
  5
2E1
100
AcDbEntity
  8
parts layout
  6
CONTINUOUS
 62
  256
370
   -1
100
AcDbLine
 10
6.513896000000017
 20
6.410979999999995
 11
6.440901000000011
 21
6.459754000000004
  0
LINE
  5
2E2
100
AcDbEntity
  8
parts layout
  6
CONTINUOUS
 62
  256
370
   -1
100
AcDbLine
 10
6.440901000000011
 20
6.459754000000004
 11
6.392127000000016
 21
6.532748999999995
  0
LINE
  5
2E3
100
AcDbEntity
  8
parts layout
  6
CONTINUOUS
 62
  256
370
   -1
100
AcDbLine
 10
6.392127000000016
 20
6.532748999999995
 11
6.375000000000014
 21
6.618853000000001
  0
LINE
  5
2E4
100
AcDbEntity
  8
parts layout
  6
CONTINUOUS
 62
  256
370
   -1
100
AcDbLine
 10
6.375000000000014
 20
6.618853000000001
 11
6.375000000000014
 21
7.068853000000004
  0
LINE
  5
2E5
100
AcDbEntity
  8
parts layout
  6
CONTINUOUS
 62
  256
370
   -1
100
AcDbLine
 10
6.375000000000014
 20
7.068853000000004
 11
6.392127000000016
 21
7.154956999999996
  0
LINE
  5
2E6
100
AcDbEntity
  8
parts layout
  6
CONTINUOUS
 62
  256
370
   -1
100
AcDbLine
 10
6.392127000000016
 20
7.154956999999996
 11
6.440901000000011
 21
7.227952000000002
  0
LINE
  5
2E7
100
AcDbEntity
  8
parts layout
  6
CONTINUOUS
 62
  256
370
   -1
100
AcDbLine
 10
6.440901000000011
 20
7.227952000000002
 11
6.513896000000017
 21
7.276725999999996
  0
LINE
  5
2E8
100
AcDbEntity
  8
parts layout
  6
CONTINUOUS
 62
  256
370
   -1
100
AcDbLine
 10
6.513896000000017
 20
7.276725999999996
 11
6.600000000000009
 21
7.293852999999999
  0
LINE
  5
2E9
100
AcDbEntity
  8
parts layout
  6
CONTINUOUS
 62
  256
370
   -1
100
AcDbLine
 10
6.600000000000009
 20
7.293852999999999
 11
7.350000000000009
 21
7.293852999999999
  0
LINE
  5
2EA
100
AcDbEntity
  8
parts layout
  6
CONTINUOUS
 62
  256
370
   -1
100
AcDbLine
 10
7.350000000000009
 20
7.293852999999999
 11
7.436104000000014
 21
7.276725999999996
  0
LINE
  5
2EB
100
AcDbEntity
  8
parts layout
  6
CONTINUOUS
 62
  256
370
   -1
100
AcDbLine
 10
-50.37499999999999
 20
6.493853000000001
 11
-53.67499999999998
 21
6.493853000000001
  0
LINE
  5
2EC
100
AcDbEntity
  8
parts layout
  6
CONTINUOUS
 62
  256
370
   -1
100
AcDbLine
 10
-53.67499999999998
 20
6.493853000000001
 11
-53.67499999999998
 21
9.493853000000001
  0
LINE
  5
2ED
100
AcDbEntity
  8
parts layout
  6
CONTINUOUS
 62
  256
370
   -1
100
AcDbLine
 10
-53.67499999999998
 20
9.493853000000001
 11
-50.37499999999999
 21
9.493853000000001
  0
LINE
  5
2EE
100
AcDbEntity
  8
parts layout
  6
CONTINUOUS
 62
  256
370
   -1
100
AcDbLine
 10
-50.37499999999999
 20
9.493853000000001
 11
-50.37499999999999
 21
6.493853000000001
  0
LINE
  5
2EF
100
AcDbEntity
  8
parts layout
  6
CONTINUOUS
 62
  256
370
   -1
100
AcDbLine
 10
-31.32499999999999
 20
6.493853000000001
 11
-34.62499999999999
 21
6.493853000000001
  0
LINE
  5
2F0
100
AcDbEntity
  8
parts layout
  6
CONTINUOUS
 62
  256
370
   -1
100
AcDbLine
 10
-34.62499999999999
 20
6.493853000000001
 11
-34.62499999999999
 21
9.493853000000001
  0
LINE
  5
2F1
100
AcDbEntity
  8
parts layout
  6
CONTINUOUS
 62
  256
370
   -1
100
AcDbLine
 10
-34.62499999999999
 20
9.493853000000001
 11
-31.32499999999999
 21
9.493853000000001
  0
LINE
  5
2F2
100
AcDbEntity
  8
parts layout
  6
CONTINUOUS
 62
  256
370
   -1
100
AcDbLine
 10
-31.32499999999999
 20
9.493853000000001
 11
-31.32499999999999
 21
6.493853000000001
  0
LINE
  5
2F3
100
AcDbEntity
  8
parts layout
  6
CONTINUOUS
 62
  256
370
   -1
100
AcDbLine
 10
-11.61389599999998
 20
8.631726
 11
-11.54090099999999
 21
8.582952000000006
  0
LINE
  5
2F4
100
AcDbEntity
  8
parts layout
  6
CONTINUOUS
 62
  256
370
   -1
100
AcDbLine
 10
-11.54090099999999
 20
8.582952000000006
 11
-11.49212699999998
 21
8.509957
  0
LINE
  5
2F5
100
AcDbEntity
  8
parts layout
  6
CONTINUOUS
 62
  256
370
   -1
100
AcDbLine
 10
-11.49212699999998
 20
8.509957
 11
-11.47499999999999
 21
8.423853000000008
  0
LINE
  5
2F6
100
AcDbEntity
  8
parts layout
  6
CONTINUOUS
 62
  256
370
   -1
100
AcDbLine
 10
-11.47499999999999
 20
8.423853000000008
 11
-11.47499999999999
 21
7.973853000000005
  0
LINE
  5
2F7
100
AcDbEntity
  8
parts layout
  6
CONTINUOUS
 62
  256
370
   -1
100
AcDbLine
 10
-11.47499999999999
 20
7.973853000000005
 11
-11.49212699999998
 21
7.887748999999999
  0
LINE
  5
2F8
100
AcDbEntity
  8
parts layout
  6
CONTINUOUS
 62
  256
370
   -1
100
AcDbLine
 10
-11.49212699999998
 20
7.887748999999999
 11
-11.54090099999999
 21
7.814754000000008
  0
LINE
  5
2F9
100
AcDbEntity
  8
parts layout
  6
CONTINUOUS
 62
  256
370
   -1
100
AcDbLine
 10
-11.54090099999999
 20
7.814754000000008
 11
-11.61389599999998
 21
7.765979999999999
  0
LINE
  5
2FA
100
AcDbEntity
  8
parts layout
  6
CONTINUOUS
 62
  256
370
   -1
100
AcDbLine
 10
-11.61389599999998
 20
7.765979999999999
 11
-11.69999999999999
 21
7.748852999999997
  0
LINE
  5
2FB
100
AcDbEntity
  8
parts layout
  6
CONTINUOUS
 62
  256
370
   -1
100
AcDbLine
 10
-11.69999999999999
 20
7.748852999999997
 11
-12.44999999999999
 21
7.748852999999997
  0
LINE
  5
2FC
100
AcDbEntity
  8
parts layout
  6
CONTINUOUS
 62
  256
370
   -1
100
AcDbLine
 10
-12.44999999999999
 20
7.748852999999997
 11
-12.53610399999998
 21
7.765979999999999
  0
LINE
  5
2FD
100
AcDbEntity
  8
parts layout
  6
CONTINUOUS
 62
  256
370
   -1
100
AcDbLine
 10
-12.53610399999998
 20
7.765979999999999
 11
-12.60909899999999
 21
7.814754000000008
  0
LINE
  5
2FE
100
AcDbEntity
  8
parts layout
  6
CONTINUOUS
 62
  256
370
   -1
100
AcDbLine
 10
-12.60909899999999
 20
7.814754000000008
 11
-12.65787299999998
 21
7.887748999999999
  0
LINE
  5
2FF
100
AcDbEntity
  8
parts layout
  6
CONTINUOUS
 62
  256
370
   -1
100
AcDbLine
 10
-12.65787299999998
 20
7.887748999999999
 11
-12.67499999999998
 21
7.973853000000005
  0
LINE
  5
300
100
AcDbEntity
  8
parts layout
  6
CONTINUOUS
 62
  256
370
   -1
100
AcDbLine
 10
-12.67499999999998
 20
7.973853000000005
 11
-12.67499999999998
 21
8.423853000000008
  0
LINE
  5
301
100
AcDbEntity
  8
parts layout
  6
CONTINUOUS
 62
  256
370
   -1
100
AcDbLine
 10
-12.67499999999998
 20
8.423853000000008
 11
-12.65787299999998
 21
8.509957
  0
LINE
  5
302
100
AcDbEntity
  8
parts layout
  6
CONTINUOUS
 62
  256
370
   -1
100
AcDbLine
 10
-12.65787299999998
 20
8.509957
 11
-12.60909899999999
 21
8.582952000000006
  0
LINE
  5
303
100
AcDbEntity
  8
parts layout
  6
CONTINUOUS
 62
  256
370
   -1
100
AcDbLine
 10
-12.60909899999999
 20
8.582952000000006
 11
-12.53610399999998
 21
8.631726
  0
LINE
  5
304
100
AcDbEntity
  8
parts layout
  6
CONTINUOUS
 62
  256
370
   -1
100
AcDbLine
 10
-12.53610399999998
 20
8.631726
 11
-12.44999999999999
 21
8.648853000000003
  0
LINE
  5
305
100
AcDbEntity
  8
parts layout
  6
CONTINUOUS
 62
  256
370
   -1
100
AcDbLine
 10
-12.44999999999999
 20
8.648853000000003
 11
-11.69999999999999
 21
8.648853000000003
  0
LINE
  5
306
100
AcDbEntity
  8
parts layout
  6
CONTINUOUS
 62
  256
370
   -1
100
AcDbLine
 10
-11.69999999999999
 20
8.648853000000003
 11
-11.61389599999998
 21
8.631726
  0
LINE
  5
307
100
AcDbEntity
  8
parts layout
  6
CONTINUOUS
 62
  256
370
   -1
100
AcDbLine
 10
26.48610400000001
 20
8.631726
 11
26.559099
 21
8.582952000000006
  0
LINE
  5
308
100
AcDbEntity
  8
parts layout
  6
CONTINUOUS
 62
  256
370
   -1
100
AcDbLine
 10
26.559099
 20
8.582952000000006
 11
26.60787300000001
 21
8.509957
  0
LINE
  5
309
100
AcDbEntity
  8
parts layout
  6
CONTINUOUS
 62
  256
370
   -1
100
AcDbLine
 10
26.60787300000001
 20
8.509957
 11
26.625
 21
8.423853000000008
  0
LINE
  5
30A
100
AcDbEntity
  8
parts layout
  6
CONTINUOUS
 62
  256
370
   -1
100
AcDbLine
 10
26.625
 20
8.423853000000008
 11
26.625
 21
7.973853000000005
  0
LINE
  5
30B
100
AcDbEntity
  8
parts layout
  6
CONTINUOUS
 62
  256
370
   -1
100
AcDbLine
 10
26.625
 20
7.973853000000005
 11
26.60787300000001
 21
7.887748999999999
  0
LINE
  5
30C
100
AcDbEntity
  8
parts layout
  6
CONTINUOUS
 62
  256
370
   -1
100
AcDbLine
 10
26.60787300000001
 20
7.887748999999999
 11
26.559099
 21
7.814754000000008
  0
LINE
  5
30D
100
AcDbEntity
  8
parts layout
  6
CONTINUOUS
 62
  256
370
   -1
100
AcDbLine
 10
26.559099
 20
7.814754000000008
 11
26.48610400000001
 21
7.765979999999999
  0
LINE
  5
30E
100
AcDbEntity
  8
parts layout
  6
CONTINUOUS
 62
  256
370
   -1
100
AcDbLine
 10
26.48610400000001
 20
7.765979999999999
 11
26.40000000000001
 21
7.748852999999997
  0
LINE
  5
30F
100
AcDbEntity
  8
parts layout
  6
CONTINUOUS
 62
  256
370
   -1
100
AcDbLine
 10
26.40000000000001
 20
7.748852999999997
 11
25.65000000000001
 21
7.748852999999997
  0
LINE
  5
310
100
AcDbEntity
  8
parts layout
  6
CONTINUOUS
 62
  256
370
   -1
100
AcDbLine
 10
25.65000000000001
 20
7.748852999999997
 11
25.563896
 21
7.765979999999999
  0
LINE
  5
311
100
AcDbEntity
  8
parts layout
  6
CONTINUOUS
 62
  256
370
   -1
100
AcDbLine
 10
25.563896
 20
7.765979999999999
 11
25.49090100000001
 21
7.814754000000008
  0
LINE
  5
312
100
AcDbEntity
  8
parts layout
  6
CONTINUOUS
 62
  256
370
   -1
100
AcDbLine
 10
25.49090100000001
 20
7.814754000000008
 11
25.442127
 21
7.887748999999999
  0
LINE
  5
313
100
AcDbEntity
  8
parts layout
  6
CONTINUOUS
 62
  256
370
   -1
100
AcDbLine
 10
25.442127
 20
7.887748999999999
 11
25.42500000000001
 21
7.973853000000005
  0
LINE
  5
314
100
AcDbEntity
  8
parts layout
  6
CONTINUOUS
 62
  256
370
   -1
100
AcDbLine
 10
25.42500000000001
 20
7.973853000000005
 11
25.42500000000001
 21
8.423853000000008
  0
LINE
  5
315
100
AcDbEntity
  8
parts layout
  6
CONTINUOUS
 62
  256
370
   -1
100
AcDbLine
 10
25.42500000000001
 20
8.423853000000008
 11
25.442127
 21
8.509957
  0
LINE
  5
316
100
AcDbEntity
  8
parts layout
  6
CONTINUOUS
 62
  256
370
   -1
100
AcDbLine
 10
25.442127
 20
8.509957
 11
25.49090100000001
 21
8.582952000000006
  0
LINE
  5
317
100
AcDbEntity
  8
parts layout
  6
CONTINUOUS
 62
  256
370
   -1
100
AcDbLine
 10
25.49090100000001
 20
8.582952000000006
 11
25.563896
 21
8.631726
  0
LINE
  5
318
100
AcDbEntity
  8
parts layout
  6
CONTINUOUS
 62
  256
370
   -1
100
AcDbLine
 10
25.563896
 20
8.631726
 11
25.65000000000001
 21
8.648853000000003
  0
LINE
  5
319
100
AcDbEntity
  8
parts layout
  6
CONTINUOUS
 62
  256
370
   -1
100
AcDbLine
 10
25.65000000000001
 20
8.648853000000003
 11
26.40000000000001
 21
8.648853000000003
  0
LINE
  5
31A
100
AcDbEntity
  8
parts layout
  6
CONTINUOUS
 62
  256
370
   -1
100
AcDbLine
 10
26.40000000000001
 20
8.648853000000003
 11
26.48610400000001
 21
8.631726
  0
LINE
  5
31B
100
AcDbEntity
  8
parts layout
  6
CONTINUOUS
 62
  256
370
   -1
100
AcDbLine
 10
31.27500000000001
 20
7.763852999999997
 11
27.97500000000002
 21
7.763852999999997
  0
LINE
  5
31C
100
AcDbEntity
  8
parts layout
  6
CONTINUOUS
 62
  256
370
   -1
100
AcDbLine
 10
27.97500000000002
 20
7.763852999999997
 11
27.97500000000002
 21
10.763853
  0
LINE
  5
31D
100
AcDbEntity
  8
parts layout
  6
CONTINUOUS
 62
  256
370
   -1
100
AcDbLine
 10
27.97500000000002
 20
10.763853
 11
31.27500000000001
 21
10.763853
  0
LINE
  5
31E
100
AcDbEntity
  8
parts layout
  6
CONTINUOUS
 62
  256
370
   -1
100
AcDbLine
 10
31.27500000000001
 20
10.763853
 11
31.27500000000001
 21
7.763852999999997
  0
LINE
  5
31F
100
AcDbEntity
  8
parts layout
  6
CONTINUOUS
 62
  256
370
   -1
100
AcDbLine
 10
12.22500000000001
 20
9.628853000000007
 11
8.925000000000011
 21
9.628853000000007
  0
LINE
  5
320
100
AcDbEntity
  8
parts layout
  6
CONTINUOUS
 62
  256
370
   -1
100
AcDbLine
 10
8.925000000000011
 20
9.628853000000007
 11
8.925000000000011
 21
12.62885300000001
  0
LINE
  5
321
100
AcDbEntity
  8
parts layout
  6
CONTINUOUS
 62
  256
370
   -1
100
AcDbLine
 10
8.925000000000011
 20
12.62885300000001
 11
12.22500000000001
 21
12.62885300000001
  0
LINE
  5
322
100
AcDbEntity
  8
parts layout
  6
CONTINUOUS
 62
  256
370
   -1
100
AcDbLine
 10
12.22500000000001
 20
12.62885300000001
 11
12.22500000000001
 21
9.628853000000007
  0
LINE
  5
323
100
AcDbEntity
  8
parts layout
  6
CONTINUOUS
 62
  256
370
   -1
100
AcDbLine
 10
-25.87499999999999
 20
9.668852999999999
 11
-29.17499999999998
 21
9.668852999999999
  0
LINE
  5
324
100
AcDbEntity
  8
parts layout
  6
CONTINUOUS
 62
  256
370
   -1
100
AcDbLine
 10
-29.17499999999998
 20
9.668852999999999
 11
-29.17499999999998
 21
12.668853
  0
LINE
  5
325
100
AcDbEntity
  8
parts layout
  6
CONTINUOUS
 62
  256
370
   -1
100
AcDbLine
 10
-29.17499999999998
 20
12.668853
 11
-25.87499999999999
 21
12.668853
  0
LINE
  5
326
100
AcDbEntity
  8
parts layout
  6
CONTINUOUS
 62
  256
370
   -1
100
AcDbLine
 10
-25.87499999999999
 20
12.668853
 11
-25.87499999999999
 21
9.668852999999999
  0
LINE
  5
327
100
AcDbEntity
  8
parts layout
  6
CONTINUOUS
 62
  256
370
   -1
100
AcDbLine
 10
7.436104000000014
 20
10.57672600000001
 11
7.509099000000006
 21
10.527952
  0
LINE
  5
328
100
AcDbEntity
  8
parts layout
  6
CONTINUOUS
 62
  256
370
   -1
100
AcDbLine
 10
7.509099000000006
 20
10.527952
 11
7.557873000000015
 21
10.45495700000001
  0
LINE
  5
329
100
AcDbEntity
  8
parts layout
  6
CONTINUOUS
 62
  256
370
   -1
100
AcDbLine
 10
7.557873000000015
 20
10.45495700000001
 11
7.575000000000017
 21
10.368853
  0
LINE
  5
32A
100
AcDbEntity
  8
parts layout
  6
CONTINUOUS
 62
  256
370
   -1
100
AcDbLine
 10
7.575000000000017
 20
10.368853
 11
7.575000000000017
 21
9.918852999999999
  0
LINE
  5
32B
100
AcDbEntity
  8
parts layout
  6
CONTINUOUS
 62
  256
370
   -1
100
AcDbLine
 10
7.575000000000017
 20
9.918852999999999
 11
7.557873000000015
 21
9.832749000000007
  0
LINE
  5
32C
100
AcDbEntity
  8
parts layout
  6
CONTINUOUS
 62
  256
370
   -1
100
AcDbLine
 10
7.557873000000015
 20
9.832749000000007
 11
7.509099000000006
 21
9.759754000000001
  0
LINE
  5
32D
100
AcDbEntity
  8
parts layout
  6
CONTINUOUS
 62
  256
370
   -1
100
AcDbLine
 10
7.509099000000006
 20
9.759754000000001
 11
7.436104000000014
 21
9.710980000000006
  0
LINE
  5
32E
100
AcDbEntity
  8
parts layout
  6
CONTINUOUS
 62
  256
370
   -1
100
AcDbLine
 10
7.436104000000014
 20
9.710980000000006
 11
7.350000000000009
 21
9.693853000000004
  0
LINE
  5
32F
100
AcDbEntity
  8
parts layout
  6
CONTINUOUS
 62
  256
370
   -1
100
AcDbLine
 10
7.350000000000009
 20
9.693853000000004
 11
6.600000000000009
 21
9.693853000000004
  0
LINE
  5
330
100
AcDbEntity
  8
parts layout
  6
CONTINUOUS
 62
  256
370
   -1
100
AcDbLine
 10
6.600000000000009
 20
9.693853000000004
 11
6.513896000000017
 21
9.710980000000006
  0
LINE
  5
331
100
AcDbEntity
  8
parts layout
  6
CONTINUOUS
 62
  256
370
   -1
100
AcDbLine
 10
6.513896000000017
 20
9.710980000000006
 11
6.440901000000011
 21
9.759754000000001
  0
LINE
  5
332
100
AcDbEntity
  8
parts layout
  6
CONTINUOUS
 62
  256
370
   -1
100
AcDbLine
 10
6.440901000000011
 20
9.759754000000001
 11
6.392127000000016
 21
9.832749000000007
  0
LINE
  5
333
100
AcDbEntity
  8
parts layout
  6
CONTINUOUS
 62
  256
370
   -1
100
AcDbLine
 10
6.392127000000016
 20
9.832749000000007
 11
6.375000000000014
 21
9.918852999999999
  0
LINE
  5
334
100
AcDbEntity
  8
parts layout
  6
CONTINUOUS
 62
  256
370
   -1
100
AcDbLine
 10
6.375000000000014
 20
9.918852999999999
 11
6.375000000000014
 21
10.368853
  0
LINE
  5
335
100
AcDbEntity
  8
parts layout
  6
CONTINUOUS
 62
  256
370
   -1
100
AcDbLine
 10
6.375000000000014
 20
10.368853
 11
6.392127000000016
 21
10.45495700000001
  0
LINE
  5
336
100
AcDbEntity
  8
parts layout
  6
CONTINUOUS
 62
  256
370
   -1
100
AcDbLine
 10
6.392127000000016
 20
10.45495700000001
 11
6.440901000000011
 21
10.527952
  0
LINE
  5
337
100
AcDbEntity
  8
parts layout
  6
CONTINUOUS
 62
  256
370
   -1
100
AcDbLine
 10
6.440901000000011
 20
10.527952
 11
6.513896000000017
 21
10.57672600000001
  0
LINE
  5
338
100
AcDbEntity
  8
parts layout
  6
CONTINUOUS
 62
  256
370
   -1
100
AcDbLine
 10
6.513896000000017
 20
10.57672600000001
 11
6.600000000000009
 21
10.593853
  0
LINE
  5
339
100
AcDbEntity
  8
parts layout
  6
CONTINUOUS
 62
  256
370
   -1
100
AcDbLine
 10
6.600000000000009
 20
10.593853
 11
7.350000000000009
 21
10.593853
  0
LINE
  5
33A
100
AcDbEntity
  8
parts layout
  6
CONTINUOUS
 62
  256
370
   -1
100
AcDbLine
 10
7.350000000000009
 20
10.593853
 11
7.436104000000014
 21
10.57672600000001
  0
LINE
  5
33B
100
AcDbEntity
  8
parts layout
  6
CONTINUOUS
 62
  256
370
   -1
100
AcDbLine
 10
44.875
 20
10.303853
 11
41.57500000000002
 21
10.303853
  0
LINE
  5
33C
100
AcDbEntity
  8
parts layout
  6
CONTINUOUS
 62
  256
370
   -1
100
AcDbLine
 10
41.57500000000002
 20
10.303853
 11
41.57500000000002
 21
13.303853
  0
LINE
  5
33D
100
AcDbEntity
  8
parts layout
  6
CONTINUOUS
 62
  256
370
   -1
100
AcDbLine
 10
41.57500000000002
 20
13.303853
 11
44.875
 21
13.303853
  0
LINE
  5
33E
100
AcDbEntity
  8
parts layout
  6
CONTINUOUS
 62
  256
370
   -1
100
AcDbLine
 10
44.875
 20
13.303853
 11
44.875
 21
10.303853
  0
LINE
  5
33F
100
AcDbEntity
  8
parts layout
  6
CONTINUOUS
 62
  256
370
   -1
100
AcDbLine
 10
-6.824999999999989
 20
11.573853
 11
-10.12499999999999
 21
11.573853
  0
LINE
  5
340
100
AcDbEntity
  8
parts layout
  6
CONTINUOUS
 62
  256
370
   -1
100
AcDbLine
 10
-10.12499999999999
 20
11.573853
 11
-10.12499999999999
 21
14.573853
  0
LINE
  5
341
100
AcDbEntity
  8
parts layout
  6
CONTINUOUS
 62
  256
370
   -1
100
AcDbLine
 10
-10.12499999999999
 20
14.573853
 11
-6.824999999999989
 21
14.573853
  0
LINE
  5
342
100
AcDbEntity
  8
parts layout
  6
CONTINUOUS
 62
  256
370
   -1
100
AcDbLine
 10
-6.824999999999989
 20
14.573853
 11
-6.824999999999989
 21
11.573853
  0
LINE
  5
343
100
AcDbEntity
  8
parts layout
  6
CONTINUOUS
 62
  256
370
   -1
100
AcDbLine
 10
25.82500000000002
 20
12.168853
 11
22.52500000000001
 21
12.168853
  0
LINE
  5
344
100
AcDbEntity
  8
parts layout
  6
CONTINUOUS
 62
  256
370
   -1
100
AcDbLine
 10
22.52500000000001
 20
12.168853
 11
22.52500000000001
 21
15.168853
  0
LINE
  5
345
100
AcDbEntity
  8
parts layout
  6
CONTINUOUS
 62
  256
370
   -1
100
AcDbLine
 10
22.52500000000001
 20
15.168853
 11
25.82500000000002
 21
15.168853
  0
LINE
  5
346
100
AcDbEntity
  8
parts layout
  6
CONTINUOUS
 62
  256
370
   -1
100
AcDbLine
 10
25.82500000000002
 20
15.168853
 11
25.82500000000002
 21
12.168853
  0
LINE
  5
347
100
AcDbEntity
  8
parts layout
  6
CONTINUOUS
 62
  256
370
   -1
100
AcDbLine
 10
-12.27499999999999
 20
12.208853
 11
-15.57499999999999
 21
12.208853
  0
LINE
  5
348
100
AcDbEntity
  8
parts layout
  6
CONTINUOUS
 62
  256
370
   -1
100
AcDbLine
 10
-15.57499999999999
 20
12.208853
 11
-15.57499999999999
 21
15.208853
  0
LINE
  5
349
100
AcDbEntity
  8
parts layout
  6
CONTINUOUS
 62
  256
370
   -1
100
AcDbLine
 10
-15.57499999999999
 20
15.208853
 11
-12.27499999999999
 21
15.208853
  0
LINE
  5
34A
100
AcDbEntity
  8
parts layout
  6
CONTINUOUS
 62
  256
370
   -1
100
AcDbLine
 10
-12.27499999999999
 20
15.208853
 11
-12.27499999999999
 21
12.208853
  0
LINE
  5
34B
100
AcDbEntity
  8
parts layout
  6
CONTINUOUS
 62
  256
370
   -1
100
AcDbLine
 10
6.775000000000006
 20
14.11385300000001
 11
3.475000000000009
 21
14.11385300000001
  0
LINE
  5
34C
100
AcDbEntity
  8
parts layout
  6
CONTINUOUS
 62
  256
370
   -1
100
AcDbLine
 10
3.475000000000009
 20
14.11385300000001
 11
3.475000000000009
 21
17.113853
  0
LINE
  5
34D
100
AcDbEntity
  8
parts layout
  6
CONTINUOUS
 62
  256
370
   -1
100
AcDbLine
 10
3.475000000000009
 20
17.113853
 11
6.775000000000006
 21
17.113853
  0
LINE
  5
34E
100
AcDbEntity
  8
parts layout
  6
CONTINUOUS
 62
  256
370
   -1
100
AcDbLine
 10
6.775000000000006
 20
17.113853
 11
6.775000000000006
 21
14.11385300000001
  0
LINE
  5
34F
100
AcDbEntity
  8
parts layout
  6
CONTINUOUS
 62
  256
370
   -1
100
AcDbLine
 10
-49.71389599999998
 20
18.706726
 11
-49.64090099999999
 21
18.657952
  0
LINE
  5
350
100
AcDbEntity
  8
parts layout
  6
CONTINUOUS
 62
  256
370
   -1
100
AcDbLine
 10
-49.64090099999999
 20
18.657952
 11
-49.59212699999998
 21
18.584957
  0
LINE
  5
351
100
AcDbEntity
  8
parts layout
  6
CONTINUOUS
 62
  256
370
   -1
100
AcDbLine
 10
-49.59212699999998
 20
18.584957
 11
-49.57499999999999
 21
18.498853
  0
LINE
  5
352
100
AcDbEntity
  8
parts layout
  6
CONTINUOUS
 62
  256
370
   -1
100
AcDbLine
 10
-49.57499999999999
 20
18.498853
 11
-49.57499999999999
 21
18.048853
  0
LINE
  5
353
100
AcDbEntity
  8
parts layout
  6
CONTINUOUS
 62
  256
370
   -1
100
AcDbLine
 10
-49.57499999999999
 20
18.048853
 11
-49.59212699999998
 21
17.962749
  0
LINE
  5
354
100
AcDbEntity
  8
parts layout
  6
CONTINUOUS
 62
  256
370
   -1
100
AcDbLine
 10
-49.59212699999998
 20
17.962749
 11
-49.64090099999999
 21
17.889754
  0
LINE
  5
355
100
AcDbEntity
  8
parts layout
  6
CONTINUOUS
 62
  256
370
   -1
100
AcDbLine
 10
-49.64090099999999
 20
17.889754
 11
-49.71389599999998
 21
17.84098
  0
LINE
  5
356
100
AcDbEntity
  8
parts layout
  6
CONTINUOUS
 62
  256
370
   -1
100
AcDbLine
 10
-49.71389599999998
 20
17.84098
 11
-49.79999999999998
 21
17.823853
  0
LINE
  5
357
100
AcDbEntity
  8
parts layout
  6
CONTINUOUS
 62
  256
370
   -1
100
AcDbLine
 10
-49.79999999999998
 20
17.823853
 11
-50.54999999999998
 21
17.823853
  0
LINE
  5
358
100
AcDbEntity
  8
parts layout
  6
CONTINUOUS
 62
  256
370
   -1
100
AcDbLine
 10
-50.54999999999998
 20
17.823853
 11
-50.63610399999999
 21
17.84098
  0
LINE
  5
359
100
AcDbEntity
  8
parts layout
  6
CONTINUOUS
 62
  256
370
   -1
100
AcDbLine
 10
-50.63610399999999
 20
17.84098
 11
-50.70909899999999
 21
17.889754
  0
LINE
  5
35A
100
AcDbEntity
  8
parts layout
  6
CONTINUOUS
 62
  256
370
   -1
100
AcDbLine
 10
-50.70909899999999
 20
17.889754
 11
-50.75787299999998
 21
17.962749
  0
LINE
  5
35B
100
AcDbEntity
  8
parts layout
  6
CONTINUOUS
 62
  256
370
   -1
100
AcDbLine
 10
-50.75787299999998
 20
17.962749
 11
-50.77499999999998
 21
18.048853
  0
LINE
  5
35C
100
AcDbEntity
  8
parts layout
  6
CONTINUOUS
 62
  256
370
   -1
100
AcDbLine
 10
-50.77499999999998
 20
18.048853
 11
-50.77499999999998
 21
18.498853
  0
LINE
  5
35D
100
AcDbEntity
  8
parts layout
  6
CONTINUOUS
 62
  256
370
   -1
100
AcDbLine
 10
-50.77499999999998
 20
18.498853
 11
-50.75787299999998
 21
18.584957
  0
LINE
  5
35E
100
AcDbEntity
  8
parts layout
  6
CONTINUOUS
 62
  256
370
   -1
100
AcDbLine
 10
-50.75787299999998
 20
18.584957
 11
-50.70909899999999
 21
18.657952
  0
LINE
  5
35F
100
AcDbEntity
  8
parts layout
  6
CONTINUOUS
 62
  256
370
   -1
100
AcDbLine
 10
-50.70909899999999
 20
18.657952
 11
-50.63610399999999
 21
18.706726
  0
LINE
  5
360
100
AcDbEntity
  8
parts layout
  6
CONTINUOUS
 62
  256
370
   -1
100
AcDbLine
 10
-50.63610399999999
 20
18.706726
 11
-50.54999999999998
 21
18.723853
  0
LINE
  5
361
100
AcDbEntity
  8
parts layout
  6
CONTINUOUS
 62
  256
370
   -1
100
AcDbLine
 10
-50.54999999999998
 20
18.723853
 11
-49.79999999999998
 21
18.723853
  0
LINE
  5
362
100
AcDbEntity
  8
parts layout
  6
CONTINUOUS
 62
  256
370
   -1
100
AcDbLine
 10
-49.79999999999998
 20
18.723853
 11
-49.71389599999998
 21
18.706726
  0
LINE
  5
363
100
AcDbEntity
  8
parts layout
  6
CONTINUOUS
 62
  256
370
   -1
100
AcDbLine
 10
-30.66389599999998
 20
18.706726
 11
-30.59090099999999
 21
18.657952
  0
LINE
  5
364
100
AcDbEntity
  8
parts layout
  6
CONTINUOUS
 62
  256
370
   -1
100
AcDbLine
 10
-30.59090099999999
 20
18.657952
 11
-30.54212699999998
 21
18.584957
  0
LINE
  5
365
100
AcDbEntity
  8
parts layout
  6
CONTINUOUS
 62
  256
370
   -1
100
AcDbLine
 10
-30.54212699999998
 20
18.584957
 11
-30.52499999999999
 21
18.498853
  0
LINE
  5
366
100
AcDbEntity
  8
parts layout
  6
CONTINUOUS
 62
  256
370
   -1
100
AcDbLine
 10
-30.52499999999999
 20
18.498853
 11
-30.52499999999999
 21
18.048853
  0
LINE
  5
367
100
AcDbEntity
  8
parts layout
  6
CONTINUOUS
 62
  256
370
   -1
100
AcDbLine
 10
-30.52499999999999
 20
18.048853
 11
-30.54212699999998
 21
17.962749
  0
LINE
  5
368
100
AcDbEntity
  8
parts layout
  6
CONTINUOUS
 62
  256
370
   -1
100
AcDbLine
 10
-30.54212699999998
 20
17.962749
 11
-30.59090099999999
 21
17.889754
  0
LINE
  5
369
100
AcDbEntity
  8
parts layout
  6
CONTINUOUS
 62
  256
370
   -1
100
AcDbLine
 10
-30.59090099999999
 20
17.889754
 11
-30.66389599999998
 21
17.84098
  0
LINE
  5
36A
100
AcDbEntity
  8
parts layout
  6
CONTINUOUS
 62
  256
370
   -1
100
AcDbLine
 10
-30.66389599999998
 20
17.84098
 11
-30.74999999999999
 21
17.823853
  0
LINE
  5
36B
100
AcDbEntity
  8
parts layout
  6
CONTINUOUS
 62
  256
370
   -1
100
AcDbLine
 10
-30.74999999999999
 20
17.823853
 11
-31.49999999999999
 21
17.823853
  0
LINE
  5
36C
100
AcDbEntity
  8
parts layout
  6
CONTINUOUS
 62
  256
370
   -1
100
AcDbLine
 10
-31.49999999999999
 20
17.823853
 11
-31.58610399999999
 21
17.84098
  0
LINE
  5
36D
100
AcDbEntity
  8
parts layout
  6
CONTINUOUS
 62
  256
370
   -1
100
AcDbLine
 10
-31.58610399999999
 20
17.84098
 11
-31.65909899999998
 21
17.889754
  0
LINE
  5
36E
100
AcDbEntity
  8
parts layout
  6
CONTINUOUS
 62
  256
370
   -1
100
AcDbLine
 10
-31.65909899999998
 20
17.889754
 11
-31.70787299999999
 21
17.962749
  0
LINE
  5
36F
100
AcDbEntity
  8
parts layout
  6
CONTINUOUS
 62
  256
370
   -1
100
AcDbLine
 10
-31.70787299999999
 20
17.962749
 11
-31.72499999999998
 21
18.048853
  0
LINE
  5
370
100
AcDbEntity
  8
parts layout
  6
CONTINUOUS
 62
  256
370
   -1
100
AcDbLine
 10
-31.72499999999998
 20
18.048853
 11
-31.72499999999998
 21
18.498853
  0
LINE
  5
371
100
AcDbEntity
  8
parts layout
  6
CONTINUOUS
 62
  256
370
   -1
100
AcDbLine
 10
-31.72499999999998
 20
18.498853
 11
-31.70787299999999
 21
18.584957
  0
LINE
  5
372
100
AcDbEntity
  8
parts layout
  6
CONTINUOUS
 62
  256
370
   -1
100
AcDbLine
 10
-31.70787299999999
 20
18.584957
 11
-31.65909899999998
 21
18.657952
  0
LINE
  5
373
100
AcDbEntity
  8
parts layout
  6
CONTINUOUS
 62
  256
370
   -1
100
AcDbLine
 10
-31.65909899999998
 20
18.657952
 11
-31.58610399999999
 21
18.706726
  0
LINE
  5
374
100
AcDbEntity
  8
parts layout
  6
CONTINUOUS
 62
  256
370
   -1
100
AcDbLine
 10
-31.58610399999999
 20
18.706726
 11
-31.49999999999999
 21
18.723853
  0
LINE
  5
375
100
AcDbEntity
  8
parts layout
  6
CONTINUOUS
 62
  256
370
   -1
100
AcDbLine
 10
-31.49999999999999
 20
18.723853
 11
-30.74999999999999
 21
18.723853
  0
LINE
  5
376
100
AcDbEntity
  8
parts layout
  6
CONTINUOUS
 62
  256
370
   -1
100
AcDbLine
 10
-30.74999999999999
 20
18.723853
 11
-30.66389599999998
 21
18.706726
  0
LINE
  5
377
100
AcDbEntity
  8
parts layout
  6
CONTINUOUS
 62
  256
370
   -1
100
AcDbLine
 10
-49.71389599999998
 20
22.006726
 11
-49.64090099999999
 21
21.957952
  0
LINE
  5
378
100
AcDbEntity
  8
parts layout
  6
CONTINUOUS
 62
  256
370
   -1
100
AcDbLine
 10
-49.64090099999999
 20
21.957952
 11
-49.59212699999998
 21
21.884957
  0
LINE
  5
379
100
AcDbEntity
  8
parts layout
  6
CONTINUOUS
 62
  256
370
   -1
100
AcDbLine
 10
-49.59212699999998
 20
21.884957
 11
-49.57499999999999
 21
21.798853
  0
LINE
  5
37A
100
AcDbEntity
  8
parts layout
  6
CONTINUOUS
 62
  256
370
   -1
100
AcDbLine
 10
-49.57499999999999
 20
21.798853
 11
-49.57499999999999
 21
21.348853
  0
LINE
  5
37B
100
AcDbEntity
  8
parts layout
  6
CONTINUOUS
 62
  256
370
   -1
100
AcDbLine
 10
-49.57499999999999
 20
21.348853
 11
-49.59212699999998
 21
21.262749
  0
LINE
  5
37C
100
AcDbEntity
  8
parts layout
  6
CONTINUOUS
 62
  256
370
   -1
100
AcDbLine
 10
-49.59212699999998
 20
21.262749
 11
-49.64090099999999
 21
21.189754
  0
LINE
  5
37D
100
AcDbEntity
  8
parts layout
  6
CONTINUOUS
 62
  256
370
   -1
100
AcDbLine
 10
-49.64090099999999
 20
21.189754
 11
-49.71389599999998
 21
21.14098
  0
LINE
  5
37E
100
AcDbEntity
  8
parts layout
  6
CONTINUOUS
 62
  256
370
   -1
100
AcDbLine
 10
-49.71389599999998
 20
21.14098
 11
-49.79999999999998
 21
21.123853
  0
LINE
  5
37F
100
AcDbEntity
  8
parts layout
  6
CONTINUOUS
 62
  256
370
   -1
100
AcDbLine
 10
-49.79999999999998
 20
21.123853
 11
-50.54999999999998
 21
21.123853
  0
LINE
  5
380
100
AcDbEntity
  8
parts layout
  6
CONTINUOUS
 62
  256
370
   -1
100
AcDbLine
 10
-50.54999999999998
 20
21.123853
 11
-50.63610399999999
 21
21.14098
  0
LINE
  5
381
100
AcDbEntity
  8
parts layout
  6
CONTINUOUS
 62
  256
370
   -1
100
AcDbLine
 10
-50.63610399999999
 20
21.14098
 11
-50.70909899999999
 21
21.189754
  0
LINE
  5
382
100
AcDbEntity
  8
parts layout
  6
CONTINUOUS
 62
  256
370
   -1
100
AcDbLine
 10
-50.70909899999999
 20
21.189754
 11
-50.75787299999998
 21
21.262749
  0
LINE
  5
383
100
AcDbEntity
  8
parts layout
  6
CONTINUOUS
 62
  256
370
   -1
100
AcDbLine
 10
-50.75787299999998
 20
21.262749
 11
-50.77499999999998
 21
21.348853
  0
LINE
  5
384
100
AcDbEntity
  8
parts layout
  6
CONTINUOUS
 62
  256
370
   -1
100
AcDbLine
 10
-50.77499999999998
 20
21.348853
 11
-50.77499999999998
 21
21.798853
  0
LINE
  5
385
100
AcDbEntity
  8
parts layout
  6
CONTINUOUS
 62
  256
370
   -1
100
AcDbLine
 10
-50.77499999999998
 20
21.798853
 11
-50.75787299999998
 21
21.884957
  0
LINE
  5
386
100
AcDbEntity
  8
parts layout
  6
CONTINUOUS
 62
  256
370
   -1
100
AcDbLine
 10
-50.75787299999998
 20
21.884957
 11
-50.70909899999999
 21
21.957952
  0
LINE
  5
387
100
AcDbEntity
  8
parts layout
  6
CONTINUOUS
 62
  256
370
   -1
100
AcDbLine
 10
-50.70909899999999
 20
21.957952
 11
-50.63610399999999
 21
22.006726
  0
LINE
  5
388
100
AcDbEntity
  8
parts layout
  6
CONTINUOUS
 62
  256
370
   -1
100
AcDbLine
 10
-50.63610399999999
 20
22.006726
 11
-50.54999999999998
 21
22.023853
  0
LINE
  5
389
100
AcDbEntity
  8
parts layout
  6
CONTINUOUS
 62
  256
370
   -1
100
AcDbLine
 10
-50.54999999999998
 20
22.023853
 11
-49.79999999999998
 21
22.023853
  0
LINE
  5
38A
100
AcDbEntity
  8
parts layout
  6
CONTINUOUS
 62
  256
370
   -1
100
AcDbLine
 10
-49.79999999999998
 20
22.023853
 11
-49.71389599999998
 21
22.006726
  0
LINE
  5
38B
100
AcDbEntity
  8
parts layout
  6
CONTINUOUS
 62
  256
370
   -1
100
AcDbLine
 10
-30.66389599999998
 20
22.006726
 11
-30.59090099999999
 21
21.957952
  0
LINE
  5
38C
100
AcDbEntity
  8
parts layout
  6
CONTINUOUS
 62
  256
370
   -1
100
AcDbLine
 10
-30.59090099999999
 20
21.957952
 11
-30.54212699999998
 21
21.884957
  0
LINE
  5
38D
100
AcDbEntity
  8
parts layout
  6
CONTINUOUS
 62
  256
370
   -1
100
AcDbLine
 10
-30.54212699999998
 20
21.884957
 11
-30.52499999999999
 21
21.798853
  0
LINE
  5
38E
100
AcDbEntity
  8
parts layout
  6
CONTINUOUS
 62
  256
370
   -1
100
AcDbLine
 10
-30.52499999999999
 20
21.798853
 11
-30.52499999999999
 21
21.348853
  0
LINE
  5
38F
100
AcDbEntity
  8
parts layout
  6
CONTINUOUS
 62
  256
370
   -1
100
AcDbLine
 10
-30.52499999999999
 20
21.348853
 11
-30.54212699999998
 21
21.262749
  0
LINE
  5
390
100
AcDbEntity
  8
parts layout
  6
CONTINUOUS
 62
  256
370
   -1
100
AcDbLine
 10
-30.54212699999998
 20
21.262749
 11
-30.59090099999999
 21
21.189754
  0
LINE
  5
391
100
AcDbEntity
  8
parts layout
  6
CONTINUOUS
 62
  256
370
   -1
100
AcDbLine
 10
-30.59090099999999
 20
21.189754
 11
-30.66389599999998
 21
21.14098
  0
LINE
  5
392
100
AcDbEntity
  8
parts layout
  6
CONTINUOUS
 62
  256
370
   -1
100
AcDbLine
 10
-30.66389599999998
 20
21.14098
 11
-30.74999999999999
 21
21.123853
  0
LINE
  5
393
100
AcDbEntity
  8
parts layout
  6
CONTINUOUS
 62
  256
370
   -1
100
AcDbLine
 10
-30.74999999999999
 20
21.123853
 11
-31.49999999999999
 21
21.123853
  0
LINE
  5
394
100
AcDbEntity
  8
parts layout
  6
CONTINUOUS
 62
  256
370
   -1
100
AcDbLine
 10
-31.49999999999999
 20
21.123853
 11
-31.58610399999999
 21
21.14098
  0
LINE
  5
395
100
AcDbEntity
  8
parts layout
  6
CONTINUOUS
 62
  256
370
   -1
100
AcDbLine
 10
-31.58610399999999
 20
21.14098
 11
-31.65909899999998
 21
21.189754
  0
LINE
  5
396
100
AcDbEntity
  8
parts layout
  6
CONTINUOUS
 62
  256
370
   -1
100
AcDbLine
 10
-31.65909899999998
 20
21.189754
 11
-31.70787299999999
 21
21.262749
  0
LINE
  5
397
100
AcDbEntity
  8
parts layout
  6
CONTINUOUS
 62
  256
370
   -1
100
AcDbLine
 10
-31.70787299999999
 20
21.262749
 11
-31.72499999999998
 21
21.348853
  0
LINE
  5
398
100
AcDbEntity
  8
parts layout
  6
CONTINUOUS
 62
  256
370
   -1
100
AcDbLine
 10
-31.72499999999998
 20
21.348853
 11
-31.72499999999998
 21
21.798853
  0
LINE
  5
399
100
AcDbEntity
  8
parts layout
  6
CONTINUOUS
 62
  256
370
   -1
100
AcDbLine
 10
-31.72499999999998
 20
21.798853
 11
-31.70787299999999
 21
21.884957
  0
LINE
  5
39A
100
AcDbEntity
  8
parts layout
  6
CONTINUOUS
 62
  256
370
   -1
100
AcDbLine
 10
-31.70787299999999
 20
21.884957
 11
-31.65909899999998
 21
21.957952
  0
LINE
  5
39B
100
AcDbEntity
  8
parts layout
  6
CONTINUOUS
 62
  256
370
   -1
100
AcDbLine
 10
-31.65909899999998
 20
21.957952
 11
-31.58610399999999
 21
22.006726
  0
LINE
  5
39C
100
AcDbEntity
  8
parts layout
  6
CONTINUOUS
 62
  256
370
   -1
100
AcDbLine
 10
-31.58610399999999
 20
22.006726
 11
-31.49999999999999
 21
22.023853
  0
LINE
  5
39D
100
AcDbEntity
  8
parts layout
  6
CONTINUOUS
 62
  256
370
   -1
100
AcDbLine
 10
-31.49999999999999
 20
22.023853
 11
-30.74999999999999
 21
22.023853
  0
LINE
  5
39E
100
AcDbEntity
  8
parts layout
  6
CONTINUOUS
 62
  256
370
   -1
100
AcDbLine
 10
-30.74999999999999
 20
22.023853
 11
-30.66389599999998
 21
22.006726
  0
LINE
  5
39F
100
AcDbEntity
  8
parts layout
  6
CONTINUOUS
 62
  256
370
   -1
100
AcDbLine
 10
45.53610400000002
 20
22.516726
 11
45.60909900000001
 21
22.467952
  0
LINE
  5
3A0
100
AcDbEntity
  8
parts layout
  6
CONTINUOUS
 62
  256
370
   -1
100
AcDbLine
 10
45.60909900000001
 20
22.467952
 11
45.65787300000002
 21
22.394957
  0
LINE
  5
3A1
100
AcDbEntity
  8
parts layout
  6
CONTINUOUS
 62
  256
370
   -1
100
AcDbLine
 10
45.65787300000002
 20
22.394957
 11
45.67500000000001
 21
22.308853
  0
LINE
  5
3A2
100
AcDbEntity
  8
parts layout
  6
CONTINUOUS
 62
  256
370
   -1
100
AcDbLine
 10
45.67500000000001
 20
22.308853
 11
45.67500000000001
 21
21.858853
  0
LINE
  5
3A3
100
AcDbEntity
  8
parts layout
  6
CONTINUOUS
 62
  256
370
   -1
100
AcDbLine
 10
45.67500000000001
 20
21.858853
 11
45.65787300000002
 21
21.772749
  0
LINE
  5
3A4
100
AcDbEntity
  8
parts layout
  6
CONTINUOUS
 62
  256
370
   -1
100
AcDbLine
 10
45.65787300000002
 20
21.772749
 11
45.60909900000001
 21
21.699754
  0
LINE
  5
3A5
100
AcDbEntity
  8
parts layout
  6
CONTINUOUS
 62
  256
370
   -1
100
AcDbLine
 10
45.60909900000001
 20
21.699754
 11
45.53610400000002
 21
21.65098
  0
LINE
  5
3A6
100
AcDbEntity
  8
parts layout
  6
CONTINUOUS
 62
  256
370
   -1
100
AcDbLine
 10
45.53610400000002
 20
21.65098
 11
45.45000000000002
 21
21.633853
  0
LINE
  5
3A7
100
AcDbEntity
  8
parts layout
  6
CONTINUOUS
 62
  256
370
   -1
100
AcDbLine
 10
45.45000000000002
 20
21.633853
 11
44.70000000000002
 21
21.633853
  0
LINE
  5
3A8
100
AcDbEntity
  8
parts layout
  6
CONTINUOUS
 62
  256
370
   -1
100
AcDbLine
 10
44.70000000000002
 20
21.633853
 11
44.61389600000001
 21
21.65098
  0
LINE
  5
3A9
100
AcDbEntity
  8
parts layout
  6
CONTINUOUS
 62
  256
370
   -1
100
AcDbLine
 10
44.61389600000001
 20
21.65098
 11
44.54090100000002
 21
21.699754
  0
LINE
  5
3AA
100
AcDbEntity
  8
parts layout
  6
CONTINUOUS
 62
  256
370
   -1
100
AcDbLine
 10
44.54090100000002
 20
21.699754
 11
44.49212700000001
 21
21.772749
  0
LINE
  5
3AB
100
AcDbEntity
  8
parts layout
  6
CONTINUOUS
 62
  256
370
   -1
100
AcDbLine
 10
44.49212700000001
 20
21.772749
 11
44.47500000000002
 21
21.858853
  0
LINE
  5
3AC
100
AcDbEntity
  8
parts layout
  6
CONTINUOUS
 62
  256
370
   -1
100
AcDbLine
 10
44.47500000000002
 20
21.858853
 11
44.47500000000002
 21
22.308853
  0
LINE
  5
3AD
100
AcDbEntity
  8
parts layout
  6
CONTINUOUS
 62
  256
370
   -1
100
AcDbLine
 10
44.47500000000002
 20
22.308853
 11
44.49212700000001
 21
22.394957
  0
LINE
  5
3AE
100
AcDbEntity
  8
parts layout
  6
CONTINUOUS
 62
  256
370
   -1
100
AcDbLine
 10
44.49212700000001
 20
22.394957
 11
44.54090100000002
 21
22.467952
  0
LINE
  5
3AF
100
AcDbEntity
  8
parts layout
  6
CONTINUOUS
 62
  256
370
   -1
100
AcDbLine
 10
44.54090100000002
 20
22.467952
 11
44.61389600000001
 21
22.516726
  0
LINE
  5
3B0
100
AcDbEntity
  8
parts layout
  6
CONTINUOUS
 62
  256
370
   -1
100
AcDbLine
 10
44.61389600000001
 20
22.516726
 11
44.70000000000002
 21
22.533853
  0
LINE
  5
3B1
100
AcDbEntity
  8
parts layout
  6
CONTINUOUS
 62
  256
370
   -1
100
AcDbLine
 10
44.70000000000002
 20
22.533853
 11
45.45000000000002
 21
22.533853
  0
LINE
  5
3B2
100
AcDbEntity
  8
parts layout
  6
CONTINUOUS
 62
  256
370
   -1
100
AcDbLine
 10
45.45000000000002
 20
22.533853
 11
45.53610400000002
 21
22.516726
  0
LINE
  5
3B3
100
AcDbEntity
  8
parts layout
  6
CONTINUOUS
 62
  256
370
   -1
100
AcDbLine
 10
-63.97499999999999
 20
23.003853
 11
-67.27499999999998
 21
23.003853
  0
LINE
  5
3B4
100
AcDbEntity
  8
parts layout
  6
CONTINUOUS
 62
  256
370
   -1
100
AcDbLine
 10
-67.27499999999998
 20
23.003853
 11
-67.27499999999998
 21
26.003853
  0
LINE
  5
3B5
100
AcDbEntity
  8
parts layout
  6
CONTINUOUS
 62
  256
370
   -1
100
AcDbLine
 10
-67.27499999999998
 20
26.003853
 11
-63.97499999999999
 21
26.003853
  0
LINE
  5
3B6
100
AcDbEntity
  8
parts layout
  6
CONTINUOUS
 62
  256
370
   -1
100
AcDbLine
 10
-63.97499999999999
 20
26.003853
 11
-63.97499999999999
 21
23.003853
  0
LINE
  5
3B7
100
AcDbEntity
  8
parts layout
  6
CONTINUOUS
 62
  256
370
   -1
100
AcDbLine
 10
-44.92499999999998
 20
23.003853
 11
-48.22499999999999
 21
23.003853
  0
LINE
  5
3B8
100
AcDbEntity
  8
parts layout
  6
CONTINUOUS
 62
  256
370
   -1
100
AcDbLine
 10
-48.22499999999999
 20
23.003853
 11
-48.22499999999999
 21
26.003853
  0
LINE
  5
3B9
100
AcDbEntity
  8
parts layout
  6
CONTINUOUS
 62
  256
370
   -1
100
AcDbLine
 10
-48.22499999999999
 20
26.003853
 11
-44.92499999999998
 21
26.003853
  0
LINE
  5
3BA
100
AcDbEntity
  8
parts layout
  6
CONTINUOUS
 62
  256
370
   -1
100
AcDbLine
 10
-44.92499999999998
 20
26.003853
 11
-44.92499999999998
 21
23.003853
  0
LINE
  5
3BB
100
AcDbEntity
  8
parts layout
  6
CONTINUOUS
 62
  256
370
   -1
100
AcDbLine
 10
-11.61389599999998
 20
24.421726
 11
-11.54090099999999
 21
24.372952
  0
LINE
  5
3BC
100
AcDbEntity
  8
parts layout
  6
CONTINUOUS
 62
  256
370
   -1
100
AcDbLine
 10
-11.54090099999999
 20
24.372952
 11
-11.49212699999998
 21
24.299957
  0
LINE
  5
3BD
100
AcDbEntity
  8
parts layout
  6
CONTINUOUS
 62
  256
370
   -1
100
AcDbLine
 10
-11.49212699999998
 20
24.299957
 11
-11.47499999999999
 21
24.213853
  0
LINE
  5
3BE
100
AcDbEntity
  8
parts layout
  6
CONTINUOUS
 62
  256
370
   -1
100
AcDbLine
 10
-11.47499999999999
 20
24.213853
 11
-11.47499999999999
 21
23.763853
  0
LINE
  5
3BF
100
AcDbEntity
  8
parts layout
  6
CONTINUOUS
 62
  256
370
   -1
100
AcDbLine
 10
-11.47499999999999
 20
23.763853
 11
-11.49212699999998
 21
23.677749
  0
LINE
  5
3C0
100
AcDbEntity
  8
parts layout
  6
CONTINUOUS
 62
  256
370
   -1
100
AcDbLine
 10
-11.49212699999998
 20
23.677749
 11
-11.54090099999999
 21
23.604754
  0
LINE
  5
3C1
100
AcDbEntity
  8
parts layout
  6
CONTINUOUS
 62
  256
370
   -1
100
AcDbLine
 10
-11.54090099999999
 20
23.604754
 11
-11.61389599999998
 21
23.55598
  0
LINE
  5
3C2
100
AcDbEntity
  8
parts layout
  6
CONTINUOUS
 62
  256
370
   -1
100
AcDbLine
 10
-11.61389599999998
 20
23.55598
 11
-11.69999999999999
 21
23.538853
  0
LINE
  5
3C3
100
AcDbEntity
  8
parts layout
  6
CONTINUOUS
 62
  256
370
   -1
100
AcDbLine
 10
-11.69999999999999
 20
23.538853
 11
-12.44999999999999
 21
23.538853
  0
LINE
  5
3C4
100
AcDbEntity
  8
parts layout
  6
CONTINUOUS
 62
  256
370
   -1
100
AcDbLine
 10
-12.44999999999999
 20
23.538853
 11
-12.53610399999998
 21
23.55598
  0
LINE
  5
3C5
100
AcDbEntity
  8
parts layout
  6
CONTINUOUS
 62
  256
370
   -1
100
AcDbLine
 10
-12.53610399999998
 20
23.55598
 11
-12.60909899999999
 21
23.604754
  0
LINE
  5
3C6
100
AcDbEntity
  8
parts layout
  6
CONTINUOUS
 62
  256
370
   -1
100
AcDbLine
 10
-12.60909899999999
 20
23.604754
 11
-12.65787299999998
 21
23.677749
  0
LINE
  5
3C7
100
AcDbEntity
  8
parts layout
  6
CONTINUOUS
 62
  256
370
   -1
100
AcDbLine
 10
-12.65787299999998
 20
23.677749
 11
-12.67499999999998
 21
23.763853
  0
LINE
  5
3C8
100
AcDbEntity
  8
parts layout
  6
CONTINUOUS
 62
  256
370
   -1
100
AcDbLine
 10
-12.67499999999998
 20
23.763853
 11
-12.67499999999998
 21
24.213853
  0
LINE
  5
3C9
100
AcDbEntity
  8
parts layout
  6
CONTINUOUS
 62
  256
370
   -1
100
AcDbLine
 10
-12.67499999999998
 20
24.213853
 11
-12.65787299999998
 21
24.299957
  0
LINE
  5
3CA
100
AcDbEntity
  8
parts layout
  6
CONTINUOUS
 62
  256
370
   -1
100
AcDbLine
 10
-12.65787299999998
 20
24.299957
 11
-12.60909899999999
 21
24.372952
  0
LINE
  5
3CB
100
AcDbEntity
  8
parts layout
  6
CONTINUOUS
 62
  256
370
   -1
100
AcDbLine
 10
-12.60909899999999
 20
24.372952
 11
-12.53610399999998
 21
24.421726
  0
LINE
  5
3CC
100
AcDbEntity
  8
parts layout
  6
CONTINUOUS
 62
  256
370
   -1
100
AcDbLine
 10
-12.53610399999998
 20
24.421726
 11
-12.44999999999999
 21
24.438853
  0
LINE
  5
3CD
100
AcDbEntity
  8
parts layout
  6
CONTINUOUS
 62
  256
370
   -1
100
AcDbLine
 10
-12.44999999999999
 20
24.438853
 11
-11.69999999999999
 21
24.438853
  0
LINE
  5
3CE
100
AcDbEntity
  8
parts layout
  6
CONTINUOUS
 62
  256
370
   -1
100
AcDbLine
 10
-11.69999999999999
 20
24.438853
 11
-11.61389599999998
 21
24.421726
  0
LINE
  5
3CF
100
AcDbEntity
  8
parts layout
  6
CONTINUOUS
 62
  256
370
   -1
100
AcDbLine
 10
26.48610400000001
 20
24.421726
 11
26.559099
 21
24.372952
  0
LINE
  5
3D0
100
AcDbEntity
  8
parts layout
  6
CONTINUOUS
 62
  256
370
   -1
100
AcDbLine
 10
26.559099
 20
24.372952
 11
26.60787300000001
 21
24.299957
  0
LINE
  5
3D1
100
AcDbEntity
  8
parts layout
  6
CONTINUOUS
 62
  256
370
   -1
100
AcDbLine
 10
26.60787300000001
 20
24.299957
 11
26.625
 21
24.213853
  0
LINE
  5
3D2
100
AcDbEntity
  8
parts layout
  6
CONTINUOUS
 62
  256
370
   -1
100
AcDbLine
 10
26.625
 20
24.213853
 11
26.625
 21
23.763853
  0
LINE
  5
3D3
100
AcDbEntity
  8
parts layout
  6
CONTINUOUS
 62
  256
370
   -1
100
AcDbLine
 10
26.625
 20
23.763853
 11
26.60787300000001
 21
23.677749
  0
LINE
  5
3D4
100
AcDbEntity
  8
parts layout
  6
CONTINUOUS
 62
  256
370
   -1
100
AcDbLine
 10
26.60787300000001
 20
23.677749
 11
26.559099
 21
23.604754
  0
LINE
  5
3D5
100
AcDbEntity
  8
parts layout
  6
CONTINUOUS
 62
  256
370
   -1
100
AcDbLine
 10
26.559099
 20
23.604754
 11
26.48610400000001
 21
23.55598
  0
LINE
  5
3D6
100
AcDbEntity
  8
parts layout
  6
CONTINUOUS
 62
  256
370
   -1
100
AcDbLine
 10
26.48610400000001
 20
23.55598
 11
26.40000000000001
 21
23.538853
  0
LINE
  5
3D7
100
AcDbEntity
  8
parts layout
  6
CONTINUOUS
 62
  256
370
   -1
100
AcDbLine
 10
26.40000000000001
 20
23.538853
 11
25.65000000000001
 21
23.538853
  0
LINE
  5
3D8
100
AcDbEntity
  8
parts layout
  6
CONTINUOUS
 62
  256
370
   -1
100
AcDbLine
 10
25.65000000000001
 20
23.538853
 11
25.563896
 21
23.55598
  0
LINE
  5
3D9
100
AcDbEntity
  8
parts layout
  6
CONTINUOUS
 62
  256
370
   -1
100
AcDbLine
 10
25.563896
 20
23.55598
 11
25.49090100000001
 21
23.604754
  0
LINE
  5
3DA
100
AcDbEntity
  8
parts layout
  6
CONTINUOUS
 62
  256
370
   -1
100
AcDbLine
 10
25.49090100000001
 20
23.604754
 11
25.442127
 21
23.677749
  0
LINE
  5
3DB
100
AcDbEntity
  8
parts layout
  6
CONTINUOUS
 62
  256
370
   -1
100
AcDbLine
 10
25.442127
 20
23.677749
 11
25.42500000000001
 21
23.763853
  0
LINE
  5
3DC
100
AcDbEntity
  8
parts layout
  6
CONTINUOUS
 62
  256
370
   -1
100
AcDbLine
 10
25.42500000000001
 20
23.763853
 11
25.42500000000001
 21
24.213853
  0
LINE
  5
3DD
100
AcDbEntity
  8
parts layout
  6
CONTINUOUS
 62
  256
370
   -1
100
AcDbLine
 10
25.42500000000001
 20
24.213853
 11
25.442127
 21
24.299957
  0
LINE
  5
3DE
100
AcDbEntity
  8
parts layout
  6
CONTINUOUS
 62
  256
370
   -1
100
AcDbLine
 10
25.442127
 20
24.299957
 11
25.49090100000001
 21
24.372952
  0
LINE
  5
3DF
100
AcDbEntity
  8
parts layout
  6
CONTINUOUS
 62
  256
370
   -1
100
AcDbLine
 10
25.49090100000001
 20
24.372952
 11
25.563896
 21
24.421726
  0
LINE
  5
3E0
100
AcDbEntity
  8
parts layout
  6
CONTINUOUS
 62
  256
370
   -1
100
AcDbLine
 10
25.563896
 20
24.421726
 11
25.65000000000001
 21
24.438853
  0
LINE
  5
3E1
100
AcDbEntity
  8
parts layout
  6
CONTINUOUS
 62
  256
370
   -1
100
AcDbLine
 10
25.65000000000001
 20
24.438853
 11
26.40000000000001
 21
24.438853
  0
LINE
  5
3E2
100
AcDbEntity
  8
parts layout
  6
CONTINUOUS
 62
  256
370
   -1
100
AcDbLine
 10
26.40000000000001
 20
24.438853
 11
26.48610400000001
 21
24.421726
  0
LINE
  5
3E3
100
AcDbEntity
  8
parts layout
  6
CONTINUOUS
 62
  256
370
   -1
100
AcDbLine
 10
45.53610400000002
 20
25.816726
 11
45.60909900000001
 21
25.767952
  0
LINE
  5
3E4
100
AcDbEntity
  8
parts layout
  6
CONTINUOUS
 62
  256
370
   -1
100
AcDbLine
 10
45.60909900000001
 20
25.767952
 11
45.65787300000002
 21
25.694957
  0
LINE
  5
3E5
100
AcDbEntity
  8
parts layout
  6
CONTINUOUS
 62
  256
370
   -1
100
AcDbLine
 10
45.65787300000002
 20
25.694957
 11
45.67500000000001
 21
25.608853
  0
LINE
  5
3E6
100
AcDbEntity
  8
parts layout
  6
CONTINUOUS
 62
  256
370
   -1
100
AcDbLine
 10
45.67500000000001
 20
25.608853
 11
45.67500000000001
 21
25.158853
  0
LINE
  5
3E7
100
AcDbEntity
  8
parts layout
  6
CONTINUOUS
 62
  256
370
   -1
100
AcDbLine
 10
45.67500000000001
 20
25.158853
 11
45.65787300000002
 21
25.072749
  0
LINE
  5
3E8
100
AcDbEntity
  8
parts layout
  6
CONTINUOUS
 62
  256
370
   -1
100
AcDbLine
 10
45.65787300000002
 20
25.072749
 11
45.60909900000001
 21
24.999754
  0
LINE
  5
3E9
100
AcDbEntity
  8
parts layout
  6
CONTINUOUS
 62
  256
370
   -1
100
AcDbLine
 10
45.60909900000001
 20
24.999754
 11
45.53610400000002
 21
24.95098
  0
LINE
  5
3EA
100
AcDbEntity
  8
parts layout
  6
CONTINUOUS
 62
  256
370
   -1
100
AcDbLine
 10
45.53610400000002
 20
24.95098
 11
45.45000000000002
 21
24.933853
  0
LINE
  5
3EB
100
AcDbEntity
  8
parts layout
  6
CONTINUOUS
 62
  256
370
   -1
100
AcDbLine
 10
45.45000000000002
 20
24.933853
 11
44.70000000000002
 21
24.933853
  0
LINE
  5
3EC
100
AcDbEntity
  8
parts layout
  6
CONTINUOUS
 62
  256
370
   -1
100
AcDbLine
 10
44.70000000000002
 20
24.933853
 11
44.61389600000001
 21
24.95098
  0
LINE
  5
3ED
100
AcDbEntity
  8
parts layout
  6
CONTINUOUS
 62
  256
370
   -1
100
AcDbLine
 10
44.61389600000001
 20
24.95098
 11
44.54090100000002
 21
24.999754
  0
LINE
  5
3EE
100
AcDbEntity
  8
parts layout
  6
CONTINUOUS
 62
  256
370
   -1
100
AcDbLine
 10
44.54090100000002
 20
24.999754
 11
44.49212700000001
 21
25.072749
  0
LINE
  5
3EF
100
AcDbEntity
  8
parts layout
  6
CONTINUOUS
 62
  256
370
   -1
100
AcDbLine
 10
44.49212700000001
 20
25.072749
 11
44.47500000000002
 21
25.158853
  0
LINE
  5
3F0
100
AcDbEntity
  8
parts layout
  6
CONTINUOUS
 62
  256
370
   -1
100
AcDbLine
 10
44.47500000000002
 20
25.158853
 11
44.47500000000002
 21
25.608853
  0
LINE
  5
3F1
100
AcDbEntity
  8
parts layout
  6
CONTINUOUS
 62
  256
370
   -1
100
AcDbLine
 10
44.47500000000002
 20
25.608853
 11
44.49212700000001
 21
25.694957
  0
LINE
  5
3F2
100
AcDbEntity
  8
parts layout
  6
CONTINUOUS
 62
  256
370
   -1
100
AcDbLine
 10
44.49212700000001
 20
25.694957
 11
44.54090100000002
 21
25.767952
  0
LINE
  5
3F3
100
AcDbEntity
  8
parts layout
  6
CONTINUOUS
 62
  256
370
   -1
100
AcDbLine
 10
44.54090100000002
 20
25.767952
 11
44.61389600000001
 21
25.816726
  0
LINE
  5
3F4
100
AcDbEntity
  8
parts layout
  6
CONTINUOUS
 62
  256
370
   -1
100
AcDbLine
 10
44.61389600000001
 20
25.816726
 11
44.70000000000002
 21
25.833853
  0
LINE
  5
3F5
100
AcDbEntity
  8
parts layout
  6
CONTINUOUS
 62
  256
370
   -1
100
AcDbLine
 10
44.70000000000002
 20
25.833853
 11
45.45000000000002
 21
25.833853
  0
LINE
  5
3F6
100
AcDbEntity
  8
parts layout
  6
CONTINUOUS
 62
  256
370
   -1
100
AcDbLine
 10
45.45000000000002
 20
25.833853
 11
45.53610400000002
 21
25.816726
  0
LINE
  5
3F7
100
AcDbEntity
  8
parts layout
  6
CONTINUOUS
 62
  256
370
   -1
100
AcDbLine
 10
7.436104000000014
 20
26.326726
 11
7.509099000000006
 21
26.277952
  0
LINE
  5
3F8
100
AcDbEntity
  8
parts layout
  6
CONTINUOUS
 62
  256
370
   -1
100
AcDbLine
 10
7.509099000000006
 20
26.277952
 11
7.557873000000015
 21
26.204957
  0
LINE
  5
3F9
100
AcDbEntity
  8
parts layout
  6
CONTINUOUS
 62
  256
370
   -1
100
AcDbLine
 10
7.557873000000015
 20
26.204957
 11
7.575000000000017
 21
26.118853
  0
LINE
  5
3FA
100
AcDbEntity
  8
parts layout
  6
CONTINUOUS
 62
  256
370
   -1
100
AcDbLine
 10
7.575000000000017
 20
26.118853
 11
7.575000000000017
 21
25.668853
  0
LINE
  5
3FB
100
AcDbEntity
  8
parts layout
  6
CONTINUOUS
 62
  256
370
   -1
100
AcDbLine
 10
7.575000000000017
 20
25.668853
 11
7.557873000000015
 21
25.582749
  0
LINE
  5
3FC
100
AcDbEntity
  8
parts layout
  6
CONTINUOUS
 62
  256
370
   -1
100
AcDbLine
 10
7.557873000000015
 20
25.582749
 11
7.509099000000006
 21
25.509754
  0
LINE
  5
3FD
100
AcDbEntity
  8
parts layout
  6
CONTINUOUS
 62
  256
370
   -1
100
AcDbLine
 10
7.509099000000006
 20
25.509754
 11
7.436104000000014
 21
25.46098
  0
LINE
  5
3FE
100
AcDbEntity
  8
parts layout
  6
CONTINUOUS
 62
  256
370
   -1
100
AcDbLine
 10
7.436104000000014
 20
25.46098
 11
7.350000000000009
 21
25.443853
  0
LINE
  5
3FF
100
AcDbEntity
  8
parts layout
  6
CONTINUOUS
 62
  256
370
   -1
100
AcDbLine
 10
7.350000000000009
 20
25.443853
 11
6.600000000000009
 21
25.443853
  0
LINE
  5
400
100
AcDbEntity
  8
parts layout
  6
CONTINUOUS
 62
  256
370
   -1
100
AcDbLine
 10
6.600000000000009
 20
25.443853
 11
6.513896000000017
 21
25.46098
  0
LINE
  5
401
100
AcDbEntity
  8
parts layout
  6
CONTINUOUS
 62
  256
370
   -1
100
AcDbLine
 10
6.513896000000017
 20
25.46098
 11
6.440901000000011
 21
25.509754
  0
LINE
  5
402
100
AcDbEntity
  8
parts layout
  6
CONTINUOUS
 62
  256
370
   -1
100
AcDbLine
 10
6.440901000000011
 20
25.509754
 11
6.392127000000016
 21
25.582749
  0
LINE
  5
403
100
AcDbEntity
  8
parts layout
  6
CONTINUOUS
 62
  256
370
   -1
100
AcDbLine
 10
6.392127000000016
 20
25.582749
 11
6.375000000000014
 21
25.668853
  0
LINE
  5
404
100
AcDbEntity
  8
parts layout
  6
CONTINUOUS
 62
  256
370
   -1
100
AcDbLine
 10
6.375000000000014
 20
25.668853
 11
6.375000000000014
 21
26.118853
  0
LINE
  5
405
100
AcDbEntity
  8
parts layout
  6
CONTINUOUS
 62
  256
370
   -1
100
AcDbLine
 10
6.375000000000014
 20
26.118853
 11
6.392127000000016
 21
26.204957
  0
LINE
  5
406
100
AcDbEntity
  8
parts layout
  6
CONTINUOUS
 62
  256
370
   -1
100
AcDbLine
 10
6.392127000000016
 20
26.204957
 11
6.440901000000011
 21
26.277952
  0
LINE
  5
407
100
AcDbEntity
  8
parts layout
  6
CONTINUOUS
 62
  256
370
   -1
100
AcDbLine
 10
6.440901000000011
 20
26.277952
 11
6.513896000000017
 21
26.326726
  0
LINE
  5
408
100
AcDbEntity
  8
parts layout
  6
CONTINUOUS
 62
  256
370
   -1
100
AcDbLine
 10
6.513896000000017
 20
26.326726
 11
6.600000000000009
 21
26.343853
  0
LINE
  5
409
100
AcDbEntity
  8
parts layout
  6
CONTINUOUS
 62
  256
370
   -1
100
AcDbLine
 10
6.600000000000009
 20
26.343853
 11
7.350000000000009
 21
26.343853
  0
LINE
  5
40A
100
AcDbEntity
  8
parts layout
  6
CONTINUOUS
 62
  256
370
   -1
100
AcDbLine
 10
7.350000000000009
 20
26.343853
 11
7.436104000000014
 21
26.326726
  0
LINE
  5
40B
100
AcDbEntity
  8
parts layout
  6
CONTINUOUS
 62
  256
370
   -1
100
AcDbLine
 10
-50.37499999999999
 20
25.543853
 11
-53.67499999999998
 21
25.543853
  0
LINE
  5
40C
100
AcDbEntity
  8
parts layout
  6
CONTINUOUS
 62
  256
370
   -1
100
AcDbLine
 10
-53.67499999999998
 20
25.543853
 11
-53.67499999999998
 21
28.543853
  0
LINE
  5
40D
100
AcDbEntity
  8
parts layout
  6
CONTINUOUS
 62
  256
370
   -1
100
AcDbLine
 10
-53.67499999999998
 20
28.543853
 11
-50.37499999999999
 21
28.543853
  0
LINE
  5
40E
100
AcDbEntity
  8
parts layout
  6
CONTINUOUS
 62
  256
370
   -1
100
AcDbLine
 10
-50.37499999999999
 20
28.543853
 11
-50.37499999999999
 21
25.543853
  0
LINE
  5
40F
100
AcDbEntity
  8
parts layout
  6
CONTINUOUS
 62
  256
370
   -1
100
AcDbLine
 10
-31.32499999999999
 20
25.543853
 11
-34.62499999999999
 21
25.543853
  0
LINE
  5
410
100
AcDbEntity
  8
parts layout
  6
CONTINUOUS
 62
  256
370
   -1
100
AcDbLine
 10
-34.62499999999999
 20
25.543853
 11
-34.62499999999999
 21
28.543853
  0
LINE
  5
411
100
AcDbEntity
  8
parts layout
  6
CONTINUOUS
 62
  256
370
   -1
100
AcDbLine
 10
-34.62499999999999
 20
28.543853
 11
-31.32499999999999
 21
28.543853
  0
LINE
  5
412
100
AcDbEntity
  8
parts layout
  6
CONTINUOUS
 62
  256
370
   -1
100
AcDbLine
 10
-31.32499999999999
 20
28.543853
 11
-31.32499999999999
 21
25.543853
  0
LINE
  5
413
100
AcDbEntity
  8
parts layout
  6
CONTINUOUS
 62
  256
370
   -1
100
AcDbLine
 10
31.27500000000001
 20
26.813853
 11
27.97500000000002
 21
26.813853
  0
LINE
  5
414
100
AcDbEntity
  8
parts layout
  6
CONTINUOUS
 62
  256
370
   -1
100
AcDbLine
 10
27.97500000000002
 20
26.813853
 11
27.97500000000002
 21
29.813853
  0
LINE
  5
415
100
AcDbEntity
  8
parts layout
  6
CONTINUOUS
 62
  256
370
   -1
100
AcDbLine
 10
27.97500000000002
 20
29.813853
 11
31.27500000000001
 21
29.813853
  0
LINE
  5
416
100
AcDbEntity
  8
parts layout
  6
CONTINUOUS
 62
  256
370
   -1
100
AcDbLine
 10
31.27500000000001
 20
29.813853
 11
31.27500000000001
 21
26.813853
  0
LINE
  5
417
100
AcDbEntity
  8
parts layout
  6
CONTINUOUS
 62
  256
370
   -1
100
AcDbLine
 10
-11.61389599999998
 20
27.721726
 11
-11.54090099999999
 21
27.672952
  0
LINE
  5
418
100
AcDbEntity
  8
parts layout
  6
CONTINUOUS
 62
  256
370
   -1
100
AcDbLine
 10
-11.54090099999999
 20
27.672952
 11
-11.49212699999998
 21
27.599957
  0
LINE
  5
419
100
AcDbEntity
  8
parts layout
  6
CONTINUOUS
 62
  256
370
   -1
100
AcDbLine
 10
-11.49212699999998
 20
27.599957
 11
-11.47499999999999
 21
27.513853
  0
LINE
  5
41A
100
AcDbEntity
  8
parts layout
  6
CONTINUOUS
 62
  256
370
   -1
100
AcDbLine
 10
-11.47499999999999
 20
27.513853
 11
-11.47499999999999
 21
27.063853
  0
LINE
  5
41B
100
AcDbEntity
  8
parts layout
  6
CONTINUOUS
 62
  256
370
   -1
100
AcDbLine
 10
-11.47499999999999
 20
27.063853
 11
-11.49212699999998
 21
26.977749
  0
LINE
  5
41C
100
AcDbEntity
  8
parts layout
  6
CONTINUOUS
 62
  256
370
   -1
100
AcDbLine
 10
-11.49212699999998
 20
26.977749
 11
-11.54090099999999
 21
26.904754
  0
LINE
  5
41D
100
AcDbEntity
  8
parts layout
  6
CONTINUOUS
 62
  256
370
   -1
100
AcDbLine
 10
-11.54090099999999
 20
26.904754
 11
-11.61389599999998
 21
26.85598
  0
LINE
  5
41E
100
AcDbEntity
  8
parts layout
  6
CONTINUOUS
 62
  256
370
   -1
100
AcDbLine
 10
-11.61389599999998
 20
26.85598
 11
-11.69999999999999
 21
26.838853
  0
LINE
  5
41F
100
AcDbEntity
  8
parts layout
  6
CONTINUOUS
 62
  256
370
   -1
100
AcDbLine
 10
-11.69999999999999
 20
26.838853
 11
-12.44999999999999
 21
26.838853
  0
LINE
  5
420
100
AcDbEntity
  8
parts layout
  6
CONTINUOUS
 62
  256
370
   -1
100
AcDbLine
 10
-12.44999999999999
 20
26.838853
 11
-12.53610399999998
 21
26.85598
  0
LINE
  5
421
100
AcDbEntity
  8
parts layout
  6
CONTINUOUS
 62
  256
370
   -1
100
AcDbLine
 10
-12.53610399999998
 20
26.85598
 11
-12.60909899999999
 21
26.904754
  0
LINE
  5
422
100
AcDbEntity
  8
parts layout
  6
CONTINUOUS
 62
  256
370
   -1
100
AcDbLine
 10
-12.60909899999999
 20
26.904754
 11
-12.65787299999998
 21
26.977749
  0
LINE
  5
423
100
AcDbEntity
  8
parts layout
  6
CONTINUOUS
 62
  256
370
   -1
100
AcDbLine
 10
-12.65787299999998
 20
26.977749
 11
-12.67499999999998
 21
27.063853
  0
LINE
  5
424
100
AcDbEntity
  8
parts layout
  6
CONTINUOUS
 62
  256
370
   -1
100
AcDbLine
 10
-12.67499999999998
 20
27.063853
 11
-12.67499999999998
 21
27.513853
  0
LINE
  5
425
100
AcDbEntity
  8
parts layout
  6
CONTINUOUS
 62
  256
370
   -1
100
AcDbLine
 10
-12.67499999999998
 20
27.513853
 11
-12.65787299999998
 21
27.599957
  0
LINE
  5
426
100
AcDbEntity
  8
parts layout
  6
CONTINUOUS
 62
  256
370
   -1
100
AcDbLine
 10
-12.65787299999998
 20
27.599957
 11
-12.60909899999999
 21
27.672952
  0
LINE
  5
427
100
AcDbEntity
  8
parts layout
  6
CONTINUOUS
 62
  256
370
   -1
100
AcDbLine
 10
-12.60909899999999
 20
27.672952
 11
-12.53610399999998
 21
27.721726
  0
LINE
  5
428
100
AcDbEntity
  8
parts layout
  6
CONTINUOUS
 62
  256
370
   -1
100
AcDbLine
 10
-12.53610399999998
 20
27.721726
 11
-12.44999999999999
 21
27.738853
  0
LINE
  5
429
100
AcDbEntity
  8
parts layout
  6
CONTINUOUS
 62
  256
370
   -1
100
AcDbLine
 10
-12.44999999999999
 20
27.738853
 11
-11.69999999999999
 21
27.738853
  0
LINE
  5
42A
100
AcDbEntity
  8
parts layout
  6
CONTINUOUS
 62
  256
370
   -1
100
AcDbLine
 10
-11.69999999999999
 20
27.738853
 11
-11.61389599999998
 21
27.721726
  0
LINE
  5
42B
100
AcDbEntity
  8
parts layout
  6
CONTINUOUS
 62
  256
370
   -1
100
AcDbLine
 10
26.48610400000001
 20
27.721726
 11
26.559099
 21
27.672952
  0
LINE
  5
42C
100
AcDbEntity
  8
parts layout
  6
CONTINUOUS
 62
  256
370
   -1
100
AcDbLine
 10
26.559099
 20
27.672952
 11
26.60787300000001
 21
27.599957
  0
LINE
  5
42D
100
AcDbEntity
  8
parts layout
  6
CONTINUOUS
 62
  256
370
   -1
100
AcDbLine
 10
26.60787300000001
 20
27.599957
 11
26.625
 21
27.513853
  0
LINE
  5
42E
100
AcDbEntity
  8
parts layout
  6
CONTINUOUS
 62
  256
370
   -1
100
AcDbLine
 10
26.625
 20
27.513853
 11
26.625
 21
27.063853
  0
LINE
  5
42F
100
AcDbEntity
  8
parts layout
  6
CONTINUOUS
 62
  256
370
   -1
100
AcDbLine
 10
26.625
 20
27.063853
 11
26.60787300000001
 21
26.977749
  0
LINE
  5
430
100
AcDbEntity
  8
parts layout
  6
CONTINUOUS
 62
  256
370
   -1
100
AcDbLine
 10
26.60787300000001
 20
26.977749
 11
26.559099
 21
26.904754
  0
LINE
  5
431
100
AcDbEntity
  8
parts layout
  6
CONTINUOUS
 62
  256
370
   -1
100
AcDbLine
 10
26.559099
 20
26.904754
 11
26.48610400000001
 21
26.85598
  0
LINE
  5
432
100
AcDbEntity
  8
parts layout
  6
CONTINUOUS
 62
  256
370
   -1
100
AcDbLine
 10
26.48610400000001
 20
26.85598
 11
26.40000000000001
 21
26.838853
  0
LINE
  5
433
100
AcDbEntity
  8
parts layout
  6
CONTINUOUS
 62
  256
370
   -1
100
AcDbLine
 10
26.40000000000001
 20
26.838853
 11
25.65000000000001
 21
26.838853
  0
LINE
  5
434
100
AcDbEntity
  8
parts layout
  6
CONTINUOUS
 62
  256
370
   -1
100
AcDbLine
 10
25.65000000000001
 20
26.838853
 11
25.563896
 21
26.85598
  0
LINE
  5
435
100
AcDbEntity
  8
parts layout
  6
CONTINUOUS
 62
  256
370
   -1
100
AcDbLine
 10
25.563896
 20
26.85598
 11
25.49090100000001
 21
26.904754
  0
LINE
  5
436
100
AcDbEntity
  8
parts layout
  6
CONTINUOUS
 62
  256
370
   -1
100
AcDbLine
 10
25.49090100000001
 20
26.904754
 11
25.442127
 21
26.977749
  0
LINE
  5
437
100
AcDbEntity
  8
parts layout
  6
CONTINUOUS
 62
  256
370
   -1
100
AcDbLine
 10
25.442127
 20
26.977749
 11
25.42500000000001
 21
27.063853
  0
LINE
  5
438
100
AcDbEntity
  8
parts layout
  6
CONTINUOUS
 62
  256
370
   -1
100
AcDbLine
 10
25.42500000000001
 20
27.063853
 11
25.42500000000001
 21
27.513853
  0
LINE
  5
439
100
AcDbEntity
  8
parts layout
  6
CONTINUOUS
 62
  256
370
   -1
100
AcDbLine
 10
25.42500000000001
 20
27.513853
 11
25.442127
 21
27.599957
  0
LINE
  5
43A
100
AcDbEntity
  8
parts layout
  6
CONTINUOUS
 62
  256
370
   -1
100
AcDbLine
 10
25.442127
 20
27.599957
 11
25.49090100000001
 21
27.672952
  0
LINE
  5
43B
100
AcDbEntity
  8
parts layout
  6
CONTINUOUS
 62
  256
370
   -1
100
AcDbLine
 10
25.49090100000001
 20
27.672952
 11
25.563896
 21
27.721726
  0
LINE
  5
43C
100
AcDbEntity
  8
parts layout
  6
CONTINUOUS
 62
  256
370
   -1
100
AcDbLine
 10
25.563896
 20
27.721726
 11
25.65000000000001
 21
27.738853
  0
LINE
  5
43D
100
AcDbEntity
  8
parts layout
  6
CONTINUOUS
 62
  256
370
   -1
100
AcDbLine
 10
25.65000000000001
 20
27.738853
 11
26.40000000000001
 21
27.738853
  0
LINE
  5
43E
100
AcDbEntity
  8
parts layout
  6
CONTINUOUS
 62
  256
370
   -1
100
AcDbLine
 10
26.40000000000001
 20
27.738853
 11
26.48610400000001
 21
27.721726
  0
LINE
  5
43F
100
AcDbEntity
  8
parts layout
  6
CONTINUOUS
 62
  256
370
   -1
100
AcDbLine
 10
-25.87499999999999
 20
28.718853
 11
-29.17499999999998
 21
28.718853
  0
LINE
  5
440
100
AcDbEntity
  8
parts layout
  6
CONTINUOUS
 62
  256
370
   -1
100
AcDbLine
 10
-29.17499999999998
 20
28.718853
 11
-29.17499999999998
 21
31.718853
  0
LINE
  5
441
100
AcDbEntity
  8
parts layout
  6
CONTINUOUS
 62
  256
370
   -1
100
AcDbLine
 10
-29.17499999999998
 20
31.718853
 11
-25.87499999999999
 21
31.718853
  0
LINE
  5
442
100
AcDbEntity
  8
parts layout
  6
CONTINUOUS
 62
  256
370
   -1
100
AcDbLine
 10
-25.87499999999999
 20
31.718853
 11
-25.87499999999999
 21
28.718853
  0
LINE
  5
443
100
AcDbEntity
  8
parts layout
  6
CONTINUOUS
 62
  256
370
   -1
100
AcDbLine
 10
12.22500000000001
 20
28.718853
 11
8.925000000000011
 21
28.718853
  0
LINE
  5
444
100
AcDbEntity
  8
parts layout
  6
CONTINUOUS
 62
  256
370
   -1
100
AcDbLine
 10
8.925000000000011
 20
28.718853
 11
8.925000000000011
 21
31.718853
  0
LINE
  5
445
100
AcDbEntity
  8
parts layout
  6
CONTINUOUS
 62
  256
370
   -1
100
AcDbLine
 10
8.925000000000011
 20
31.718853
 11
12.22500000000001
 21
31.718853
  0
LINE
  5
446
100
AcDbEntity
  8
parts layout
  6
CONTINUOUS
 62
  256
370
   -1
100
AcDbLine
 10
12.22500000000001
 20
31.718853
 11
12.22500000000001
 21
28.718853
  0
LINE
  5
447
100
AcDbEntity
  8
parts layout
  6
CONTINUOUS
 62
  256
370
   -1
100
AcDbLine
 10
7.436104000000014
 20
29.626726
 11
7.509099000000006
 21
29.577952
  0
LINE
  5
448
100
AcDbEntity
  8
parts layout
  6
CONTINUOUS
 62
  256
370
   -1
100
AcDbLine
 10
7.509099000000006
 20
29.577952
 11
7.557873000000015
 21
29.504957
  0
LINE
  5
449
100
AcDbEntity
  8
parts layout
  6
CONTINUOUS
 62
  256
370
   -1
100
AcDbLine
 10
7.557873000000015
 20
29.504957
 11
7.575000000000017
 21
29.418853
  0
LINE
  5
44A
100
AcDbEntity
  8
parts layout
  6
CONTINUOUS
 62
  256
370
   -1
100
AcDbLine
 10
7.575000000000017
 20
29.418853
 11
7.575000000000017
 21
28.968853
  0
LINE
  5
44B
100
AcDbEntity
  8
parts layout
  6
CONTINUOUS
 62
  256
370
   -1
100
AcDbLine
 10
7.575000000000017
 20
28.968853
 11
7.557873000000015
 21
28.882749
  0
LINE
  5
44C
100
AcDbEntity
  8
parts layout
  6
CONTINUOUS
 62
  256
370
   -1
100
AcDbLine
 10
7.557873000000015
 20
28.882749
 11
7.509099000000006
 21
28.809754
  0
LINE
  5
44D
100
AcDbEntity
  8
parts layout
  6
CONTINUOUS
 62
  256
370
   -1
100
AcDbLine
 10
7.509099000000006
 20
28.809754
 11
7.436104000000014
 21
28.76098
  0
LINE
  5
44E
100
AcDbEntity
  8
parts layout
  6
CONTINUOUS
 62
  256
370
   -1
100
AcDbLine
 10
7.436104000000014
 20
28.76098
 11
7.350000000000009
 21
28.743853
  0
LINE
  5
44F
100
AcDbEntity
  8
parts layout
  6
CONTINUOUS
 62
  256
370
   -1
100
AcDbLine
 10
7.350000000000009
 20
28.743853
 11
6.600000000000009
 21
28.743853
  0
LINE
  5
450
100
AcDbEntity
  8
parts layout
  6
CONTINUOUS
 62
  256
370
   -1
100
AcDbLine
 10
6.600000000000009
 20
28.743853
 11
6.513896000000017
 21
28.76098
  0
LINE
  5
451
100
AcDbEntity
  8
parts layout
  6
CONTINUOUS
 62
  256
370
   -1
100
AcDbLine
 10
6.513896000000017
 20
28.76098
 11
6.440901000000011
 21
28.809754
  0
LINE
  5
452
100
AcDbEntity
  8
parts layout
  6
CONTINUOUS
 62
  256
370
   -1
100
AcDbLine
 10
6.440901000000011
 20
28.809754
 11
6.392127000000016
 21
28.882749
  0
LINE
  5
453
100
AcDbEntity
  8
parts layout
  6
CONTINUOUS
 62
  256
370
   -1
100
AcDbLine
 10
6.392127000000016
 20
28.882749
 11
6.375000000000014
 21
28.968853
  0
LINE
  5
454
100
AcDbEntity
  8
parts layout
  6
CONTINUOUS
 62
  256
370
   -1
100
AcDbLine
 10
6.375000000000014
 20
28.968853
 11
6.375000000000014
 21
29.418853
  0
LINE
  5
455
100
AcDbEntity
  8
parts layout
  6
CONTINUOUS
 62
  256
370
   -1
100
AcDbLine
 10
6.375000000000014
 20
29.418853
 11
6.392127000000016
 21
29.504957
  0
LINE
  5
456
100
AcDbEntity
  8
parts layout
  6
CONTINUOUS
 62
  256
370
   -1
100
AcDbLine
 10
6.392127000000016
 20
29.504957
 11
6.440901000000011
 21
29.577952
  0
LINE
  5
457
100
AcDbEntity
  8
parts layout
  6
CONTINUOUS
 62
  256
370
   -1
100
AcDbLine
 10
6.440901000000011
 20
29.577952
 11
6.513896000000017
 21
29.626726
  0
LINE
  5
458
100
AcDbEntity
  8
parts layout
  6
CONTINUOUS
 62
  256
370
   -1
100
AcDbLine
 10
6.513896000000017
 20
29.626726
 11
6.600000000000009
 21
29.643853
  0
LINE
  5
459
100
AcDbEntity
  8
parts layout
  6
CONTINUOUS
 62
  256
370
   -1
100
AcDbLine
 10
6.600000000000009
 20
29.643853
 11
7.350000000000009
 21
29.643853
  0
LINE
  5
45A
100
AcDbEntity
  8
parts layout
  6
CONTINUOUS
 62
  256
370
   -1
100
AcDbLine
 10
7.350000000000009
 20
29.643853
 11
7.436104000000014
 21
29.626726
  0
LINE
  5
45B
100
AcDbEntity
  8
parts layout
  6
CONTINUOUS
 62
  256
370
   -1
100
AcDbLine
 10
44.875
 20
29.353853
 11
41.57500000000002
 21
29.353853
  0
LINE
  5
45C
100
AcDbEntity
  8
parts layout
  6
CONTINUOUS
 62
  256
370
   -1
100
AcDbLine
 10
41.57500000000002
 20
29.353853
 11
41.57500000000002
 21
32.353853
  0
LINE
  5
45D
100
AcDbEntity
  8
parts layout
  6
CONTINUOUS
 62
  256
370
   -1
100
AcDbLine
 10
41.57500000000002
 20
32.353853
 11
44.875
 21
32.353853
  0
LINE
  5
45E
100
AcDbEntity
  8
parts layout
  6
CONTINUOUS
 62
  256
370
   -1
100
AcDbLine
 10
44.875
 20
32.353853
 11
44.875
 21
29.353853
  0
LINE
  5
45F
100
AcDbEntity
  8
parts layout
  6
CONTINUOUS
 62
  256
370
   -1
100
AcDbLine
 10
-6.824999999999989
 20
30.623853
 11
-10.12499999999999
 21
30.623853
  0
LINE
  5
460
100
AcDbEntity
  8
parts layout
  6
CONTINUOUS
 62
  256
370
   -1
100
AcDbLine
 10
-10.12499999999999
 20
30.623853
 11
-10.12499999999999
 21
33.623853
  0
LINE
  5
461
100
AcDbEntity
  8
parts layout
  6
CONTINUOUS
 62
  256
370
   -1
100
AcDbLine
 10
-10.12499999999999
 20
33.623853
 11
-6.824999999999989
 21
33.623853
  0
LINE
  5
462
100
AcDbEntity
  8
parts layout
  6
CONTINUOUS
 62
  256
370
   -1
100
AcDbLine
 10
-6.824999999999989
 20
33.623853
 11
-6.824999999999989
 21
30.623853
  0
LINE
  5
463
100
AcDbEntity
  8
parts layout
  6
CONTINUOUS
 62
  256
370
   -1
100
AcDbLine
 10
-12.27499999999999
 20
31.258853
 11
-15.57499999999999
 21
31.258853
  0
LINE
  5
464
100
AcDbEntity
  8
parts layout
  6
CONTINUOUS
 62
  256
370
   -1
100
AcDbLine
 10
-15.57499999999999
 20
31.258853
 11
-15.57499999999999
 21
34.258853
  0
LINE
  5
465
100
AcDbEntity
  8
parts layout
  6
CONTINUOUS
 62
  256
370
   -1
100
AcDbLine
 10
-15.57499999999999
 20
34.258853
 11
-12.27499999999999
 21
34.258853
  0
LINE
  5
466
100
AcDbEntity
  8
parts layout
  6
CONTINUOUS
 62
  256
370
   -1
100
AcDbLine
 10
-12.27499999999999
 20
34.258853
 11
-12.27499999999999
 21
31.258853
  0
LINE
  5
467
100
AcDbEntity
  8
parts layout
  6
CONTINUOUS
 62
  256
370
   -1
100
AcDbLine
 10
25.82500000000002
 20
31.258853
 11
22.52500000000001
 21
31.258853
  0
LINE
  5
468
100
AcDbEntity
  8
parts layout
  6
CONTINUOUS
 62
  256
370
   -1
100
AcDbLine
 10
22.52500000000001
 20
31.258853
 11
22.52500000000001
 21
34.258853
  0
LINE
  5
469
100
AcDbEntity
  8
parts layout
  6
CONTINUOUS
 62
  256
370
   -1
100
AcDbLine
 10
22.52500000000001
 20
34.258853
 11
25.82500000000002
 21
34.258853
  0
LINE
  5
46A
100
AcDbEntity
  8
parts layout
  6
CONTINUOUS
 62
  256
370
   -1
100
AcDbLine
 10
25.82500000000002
 20
34.258853
 11
25.82500000000002
 21
31.258853
  0
LINE
  5
46B
100
AcDbEntity
  8
parts layout
  6
CONTINUOUS
 62
  256
370
   -1
100
AcDbLine
 10
6.775000000000006
 20
33.163853
 11
3.475000000000009
 21
33.163853
  0
LINE
  5
46C
100
AcDbEntity
  8
parts layout
  6
CONTINUOUS
 62
  256
370
   -1
100
AcDbLine
 10
3.475000000000009
 20
33.163853
 11
3.475000000000009
 21
36.163853
  0
LINE
  5
46D
100
AcDbEntity
  8
parts layout
  6
CONTINUOUS
 62
  256
370
   -1
100
AcDbLine
 10
3.475000000000009
 20
36.163853
 11
6.775000000000006
 21
36.163853
  0
LINE
  5
46E
100
AcDbEntity
  8
parts layout
  6
CONTINUOUS
 62
  256
370
   -1
100
AcDbLine
 10
6.775000000000006
 20
36.163853
 11
6.775000000000006
 21
33.163853
  0
LINE
  5
46F
100
AcDbEntity
  8
parts layout
  6
CONTINUOUS
 62
  256
370
   -1
100
AcDbLine
 10
60.47278899999999
 20
-41.632216
 11
60.49363699999999
 21
-41.67313300000001
  0
LINE
  5
470
100
AcDbEntity
  8
parts layout
  6
CONTINUOUS
 62
  256
370
   -1
100
AcDbLine
 10
60.49363699999999
 20
-41.67313300000001
 11
60.49088500000001
 21
-41.696381
  0
LINE
  5
471
100
AcDbEntity
  8
parts layout
  6
CONTINUOUS
 62
  256
370
   -1
100
AcDbLine
 10
60.49088500000001
 20
-41.696381
 11
59.270267
 21
-45.453051
  0
LINE
  5
472
100
AcDbEntity
  8
parts layout
  6
CONTINUOUS
 62
  256
370
   -1
100
AcDbLine
 10
59.270267
 20
-45.453051
 11
61.05825399999999
 21
-46.03400500000001
  0
LINE
  5
473
100
AcDbEntity
  8
parts layout
  6
CONTINUOUS
 62
  256
370
   -1
100
AcDbLine
 10
61.05825399999999
 20
-46.03400500000001
 11
62.27887299999999
 21
-42.277333
  0
LINE
  5
474
100
AcDbEntity
  8
parts layout
  6
CONTINUOUS
 62
  256
370
   -1
100
AcDbLine
 10
62.27887299999999
 20
-42.277333
 11
62.29031199999999
 21
-42.256907
  0
LINE
  5
475
100
AcDbEntity
  8
parts layout
  6
CONTINUOUS
 62
  256
370
   -1
100
AcDbLine
 10
62.29031199999999
 20
-42.256907
 11
62.33122899999999
 21
-42.236058
  0
LINE
  5
476
100
AcDbEntity
  8
parts layout
  6
CONTINUOUS
 62
  256
370
   -1
100
AcDbLine
 10
62.33122899999999
 20
-42.236058
 11
62.374903
 21
-42.250249
  0
LINE
  5
477
100
AcDbEntity
  8
parts layout
  6
CONTINUOUS
 62
  256
370
   -1
100
AcDbLine
 10
62.374903
 20
-42.250249
 11
62.395751
 21
-42.291166
  0
LINE
  5
478
100
AcDbEntity
  8
parts layout
  6
CONTINUOUS
 62
  256
370
   -1
100
AcDbLine
 10
62.395751
 20
-42.291166
 11
62.39299899999999
 21
-42.314415
  0
LINE
  5
479
100
AcDbEntity
  8
parts layout
  6
CONTINUOUS
 62
  256
370
   -1
100
AcDbLine
 10
62.39299899999999
 20
-42.314415
 11
61.15383999999999
 21
-46.12815000000001
  0
LINE
  5
47A
100
AcDbEntity
  8
parts layout
  6
CONTINUOUS
 62
  256
370
   -1
100
AcDbLine
 10
61.15383999999999
 20
-46.12815000000001
 11
61.14240199999999
 21
-46.14857600000001
  0
LINE
  5
47B
100
AcDbEntity
  8
parts layout
  6
CONTINUOUS
 62
  256
370
   -1
100
AcDbLine
 10
61.14240199999999
 20
-46.14857600000001
 11
61.10148399999999
 21
-46.16942400000001
  0
LINE
  5
47C
100
AcDbEntity
  8
parts layout
  6
CONTINUOUS
 62
  256
370
   -1
100
AcDbLine
 10
61.10148399999999
 20
-46.16942400000001
 11
61.07823599999999
 21
-46.16667200000001
  0
LINE
  5
47D
100
AcDbEntity
  8
parts layout
  6
CONTINUOUS
 62
  256
370
   -1
100
AcDbLine
 10
61.07823599999999
 20
-46.16667200000001
 11
59.176123
 21
-45.548637
  0
LINE
  5
47E
100
AcDbEntity
  8
parts layout
  6
CONTINUOUS
 62
  256
370
   -1
100
AcDbLine
 10
59.176123
 20
-45.548637
 11
59.15569699999999
 21
-45.537199
  0
LINE
  5
47F
100
AcDbEntity
  8
parts layout
  6
CONTINUOUS
 62
  256
370
   -1
100
AcDbLine
 10
59.15569699999999
 20
-45.537199
 11
59.13484899999999
 21
-45.496281
  0
LINE
  5
480
100
AcDbEntity
  8
parts layout
  6
CONTINUOUS
 62
  256
370
   -1
100
AcDbLine
 10
59.13484899999999
 20
-45.496281
 11
59.137601
 21
-45.473033
  0
LINE
  5
481
100
AcDbEntity
  8
parts layout
  6
CONTINUOUS
 62
  256
370
   -1
100
AcDbLine
 10
59.137601
 20
-45.473033
 11
60.37675799999998
 21
-41.659299
  0
LINE
  5
482
100
AcDbEntity
  8
parts layout
  6
CONTINUOUS
 62
  256
370
   -1
100
AcDbLine
 10
60.37675799999998
 20
-41.659299
 11
60.38819700000001
 21
-41.638873
  0
LINE
  5
483
100
AcDbEntity
  8
parts layout
  6
CONTINUOUS
 62
  256
370
   -1
100
AcDbLine
 10
60.38819700000001
 20
-41.638873
 11
60.42911399999998
 21
-41.618025
  0
LINE
  5
484
100
AcDbEntity
  8
parts layout
  6
CONTINUOUS
 62
  256
370
   -1
100
AcDbLine
 10
60.42911399999998
 20
-41.618025
 11
60.47278899999999
 21
-41.632216
  0
LINE
  5
485
100
AcDbEntity
  8
parts layout
  6
CONTINUOUS
 62
  256
370
   -1
100
AcDbLine
 10
41.02389100000001
 20
-35.547297
 11
41.04890199999998
 21
-35.58581100000001
  0
LINE
  5
486
100
AcDbEntity
  8
parts layout
  6
CONTINUOUS
 62
  256
370
   -1
100
AcDbLine
 10
41.04890199999998
 20
-35.58581100000001
 11
41.04859599999999
 21
-35.60922000000001
  0
LINE
  5
487
100
AcDbEntity
  8
parts layout
  6
CONTINUOUS
 62
  256
370
   -1
100
AcDbLine
 10
41.04859599999999
 20
-35.60922000000001
 11
40.227344
 21
-39.472902
  0
LINE
  5
488
100
AcDbEntity
  8
parts layout
  6
CONTINUOUS
 62
  256
370
   -1
100
AcDbLine
 10
40.227344
 20
-39.472902
 11
42.06626099999998
 21
-39.863776
  0
LINE
  5
489
100
AcDbEntity
  8
parts layout
  6
CONTINUOUS
 62
  256
370
   -1
100
AcDbLine
 10
42.06626099999998
 20
-39.863776
 11
42.887513
 21
-36.00009300000001
  0
LINE
  5
48A
100
AcDbEntity
  8
parts layout
  6
CONTINUOUS
 62
  256
370
   -1
100
AcDbLine
 10
42.887513
 20
-36.00009300000001
 11
42.896754
 21
-35.978584
  0
LINE
  5
48B
100
AcDbEntity
  8
parts layout
  6
CONTINUOUS
 62
  256
370
   -1
100
AcDbLine
 10
42.896754
 20
-35.978584
 11
42.93526799999999
 21
-35.95357300000001
  0
LINE
  5
48C
100
AcDbEntity
  8
parts layout
  6
CONTINUOUS
 62
  256
370
   -1
100
AcDbLine
 10
42.93526799999999
 20
-35.95357300000001
 11
42.98018599999999
 21
-35.96312
  0
LINE
  5
48D
100
AcDbEntity
  8
parts layout
  6
CONTINUOUS
 62
  256
370
   -1
100
AcDbLine
 10
42.98018599999999
 20
-35.96312
 11
43.005197
 21
-36.001634
  0
LINE
  5
48E
100
AcDbEntity
  8
parts layout
  6
CONTINUOUS
 62
  256
370
   -1
100
AcDbLine
 10
43.005197
 20
-36.001634
 11
43.004891
 21
-36.025043
  0
LINE
  5
48F
100
AcDbEntity
  8
parts layout
  6
CONTINUOUS
 62
  256
370
   -1
100
AcDbLine
 10
43.004891
 20
-36.025043
 11
42.17116499999999
 21
-39.94741500000001
  0
LINE
  5
490
100
AcDbEntity
  8
parts layout
  6
CONTINUOUS
 62
  256
370
   -1
100
AcDbLine
 10
42.17116499999999
 20
-39.94741500000001
 11
42.16192399999998
 21
-39.968924
  0
LINE
  5
491
100
AcDbEntity
  8
parts layout
  6
CONTINUOUS
 62
  256
370
   -1
100
AcDbLine
 10
42.16192399999998
 20
-39.968924
 11
42.12340999999999
 21
-39.99393600000001
  0
LINE
  5
492
100
AcDbEntity
  8
parts layout
  6
CONTINUOUS
 62
  256
370
   -1
100
AcDbLine
 10
42.12340999999999
 20
-39.99393600000001
 11
42.100002
 21
-39.993629
  0
LINE
  5
493
100
AcDbEntity
  8
parts layout
  6
CONTINUOUS
 62
  256
370
   -1
100
AcDbLine
 10
42.100002
 20
-39.993629
 11
40.14370599999999
 21
-39.577806
  0
LINE
  5
494
100
AcDbEntity
  8
parts layout
  6
CONTINUOUS
 62
  256
370
   -1
100
AcDbLine
 10
40.14370599999999
 20
-39.577806
 11
40.12219699999999
 21
-39.56856500000001
  0
LINE
  5
495
100
AcDbEntity
  8
parts layout
  6
CONTINUOUS
 62
  256
370
   -1
100
AcDbLine
 10
40.12219699999999
 20
-39.56856500000001
 11
40.09718500000001
 21
-39.530051
  0
LINE
  5
496
100
AcDbEntity
  8
parts layout
  6
CONTINUOUS
 62
  256
370
   -1
100
AcDbLine
 10
40.09718500000001
 20
-39.530051
 11
40.097492
 21
-39.506642
  0
LINE
  5
497
100
AcDbEntity
  8
parts layout
  6
CONTINUOUS
 62
  256
370
   -1
100
AcDbLine
 10
40.097492
 20
-39.506642
 11
40.93121799999999
 21
-35.58427
  0
LINE
  5
498
100
AcDbEntity
  8
parts layout
  6
CONTINUOUS
 62
  256
370
   -1
100
AcDbLine
 10
40.93121799999999
 20
-35.58427
 11
40.94045899999999
 21
-35.56276099999999
  0
LINE
  5
499
100
AcDbEntity
  8
parts layout
  6
CONTINUOUS
 62
  256
370
   -1
100
AcDbLine
 10
40.94045899999999
 20
-35.56276099999999
 11
40.97897299999998
 21
-35.53775
  0
LINE
  5
49A
100
AcDbEntity
  8
parts layout
  6
CONTINUOUS
 62
  256
370
   -1
100
AcDbLine
 10
40.97897299999998
 20
-35.53775
 11
41.02389100000001
 21
-35.547297
  0
LINE
  5
49B
100
AcDbEntity
  8
parts layout
  6
CONTINUOUS
 62
  256
370
   -1
100
AcDbLine
 10
51.949552
 20
-31.50944
 11
52.21748599999999
 21
-31.554818
  0
LINE
  5
49C
100
AcDbEntity
  8
parts layout
  6
CONTINUOUS
 62
  256
370
   -1
100
AcDbLine
 10
52.21748599999999
 20
-31.554818
 11
52.47188200000001
 21
-31.63314
  0
LINE
  5
49D
100
AcDbEntity
  8
parts layout
  6
CONTINUOUS
 62
  256
370
   -1
100
AcDbLine
 10
52.47188200000001
 20
-31.63314
 11
52.47367200000001
 21
-31.633533
  0
LINE
  5
49E
100
AcDbEntity
  8
parts layout
  6
CONTINUOUS
 62
  256
370
   -1
100
AcDbLine
 10
52.47367200000001
 20
-31.633533
 11
60.46254799999998
 21
-34.229276
  0
LINE
  5
49F
100
AcDbEntity
  8
parts layout
  6
CONTINUOUS
 62
  256
370
   -1
100
AcDbLine
 10
60.46254799999998
 20
-34.229276
 11
60.47601899999999
 21
-34.235168
  0
LINE
  5
4A0
100
AcDbEntity
  8
parts layout
  6
CONTINUOUS
 62
  256
370
   -1
100
AcDbLine
 10
60.47601899999999
 20
-34.235168
 11
60.498271
 21
-34.25417299999999
  0
LINE
  5
4A1
100
AcDbEntity
  8
parts layout
  6
CONTINUOUS
 62
  256
370
   -1
100
AcDbLine
 10
60.498271
 20
-34.25417299999999
 11
60.511556
 21
-34.280247
  0
LINE
  5
4A2
100
AcDbEntity
  8
parts layout
  6
CONTINUOUS
 62
  256
370
   -1
100
AcDbLine
 10
60.511556
 20
-34.280247
 11
60.513852
 21
-34.30942
  0
LINE
  5
4A3
100
AcDbEntity
  8
parts layout
  6
CONTINUOUS
 62
  256
370
   -1
100
AcDbLine
 10
60.513852
 20
-34.30942
 11
60.510701
 21
-34.323781
  0
LINE
  5
4A4
100
AcDbEntity
  8
parts layout
  6
CONTINUOUS
 62
  256
370
   -1
100
AcDbLine
 10
60.510701
 20
-34.323781
 11
60.40254499999999
 21
-34.656651
  0
LINE
  5
4A5
100
AcDbEntity
  8
parts layout
  6
CONTINUOUS
 62
  256
370
   -1
100
AcDbLine
 10
60.40254499999999
 20
-34.656651
 11
60.39665599999999
 21
-34.670113
  0
LINE
  5
4A6
100
AcDbEntity
  8
parts layout
  6
CONTINUOUS
 62
  256
370
   -1
100
AcDbLine
 10
60.39665599999999
 20
-34.670113
 11
60.396654
 21
-34.67012200000001
  0
LINE
  5
4A7
100
AcDbEntity
  8
parts layout
  6
CONTINUOUS
 62
  256
370
   -1
100
AcDbLine
 10
60.396654
 20
-34.67012200000001
 11
60.37764800000001
 21
-34.692374
  0
LINE
  5
4A8
100
AcDbEntity
  8
parts layout
  6
CONTINUOUS
 62
  256
370
   -1
100
AcDbLine
 10
60.37764800000001
 20
-34.692374
 11
60.35157499999998
 21
-34.705659
  0
LINE
  5
4A9
100
AcDbEntity
  8
parts layout
  6
CONTINUOUS
 62
  256
370
   -1
100
AcDbLine
 10
60.35157499999998
 20
-34.705659
 11
60.322401
 21
-34.707955
  0
LINE
  5
4AA
100
AcDbEntity
  8
parts layout
  6
CONTINUOUS
 62
  256
370
   -1
100
AcDbLine
 10
60.322401
 20
-34.707955
 11
60.30803999999999
 21
-34.704804
  0
LINE
  5
4AB
100
AcDbEntity
  8
parts layout
  6
CONTINUOUS
 62
  256
370
   -1
100
AcDbLine
 10
60.30803999999999
 20
-34.704804
 11
60.170136
 21
-34.65999600000001
  0
LINE
  5
4AC
100
AcDbEntity
  8
parts layout
  6
CONTINUOUS
 62
  256
370
   -1
100
AcDbLine
 10
60.170136
 20
-34.65999600000001
 11
59.52569200000001
 21
-36.643389
  0
LINE
  5
4AD
100
AcDbEntity
  8
parts layout
  6
CONTINUOUS
 62
  256
370
   -1
100
AcDbLine
 10
59.52569200000001
 20
-36.643389
 11
59.55457800000001
 21
-36.66806
  0
LINE
  5
4AE
100
AcDbEntity
  8
parts layout
  6
CONTINUOUS
 62
  256
370
   -1
100
AcDbLine
 10
59.55457800000001
 20
-36.66806
 11
59.659105
 21
-36.702023
  0
LINE
  5
4AF
100
AcDbEntity
  8
parts layout
  6
CONTINUOUS
 62
  256
370
   -1
100
AcDbLine
 10
59.659105
 20
-36.702023
 11
59.67257500000001
 21
-36.707915
  0
LINE
  5
4B0
100
AcDbEntity
  8
parts layout
  6
CONTINUOUS
 62
  256
370
   -1
100
AcDbLine
 10
59.67257500000001
 20
-36.707915
 11
59.69482699999999
 21
-36.72692000000001
  0
LINE
  5
4B1
100
AcDbEntity
  8
parts layout
  6
CONTINUOUS
 62
  256
370
   -1
100
AcDbLine
 10
59.69482699999999
 20
-36.72692000000001
 11
59.70811199999999
 21
-36.752994
  0
LINE
  5
4B2
100
AcDbEntity
  8
parts layout
  6
CONTINUOUS
 62
  256
370
   -1
100
AcDbLine
 10
59.70811199999999
 20
-36.752994
 11
59.71040899999998
 21
-36.782167
  0
LINE
  5
4B3
100
AcDbEntity
  8
parts layout
  6
CONTINUOUS
 62
  256
370
   -1
100
AcDbLine
 10
59.71040899999998
 20
-36.782167
 11
59.71040599999999
 21
-36.782174
  0
LINE
  5
4B4
100
AcDbEntity
  8
parts layout
  6
CONTINUOUS
 62
  256
370
   -1
100
AcDbLine
 10
59.71040599999999
 20
-36.782174
 11
59.70725699999998
 21
-36.79652900000001
  0
LINE
  5
4B5
100
AcDbEntity
  8
parts layout
  6
CONTINUOUS
 62
  256
370
   -1
100
AcDbLine
 10
59.70725699999998
 20
-36.79652900000001
 11
59.39824
 21
-37.747585
  0
LINE
  5
4B6
100
AcDbEntity
  8
parts layout
  6
CONTINUOUS
 62
  256
370
   -1
100
AcDbLine
 10
59.39824
 20
-37.747585
 11
59.39234799999998
 21
-37.761056
  0
LINE
  5
4B7
100
AcDbEntity
  8
parts layout
  6
CONTINUOUS
 62
  256
370
   -1
100
AcDbLine
 10
59.39234799999998
 20
-37.761056
 11
59.37334299999999
 21
-37.78330800000001
  0
LINE
  5
4B8
100
AcDbEntity
  8
parts layout
  6
CONTINUOUS
 62
  256
370
   -1
100
AcDbLine
 10
59.37334299999999
 20
-37.78330800000001
 11
59.347269
 21
-37.796593
  0
LINE
  5
4B9
100
AcDbEntity
  8
parts layout
  6
CONTINUOUS
 62
  256
370
   -1
100
AcDbLine
 10
59.347269
 20
-37.796593
 11
59.31809599999998
 21
-37.798889
  0
LINE
  5
4BA
100
AcDbEntity
  8
parts layout
  6
CONTINUOUS
 62
  256
370
   -1
100
AcDbLine
 10
59.31809599999998
 20
-37.798889
 11
59.31809499999999
 21
-37.79888800000001
  0
LINE
  5
4BB
100
AcDbEntity
  8
parts layout
  6
CONTINUOUS
 62
  256
370
   -1
100
AcDbLine
 10
59.31809499999999
 20
-37.79888800000001
 11
59.31809499999999
 21
-37.798889
  0
LINE
  5
4BC
100
AcDbEntity
  8
parts layout
  6
CONTINUOUS
 62
  256
370
   -1
100
AcDbLine
 10
59.31809499999999
 20
-37.798889
 11
59.30373400000001
 21
-37.795738
  0
LINE
  5
4BD
100
AcDbEntity
  8
parts layout
  6
CONTINUOUS
 62
  256
370
   -1
100
AcDbLine
 10
59.30373400000001
 20
-37.795738
 11
54.54845199999998
 21
-36.250653
  0
LINE
  5
4BE
100
AcDbEntity
  8
parts layout
  6
CONTINUOUS
 62
  256
370
   -1
100
AcDbLine
 10
54.54845199999998
 20
-36.250653
 11
54.546826
 21
-36.24994100000001
  0
LINE
  5
4BF
100
AcDbEntity
  8
parts layout
  6
CONTINUOUS
 62
  256
370
   -1
100
AcDbLine
 10
54.546826
 20
-36.24994100000001
 11
54.54632600000001
 21
-36.249927
  0
LINE
  5
4C0
100
AcDbEntity
  8
parts layout
  6
CONTINUOUS
 62
  256
370
   -1
100
AcDbLine
 10
54.54632600000001
 20
-36.249927
 11
54.425665
 21
-36.206616
  0
LINE
  5
4C1
100
AcDbEntity
  8
parts layout
  6
CONTINUOUS
 62
  256
370
   -1
100
AcDbLine
 10
54.425665
 20
-36.206616
 11
54.278352
 21
-36.17337500000001
  0
LINE
  5
4C2
100
AcDbEntity
  8
parts layout
  6
CONTINUOUS
 62
  256
370
   -1
100
AcDbLine
 10
54.278352
 20
-36.17337500000001
 11
54.27370699999999
 21
-36.17360100000001
  0
LINE
  5
4C3
100
AcDbEntity
  8
parts layout
  6
CONTINUOUS
 62
  256
370
   -1
100
AcDbLine
 10
54.27370699999999
 20
-36.17360100000001
 11
54.15688899999999
 21
-36.14831
  0
LINE
  5
4C4
100
AcDbEntity
  8
parts layout
  6
CONTINUOUS
 62
  256
370
   -1
100
AcDbLine
 10
54.15688899999999
 20
-36.14831
 11
53.92043099999999
 21
-36.124644
  0
LINE
  5
4C5
100
AcDbEntity
  8
parts layout
  6
CONTINUOUS
 62
  256
370
   -1
100
AcDbLine
 10
53.92043099999999
 20
-36.124644
 11
53.66409699999998
 21
-36.13039000000001
  0
LINE
  5
4C6
100
AcDbEntity
  8
parts layout
  6
CONTINUOUS
 62
  256
370
   -1
100
AcDbLine
 10
53.66409699999998
 20
-36.13039000000001
 11
53.410374
 21
-36.167333
  0
LINE
  5
4C7
100
AcDbEntity
  8
parts layout
  6
CONTINUOUS
 62
  256
370
   -1
100
AcDbLine
 10
53.410374
 20
-36.167333
 11
53.163044
 21
-36.234922
  0
LINE
  5
4C8
100
AcDbEntity
  8
parts layout
  6
CONTINUOUS
 62
  256
370
   -1
100
AcDbLine
 10
53.163044
 20
-36.234922
 11
52.92579500000001
 21
-36.332149
  0
LINE
  5
4C9
100
AcDbEntity
  8
parts layout
  6
CONTINUOUS
 62
  256
370
   -1
100
AcDbLine
 10
52.92579500000001
 20
-36.332149
 11
52.702163
 21
-36.457565
  0
LINE
  5
4CA
100
AcDbEntity
  8
parts layout
  6
CONTINUOUS
 62
  256
370
   -1
100
AcDbLine
 10
52.702163
 20
-36.457565
 11
52.49548299999999
 21
-36.60929900000001
  0
LINE
  5
4CB
100
AcDbEntity
  8
parts layout
  6
CONTINUOUS
 62
  256
370
   -1
100
AcDbLine
 10
52.49548299999999
 20
-36.60929900000001
 11
52.308835
 21
-36.78509099999999
  0
LINE
  5
4CC
100
AcDbEntity
  8
parts layout
  6
CONTINUOUS
 62
  256
370
   -1
100
AcDbLine
 10
52.308835
 20
-36.78509099999999
 11
52.14500199999999
 21
-36.982319
  0
LINE
  5
4CD
100
AcDbEntity
  8
parts layout
  6
CONTINUOUS
 62
  256
370
   -1
100
AcDbLine
 10
52.14500199999999
 20
-36.982319
 11
52.00642599999999
 21
-37.198043
  0
LINE
  5
4CE
100
AcDbEntity
  8
parts layout
  6
CONTINUOUS
 62
  256
370
   -1
100
AcDbLine
 10
52.00642599999999
 20
-37.198043
 11
51.95085899999999
 21
-37.313574
  0
LINE
  5
4CF
100
AcDbEntity
  8
parts layout
  6
CONTINUOUS
 62
  256
370
   -1
100
AcDbLine
 10
51.95085899999999
 20
-37.313574
 11
51.94378099999999
 21
-37.320976
  0
LINE
  5
4D0
100
AcDbEntity
  8
parts layout
  6
CONTINUOUS
 62
  256
370
   -1
100
AcDbLine
 10
51.94378099999999
 20
-37.320976
 11
51.938588
 21
-37.33696
  0
LINE
  5
4D1
100
AcDbEntity
  8
parts layout
  6
CONTINUOUS
 62
  256
370
   -1
100
AcDbLine
 10
51.938588
 20
-37.33696
 11
51.91958200000001
 21
-37.359212
  0
LINE
  5
4D2
100
AcDbEntity
  8
parts layout
  6
CONTINUOUS
 62
  256
370
   -1
100
AcDbLine
 10
51.91958200000001
 20
-37.359212
 11
51.89350900000001
 21
-37.372497
  0
LINE
  5
4D3
100
AcDbEntity
  8
parts layout
  6
CONTINUOUS
 62
  256
370
   -1
100
AcDbLine
 10
51.89350900000001
 20
-37.372497
 11
51.86433599999999
 21
-37.374793
  0
LINE
  5
4D4
100
AcDbEntity
  8
parts layout
  6
CONTINUOUS
 62
  256
370
   -1
100
AcDbLine
 10
51.86433599999999
 20
-37.374793
 11
51.84997399999999
 21
-37.37164199999999
  0
LINE
  5
4D5
100
AcDbEntity
  8
parts layout
  6
CONTINUOUS
 62
  256
370
   -1
100
AcDbLine
 10
51.84997399999999
 20
-37.37164199999999
 11
48.730509
 21
-36.35806700000001
  0
LINE
  5
4D6
100
AcDbEntity
  8
parts layout
  6
CONTINUOUS
 62
  256
370
   -1
100
AcDbLine
 10
48.730509
 20
-36.35806700000001
 11
48.71703799999999
 21
-36.352175
  0
LINE
  5
4D7
100
AcDbEntity
  8
parts layout
  6
CONTINUOUS
 62
  256
370
   -1
100
AcDbLine
 10
48.71703799999999
 20
-36.352175
 11
48.69478600000001
 21
-36.33317
  0
LINE
  5
4D8
100
AcDbEntity
  8
parts layout
  6
CONTINUOUS
 62
  256
370
   -1
100
AcDbLine
 10
48.69478600000001
 20
-36.33317
 11
48.68150099999998
 21
-36.307096
  0
LINE
  5
4D9
100
AcDbEntity
  8
parts layout
  6
CONTINUOUS
 62
  256
370
   -1
100
AcDbLine
 10
48.68150099999998
 20
-36.307096
 11
48.67920499999998
 21
-36.277923
  0
LINE
  5
4DA
100
AcDbEntity
  8
parts layout
  6
CONTINUOUS
 62
  256
370
   -1
100
AcDbLine
 10
48.67920499999998
 20
-36.277923
 11
48.68235599999998
 21
-36.26356200000001
  0
LINE
  5
4DB
100
AcDbEntity
  8
parts layout
  6
CONTINUOUS
 62
  256
370
   -1
100
AcDbLine
 10
48.68235599999998
 20
-36.26356200000001
 11
48.79360200000001
 21
-35.92118000000001
  0
LINE
  5
4DC
100
AcDbEntity
  8
parts layout
  6
CONTINUOUS
 62
  256
370
   -1
100
AcDbLine
 10
48.79360200000001
 20
-35.92118000000001
 11
48.799494
 21
-35.90770999999999
  0
LINE
  5
4DD
100
AcDbEntity
  8
parts layout
  6
CONTINUOUS
 62
  256
370
   -1
100
AcDbLine
 10
48.799494
 20
-35.90770999999999
 11
48.81849899999999
 21
-35.885458
  0
LINE
  5
4DE
100
AcDbEntity
  8
parts layout
  6
CONTINUOUS
 62
  256
370
   -1
100
AcDbLine
 10
48.81849899999999
 20
-35.885458
 11
48.84457299999998
 21
-35.872173
  0
LINE
  5
4DF
100
AcDbEntity
  8
parts layout
  6
CONTINUOUS
 62
  256
370
   -1
100
AcDbLine
 10
48.84457299999998
 20
-35.872173
 11
48.873746
 21
-35.869876
  0
LINE
  5
4E0
100
AcDbEntity
  8
parts layout
  6
CONTINUOUS
 62
  256
370
   -1
100
AcDbLine
 10
48.873746
 20
-35.869876
 11
48.873755
 21
-35.869879
  0
LINE
  5
4E1
100
AcDbEntity
  8
parts layout
  6
CONTINUOUS
 62
  256
370
   -1
100
AcDbLine
 10
48.873755
 20
-35.869879
 11
48.88810700000001
 21
-35.87302800000001
  0
LINE
  5
4E2
100
AcDbEntity
  8
parts layout
  6
CONTINUOUS
 62
  256
370
   -1
100
AcDbLine
 10
48.88810700000001
 20
-35.87302800000001
 11
49.00852199999999
 21
-35.912153
  0
LINE
  5
4E3
100
AcDbEntity
  8
parts layout
  6
CONTINUOUS
 62
  256
370
   -1
100
AcDbLine
 10
49.00852199999999
 20
-35.912153
 11
49.035084
 21
-35.91006300000001
  0
LINE
  5
4E4
100
AcDbEntity
  8
parts layout
  6
CONTINUOUS
 62
  256
370
   -1
100
AcDbLine
 10
49.035084
 20
-35.91006300000001
 11
49.038786
 21
-35.910875
  0
LINE
  5
4E5
100
AcDbEntity
  8
parts layout
  6
CONTINUOUS
 62
  256
370
   -1
100
AcDbLine
 10
49.038786
 20
-35.910875
 11
49.68136700000001
 21
-33.933217
  0
LINE
  5
4E6
100
AcDbEntity
  8
parts layout
  6
CONTINUOUS
 62
  256
370
   -1
100
AcDbLine
 10
49.68136700000001
 20
-33.933217
 11
49.53395299999998
 21
-33.88532000000001
  0
LINE
  5
4E7
100
AcDbEntity
  8
parts layout
  6
CONTINUOUS
 62
  256
370
   -1
100
AcDbLine
 10
49.53395299999998
 20
-33.88532000000001
 11
49.520482
 21
-33.879428
  0
LINE
  5
4E8
100
AcDbEntity
  8
parts layout
  6
CONTINUOUS
 62
  256
370
   -1
100
AcDbLine
 10
49.520482
 20
-33.879428
 11
49.49822999999999
 21
-33.860423
  0
LINE
  5
4E9
100
AcDbEntity
  8
parts layout
  6
CONTINUOUS
 62
  256
370
   -1
100
AcDbLine
 10
49.49822999999999
 20
-33.860423
 11
49.484945
 21
-33.83435
  0
LINE
  5
4EA
100
AcDbEntity
  8
parts layout
  6
CONTINUOUS
 62
  256
370
   -1
100
AcDbLine
 10
49.484945
 20
-33.83435
 11
49.48264899999999
 21
-33.805176
  0
LINE
  5
4EB
100
AcDbEntity
  8
parts layout
  6
CONTINUOUS
 62
  256
370
   -1
100
AcDbLine
 10
49.48264899999999
 20
-33.805176
 11
49.4858
 21
-33.79081499999999
  0
LINE
  5
4EC
100
AcDbEntity
  8
parts layout
  6
CONTINUOUS
 62
  256
370
   -1
100
AcDbLine
 10
49.4858
 20
-33.79081499999999
 11
49.79481700000001
 21
-32.839758
  0
LINE
  5
4ED
100
AcDbEntity
  8
parts layout
  6
CONTINUOUS
 62
  256
370
   -1
100
AcDbLine
 10
49.79481700000001
 20
-32.839758
 11
49.796024
 21
-32.836997
  0
LINE
  5
4EE
100
AcDbEntity
  8
parts layout
  6
CONTINUOUS
 62
  256
370
   -1
100
AcDbLine
 10
49.796024
 20
-32.836997
 11
49.79606299999999
 21
-32.836226
  0
LINE
  5
4EF
100
AcDbEntity
  8
parts layout
  6
CONTINUOUS
 62
  256
370
   -1
100
AcDbLine
 10
49.79606299999999
 20
-32.836226
 11
49.90924099999999
 21
-32.58916500000001
  0
LINE
  5
4F0
100
AcDbEntity
  8
parts layout
  6
CONTINUOUS
 62
  256
370
   -1
100
AcDbLine
 10
49.90924099999999
 20
-32.58916500000001
 11
50.05369799999998
 21
-32.358991
  0
LINE
  5
4F1
100
AcDbEntity
  8
parts layout
  6
CONTINUOUS
 62
  256
370
   -1
100
AcDbLine
 10
50.05369799999998
 20
-32.358991
 11
50.226963
 21
-32.149642
  0
LINE
  5
4F2
100
AcDbEntity
  8
parts layout
  6
CONTINUOUS
 62
  256
370
   -1
100
AcDbLine
 10
50.226963
 20
-32.149642
 11
50.42607099999999
 21
-31.964699
  0
LINE
  5
4F3
100
AcDbEntity
  8
parts layout
  6
CONTINUOUS
 62
  256
370
   -1
100
AcDbLine
 10
50.42607099999999
 20
-31.964699
 11
50.64761599999999
 21
-31.807327
  0
LINE
  5
4F4
100
AcDbEntity
  8
parts layout
  6
CONTINUOUS
 62
  256
370
   -1
100
AcDbLine
 10
50.64761599999999
 20
-31.807327
 11
50.887806
 21
-31.68021900000001
  0
LINE
  5
4F5
100
AcDbEntity
  8
parts layout
  6
CONTINUOUS
 62
  256
370
   -1
100
AcDbLine
 10
50.887806
 20
-31.68021900000001
 11
51.142533
 21
-31.58555
  0
LINE
  5
4F6
100
AcDbEntity
  8
parts layout
  6
CONTINUOUS
 62
  256
370
   -1
100
AcDbLine
 10
51.142533
 20
-31.58555
 11
51.407437
 21
-31.524939
  0
LINE
  5
4F7
100
AcDbEntity
  8
parts layout
  6
CONTINUOUS
 62
  256
370
   -1
100
AcDbLine
 10
51.407437
 20
-31.524939
 11
51.67798699999999
 21
-31.499424
  0
LINE
  5
4F8
100
AcDbEntity
  8
parts layout
  6
CONTINUOUS
 62
  256
370
   -1
100
AcDbLine
 10
51.67798699999999
 20
-31.499424
 11
51.949552
 21
-31.50944
  0
LINE
  5
4F9
100
AcDbEntity
  8
parts layout
  6
CONTINUOUS
 62
  256
370
   -1
100
AcDbLine
 10
49.840682
 20
-36.166766
 11
49.850621
 21
-36.169996
  0
LINE
  5
4FA
100
AcDbEntity
  8
parts layout
  6
CONTINUOUS
 62
  256
370
   -1
100
AcDbLine
 10
49.850621
 20
-36.169996
 11
49.842596
 21
-36.16197099999999
  0
LINE
  5
4FB
100
AcDbEntity
  8
parts layout
  6
CONTINUOUS
 62
  256
370
   -1
100
AcDbLine
 10
49.842596
 20
-36.16197099999999
 11
49.840682
 21
-36.166766
  0
LINE
  5
4FC
100
AcDbEntity
  8
parts layout
  6
CONTINUOUS
 62
  256
370
   -1
100
AcDbLine
 10
21.23157999999999
 20
-31.457881
 11
21.26047899999999
 21
-31.49356900000001
  0
LINE
  5
4FD
100
AcDbEntity
  8
parts layout
  6
CONTINUOUS
 62
  256
370
   -1
100
AcDbLine
 10
21.26047899999999
 20
-31.49356900000001
 11
21.26262100000001
 21
-31.516882
  0
LINE
  5
4FE
100
AcDbEntity
  8
parts layout
  6
CONTINUOUS
 62
  256
370
   -1
100
AcDbLine
 10
21.26262100000001
 20
-31.516882
 11
20.849733
 21
-35.445243
  0
LINE
  5
4FF
100
AcDbEntity
  8
parts layout
  6
CONTINUOUS
 62
  256
370
   -1
100
AcDbLine
 10
20.849733
 20
-35.445243
 11
22.71943499999999
 21
-35.641757
  0
LINE
  5
500
100
AcDbEntity
  8
parts layout
  6
CONTINUOUS
 62
  256
370
   -1
100
AcDbLine
 10
22.71943499999999
 20
-35.641757
 11
23.132323
 21
-31.71339500000001
  0
LINE
  5
501
100
AcDbEntity
  8
parts layout
  6
CONTINUOUS
 62
  256
370
   -1
100
AcDbLine
 10
23.132323
 20
-31.71339500000001
 11
23.13926500000001
 21
-31.69103800000001
  0
LINE
  5
502
100
AcDbEntity
  8
parts layout
  6
CONTINUOUS
 62
  256
370
   -1
100
AcDbLine
 10
23.13926500000001
 20
-31.69103800000001
 11
23.174953
 21
-31.662138
  0
LINE
  5
503
100
AcDbEntity
  8
parts layout
  6
CONTINUOUS
 62
  256
370
   -1
100
AcDbLine
 10
23.174953
 20
-31.662138
 11
23.220624
 21
-31.666938
  0
LINE
  5
504
100
AcDbEntity
  8
parts layout
  6
CONTINUOUS
 62
  256
370
   -1
100
AcDbLine
 10
23.220624
 20
-31.666938
 11
23.249523
 21
-31.702626
  0
LINE
  5
505
100
AcDbEntity
  8
parts layout
  6
CONTINUOUS
 62
  256
370
   -1
100
AcDbLine
 10
23.249523
 20
-31.702626
 11
23.25166499999999
 21
-31.725939
  0
LINE
  5
506
100
AcDbEntity
  8
parts layout
  6
CONTINUOUS
 62
  256
370
   -1
100
AcDbLine
 10
23.25166499999999
 20
-31.725939
 11
22.83250600000001
 21
-35.713972
  0
LINE
  5
507
100
AcDbEntity
  8
parts layout
  6
CONTINUOUS
 62
  256
370
   -1
100
AcDbLine
 10
22.83250600000001
 20
-35.713972
 11
22.825564
 21
-35.73633
  0
LINE
  5
508
100
AcDbEntity
  8
parts layout
  6
CONTINUOUS
 62
  256
370
   -1
100
AcDbLine
 10
22.825564
 20
-35.73633
 11
22.78987600000001
 21
-35.76522900000001
  0
LINE
  5
509
100
AcDbEntity
  8
parts layout
  6
CONTINUOUS
 62
  256
370
   -1
100
AcDbLine
 10
22.78987600000001
 20
-35.76522900000001
 11
22.766563
 21
-35.767371
  0
LINE
  5
50A
100
AcDbEntity
  8
parts layout
  6
CONTINUOUS
 62
  256
370
   -1
100
AcDbLine
 10
22.766563
 20
-35.767371
 11
20.777519
 21
-35.558314
  0
LINE
  5
50B
100
AcDbEntity
  8
parts layout
  6
CONTINUOUS
 62
  256
370
   -1
100
AcDbLine
 10
20.777519
 20
-35.558314
 11
20.755161
 21
-35.551372
  0
LINE
  5
50C
100
AcDbEntity
  8
parts layout
  6
CONTINUOUS
 62
  256
370
   -1
100
AcDbLine
 10
20.755161
 20
-35.551372
 11
20.72626200000001
 21
-35.51568400000001
  0
LINE
  5
50D
100
AcDbEntity
  8
parts layout
  6
CONTINUOUS
 62
  256
370
   -1
100
AcDbLine
 10
20.72626200000001
 20
-35.51568400000001
 11
20.72411999999998
 21
-35.49237100000001
  0
LINE
  5
50E
100
AcDbEntity
  8
parts layout
  6
CONTINUOUS
 62
  256
370
   -1
100
AcDbLine
 10
20.72411999999998
 20
-35.49237100000001
 11
21.14327899999999
 21
-31.504338
  0
LINE
  5
50F
100
AcDbEntity
  8
parts layout
  6
CONTINUOUS
 62
  256
370
   -1
100
AcDbLine
 10
21.14327899999999
 20
-31.504338
 11
21.150221
 21
-31.481981
  0
LINE
  5
510
100
AcDbEntity
  8
parts layout
  6
CONTINUOUS
 62
  256
370
   -1
100
AcDbLine
 10
21.150221
 20
-31.481981
 11
21.185909
 21
-31.453081
  0
LINE
  5
511
100
AcDbEntity
  8
parts layout
  6
CONTINUOUS
 62
  256
370
   -1
100
AcDbLine
 10
21.185909
 20
-31.453081
 11
21.23157999999999
 21
-31.457881
  0
LINE
  5
512
100
AcDbEntity
  8
parts layout
  6
CONTINUOUS
 62
  256
370
   -1
100
AcDbLine
 10
1.115432999999996
 20
-29.838139
 11
1.120000000000005
 21
-29.86110000000001
  0
LINE
  5
513
100
AcDbEntity
  8
parts layout
  6
CONTINUOUS
 62
  256
370
   -1
100
AcDbLine
 10
1.120000000000005
 20
-29.86110000000001
 11
1.120000000000005
 21
-33.8111
  0
LINE
  5
514
100
AcDbEntity
  8
parts layout
  6
CONTINUOUS
 62
  256
370
   -1
100
AcDbLine
 10
1.120000000000005
 20
-33.8111
 11
3
 21
-33.8111
  0
LINE
  5
515
100
AcDbEntity
  8
parts layout
  6
CONTINUOUS
 62
  256
370
   -1
100
AcDbLine
 10
3
 20
-33.8111
 11
3
 21
-29.86110000000001
  0
LINE
  5
516
100
AcDbEntity
  8
parts layout
  6
CONTINUOUS
 62
  256
370
   -1
100
AcDbLine
 10
3
 20
-29.86110000000001
 11
3.004566999999994
 21
-29.838139
  0
LINE
  5
517
100
AcDbEntity
  8
parts layout
  6
CONTINUOUS
 62
  256
370
   -1
100
AcDbLine
 10
3.004566999999994
 20
-29.838139
 11
3.037038999999993
 21
-29.805667
  0
LINE
  5
518
100
AcDbEntity
  8
parts layout
  6
CONTINUOUS
 62
  256
370
   -1
100
AcDbLine
 10
3.037038999999993
 20
-29.805667
 11
3.082960999999997
 21
-29.805667
  0
LINE
  5
519
100
AcDbEntity
  8
parts layout
  6
CONTINUOUS
 62
  256
370
   -1
100
AcDbLine
 10
3.082960999999997
 20
-29.805667
 11
3.115432999999996
 21
-29.838139
  0
LINE
  5
51A
100
AcDbEntity
  8
parts layout
  6
CONTINUOUS
 62
  256
370
   -1
100
AcDbLine
 10
3.115432999999996
 20
-29.838139
 11
3.120000000000005
 21
-29.86110000000001
  0
LINE
  5
51B
100
AcDbEntity
  8
parts layout
  6
CONTINUOUS
 62
  256
370
   -1
100
AcDbLine
 10
3.120000000000005
 20
-29.86110000000001
 11
3.120000000000005
 21
-33.8711
  0
LINE
  5
51C
100
AcDbEntity
  8
parts layout
  6
CONTINUOUS
 62
  256
370
   -1
100
AcDbLine
 10
3.120000000000005
 20
-33.8711
 11
3.115432999999996
 21
-33.89406100000001
  0
LINE
  5
51D
100
AcDbEntity
  8
parts layout
  6
CONTINUOUS
 62
  256
370
   -1
100
AcDbLine
 10
3.115432999999996
 20
-33.89406100000001
 11
3.082960999999997
 21
-33.92653300000001
  0
LINE
  5
51E
100
AcDbEntity
  8
parts layout
  6
CONTINUOUS
 62
  256
370
   -1
100
AcDbLine
 10
3.082960999999997
 20
-33.92653300000001
 11
3.060000000000002
 21
-33.9311
  0
LINE
  5
51F
100
AcDbEntity
  8
parts layout
  6
CONTINUOUS
 62
  256
370
   -1
100
AcDbLine
 10
3.060000000000002
 20
-33.9311
 11
1.060000000000002
 21
-33.9311
  0
LINE
  5
520
100
AcDbEntity
  8
parts layout
  6
CONTINUOUS
 62
  256
370
   -1
100
AcDbLine
 10
1.060000000000002
 20
-33.9311
 11
1.037038999999993
 21
-33.92653300000001
  0
LINE
  5
521
100
AcDbEntity
  8
parts layout
  6
CONTINUOUS
 62
  256
370
   -1
100
AcDbLine
 10
1.037038999999993
 20
-33.92653300000001
 11
1.004566999999994
 21
-33.89406100000001
  0
LINE
  5
522
100
AcDbEntity
  8
parts layout
  6
CONTINUOUS
 62
  256
370
   -1
100
AcDbLine
 10
1.004566999999994
 20
-33.89406100000001
 11
1
 21
-33.8711
  0
LINE
  5
523
100
AcDbEntity
  8
parts layout
  6
CONTINUOUS
 62
  256
370
   -1
100
AcDbLine
 10
1
 20
-33.8711
 11
1
 21
-29.86110000000001
  0
LINE
  5
524
100
AcDbEntity
  8
parts layout
  6
CONTINUOUS
 62
  256
370
   -1
100
AcDbLine
 10
1
 20
-29.86110000000001
 11
1.004566999999994
 21
-29.838139
  0
LINE
  5
525
100
AcDbEntity
  8
parts layout
  6
CONTINUOUS
 62
  256
370
   -1
100
AcDbLine
 10
1.004566999999994
 20
-29.838139
 11
1.037038999999993
 21
-29.805667
  0
LINE
  5
526
100
AcDbEntity
  8
parts layout
  6
CONTINUOUS
 62
  256
370
   -1
100
AcDbLine
 10
1.037038999999993
 20
-29.805667
 11
1.082960999999997
 21
-29.805667
  0
LINE
  5
527
100
AcDbEntity
  8
parts layout
  6
CONTINUOUS
 62
  256
370
   -1
100
AcDbLine
 10
1.082960999999997
 20
-29.805667
 11
1.115432999999996
 21
-29.838139
  0
LINE
  5
528
100
AcDbEntity
  8
parts layout
  6
CONTINUOUS
 62
  256
370
   -1
100
AcDbLine
 10
31.732838
 20
-26.485395
 11
31.99402500000001
 21
-26.53669600000001
  0
LINE
  5
529
100
AcDbEntity
  8
parts layout
  6
CONTINUOUS
 62
  256
370
   -1
100
AcDbLine
 10
31.99402500000001
 20
-26.53669600000001
 11
31.99584800000001
 21
-26.5369
  0
LINE
  5
52A
100
AcDbEntity
  8
parts layout
  6
CONTINUOUS
 62
  256
370
   -1
100
AcDbLine
 10
31.99584800000001
 20
-26.5369
 11
40.21228899999998
 21
-28.283359
  0
LINE
  5
52B
100
AcDbEntity
  8
parts layout
  6
CONTINUOUS
 62
  256
370
   -1
100
AcDbLine
 10
40.21228899999998
 20
-28.283359
 11
40.22630199999999
 21
-28.287811
  0
LINE
  5
52C
100
AcDbEntity
  8
parts layout
  6
CONTINUOUS
 62
  256
370
   -1
100
AcDbLine
 10
40.22630199999999
 20
-28.287811
 11
40.25041900000001
 21
-28.30438600000001
  0
LINE
  5
52D
100
AcDbEntity
  8
parts layout
  6
CONTINUOUS
 62
  256
370
   -1
100
AcDbLine
 10
40.25041900000001
 20
-28.30438600000001
 11
40.26635599999999
 21
-28.328928
  0
LINE
  5
52E
100
AcDbEntity
  8
parts layout
  6
CONTINUOUS
 62
  256
370
   -1
100
AcDbLine
 10
40.26635599999999
 20
-28.328928
 11
40.27168999999999
 21
-28.357702
  0
LINE
  5
52F
100
AcDbEntity
  8
parts layout
  6
CONTINUOUS
 62
  256
370
   -1
100
AcDbLine
 10
40.27168999999999
 20
-28.357702
 11
40.27005699999999
 21
-28.372314
  0
LINE
  5
530
100
AcDbEntity
  8
parts layout
  6
CONTINUOUS
 62
  256
370
   -1
100
AcDbLine
 10
40.27005699999999
 20
-28.372314
 11
40.197288
 21
-28.714664
  0
LINE
  5
531
100
AcDbEntity
  8
parts layout
  6
CONTINUOUS
 62
  256
370
   -1
100
AcDbLine
 10
40.197288
 20
-28.714664
 11
40.19283599999999
 21
-28.728677
  0
LINE
  5
532
100
AcDbEntity
  8
parts layout
  6
CONTINUOUS
 62
  256
370
   -1
100
AcDbLine
 10
40.19283599999999
 20
-28.728677
 11
40.176261
 21
-28.75279399999999
  0
LINE
  5
533
100
AcDbEntity
  8
parts layout
  6
CONTINUOUS
 62
  256
370
   -1
100
AcDbLine
 10
40.176261
 20
-28.75279399999999
 11
40.151719
 21
-28.768732
  0
LINE
  5
534
100
AcDbEntity
  8
parts layout
  6
CONTINUOUS
 62
  256
370
   -1
100
AcDbLine
 10
40.151719
 20
-28.768732
 11
40.122945
 21
-28.77406500000001
  0
LINE
  5
535
100
AcDbEntity
  8
parts layout
  6
CONTINUOUS
 62
  256
370
   -1
100
AcDbLine
 10
40.122945
 20
-28.77406500000001
 11
40.108333
 21
-28.77243199999999
  0
LINE
  5
536
100
AcDbEntity
  8
parts layout
  6
CONTINUOUS
 62
  256
370
   -1
100
AcDbLine
 10
40.108333
 20
-28.77243199999999
 11
39.96650200000001
 21
-28.742285
  0
LINE
  5
537
100
AcDbEntity
  8
parts layout
  6
CONTINUOUS
 62
  256
370
   -1
100
AcDbLine
 10
39.96650200000001
 20
-28.742285
 11
39.532909
 21
-30.782174
  0
LINE
  5
538
100
AcDbEntity
  8
parts layout
  6
CONTINUOUS
 62
  256
370
   -1
100
AcDbLine
 10
39.532909
 20
-30.782174
 11
39.564217
 21
-30.803692
  0
LINE
  5
539
100
AcDbEntity
  8
parts layout
  6
CONTINUOUS
 62
  256
370
   -1
100
AcDbLine
 10
39.564217
 20
-30.803692
 11
39.67171900000001
 21
-30.826542
  0
LINE
  5
53A
100
AcDbEntity
  8
parts layout
  6
CONTINUOUS
 62
  256
370
   -1
100
AcDbLine
 10
39.67171900000001
 20
-30.826542
 11
39.68573099999999
 21
-30.83099300000001
  0
LINE
  5
53B
100
AcDbEntity
  8
parts layout
  6
CONTINUOUS
 62
  256
370
   -1
100
AcDbLine
 10
39.68573099999999
 20
-30.83099300000001
 11
39.68849099999998
 21
-30.83289000000001
  0
LINE
  5
53C
100
AcDbEntity
  8
parts layout
  6
CONTINUOUS
 62
  256
370
   -1
100
AcDbLine
 10
39.68849099999998
 20
-30.83289000000001
 11
39.70984900000001
 21
-30.84756900000001
  0
LINE
  5
53D
100
AcDbEntity
  8
parts layout
  6
CONTINUOUS
 62
  256
370
   -1
100
AcDbLine
 10
39.70984900000001
 20
-30.84756900000001
 11
39.72578599999999
 21
-30.872111
  0
LINE
  5
53E
100
AcDbEntity
  8
parts layout
  6
CONTINUOUS
 62
  256
370
   -1
100
AcDbLine
 10
39.72578599999999
 20
-30.872111
 11
39.73111999999999
 21
-30.900885
  0
LINE
  5
53F
100
AcDbEntity
  8
parts layout
  6
CONTINUOUS
 62
  256
370
   -1
100
AcDbLine
 10
39.73111999999999
 20
-30.900885
 11
39.72948699999999
 21
-30.915497
  0
LINE
  5
540
100
AcDbEntity
  8
parts layout
  6
CONTINUOUS
 62
  256
370
   -1
100
AcDbLine
 10
39.72948699999999
 20
-30.915497
 11
39.521575
 21
-31.89364399999999
  0
LINE
  5
541
100
AcDbEntity
  8
parts layout
  6
CONTINUOUS
 62
  256
370
   -1
100
AcDbLine
 10
39.521575
 20
-31.89364399999999
 11
39.51712299999998
 21
-31.907657
  0
LINE
  5
542
100
AcDbEntity
  8
parts layout
  6
CONTINUOUS
 62
  256
370
   -1
100
AcDbLine
 10
39.51712299999998
 20
-31.907657
 11
39.50054799999999
 21
-31.931774
  0
LINE
  5
543
100
AcDbEntity
  8
parts layout
  6
CONTINUOUS
 62
  256
370
   -1
100
AcDbLine
 10
39.50054799999999
 20
-31.931774
 11
39.476006
 21
-31.947712
  0
LINE
  5
544
100
AcDbEntity
  8
parts layout
  6
CONTINUOUS
 62
  256
370
   -1
100
AcDbLine
 10
39.476006
 20
-31.947712
 11
39.447233
 21
-31.953045
  0
LINE
  5
545
100
AcDbEntity
  8
parts layout
  6
CONTINUOUS
 62
  256
370
   -1
100
AcDbLine
 10
39.447233
 20
-31.953045
 11
39.447232
 21
-31.95304400000001
  0
LINE
  5
546
100
AcDbEntity
  8
parts layout
  6
CONTINUOUS
 62
  256
370
   -1
100
AcDbLine
 10
39.447232
 20
-31.95304400000001
 11
39.447232
 21
-31.953045
  0
LINE
  5
547
100
AcDbEntity
  8
parts layout
  6
CONTINUOUS
 62
  256
370
   -1
100
AcDbLine
 10
39.447232
 20
-31.953045
 11
39.44723
 21
-31.95304400000001
  0
LINE
  5
548
100
AcDbEntity
  8
parts layout
  6
CONTINUOUS
 62
  256
370
   -1
100
AcDbLine
 10
39.44723
 20
-31.95304400000001
 11
39.432621
 21
-31.951412
  0
LINE
  5
549
100
AcDbEntity
  8
parts layout
  6
CONTINUOUS
 62
  256
370
   -1
100
AcDbLine
 10
39.432621
 20
-31.951412
 11
34.541883
 21
-30.91185400000001
  0
LINE
  5
54A
100
AcDbEntity
  8
parts layout
  6
CONTINUOUS
 62
  256
370
   -1
100
AcDbLine
 10
34.541883
 20
-30.91185400000001
 11
34.54019100000001
 21
-30.911316
  0
LINE
  5
54B
100
AcDbEntity
  8
parts layout
  6
CONTINUOUS
 62
  256
370
   -1
100
AcDbLine
 10
34.54019100000001
 20
-30.911316
 11
34.53969299999999
 21
-30.911354
  0
LINE
  5
54C
100
AcDbEntity
  8
parts layout
  6
CONTINUOUS
 62
  256
370
   -1
100
AcDbLine
 10
34.53969299999999
 20
-30.911354
 11
34.41516499999999
 21
-30.880893
  0
LINE
  5
54D
100
AcDbEntity
  8
parts layout
  6
CONTINUOUS
 62
  256
370
   -1
100
AcDbLine
 10
34.41516499999999
 20
-30.880893
 11
34.26518399999999
 21
-30.863232
  0
LINE
  5
54E
100
AcDbEntity
  8
parts layout
  6
CONTINUOUS
 62
  256
370
   -1
100
AcDbLine
 10
34.26518399999999
 20
-30.863232
 11
34.260588
 21
-30.86394300000001
  0
LINE
  5
54F
100
AcDbEntity
  8
parts layout
  6
CONTINUOUS
 62
  256
370
   -1
100
AcDbLine
 10
34.260588
 20
-30.86394300000001
 11
34.14176500000001
 21
-30.85100200000001
  0
LINE
  5
550
100
AcDbEntity
  8
parts layout
  6
CONTINUOUS
 62
  256
370
   -1
100
AcDbLine
 10
34.14176500000001
 20
-30.85100200000001
 11
33.90413099999999
 21
-30.852182
  0
LINE
  5
551
100
AcDbEntity
  8
parts layout
  6
CONTINUOUS
 62
  256
370
   -1
100
AcDbLine
 10
33.90413099999999
 20
-30.852182
 11
33.64980200000001
 21
-30.884691
  0
LINE
  5
552
100
AcDbEntity
  8
parts layout
  6
CONTINUOUS
 62
  256
370
   -1
100
AcDbLine
 10
33.64980200000001
 20
-30.884691
 11
33.40132999999999
 21
-30.947953
  0
LINE
  5
553
100
AcDbEntity
  8
parts layout
  6
CONTINUOUS
 62
  256
370
   -1
100
AcDbLine
 10
33.40132999999999
 20
-30.947953
 11
33.16241999999998
 21
-31.04102400000001
  0
LINE
  5
554
100
AcDbEntity
  8
parts layout
  6
CONTINUOUS
 62
  256
370
   -1
100
AcDbLine
 10
33.16241999999998
 20
-31.04102400000001
 11
32.93663399999998
 21
-31.16251800000001
  0
LINE
  5
555
100
AcDbEntity
  8
parts layout
  6
CONTINUOUS
 62
  256
370
   -1
100
AcDbLine
 10
32.93663399999998
 20
-31.16251800000001
 11
32.72733699999999
 21
-31.310622
  0
LINE
  5
556
100
AcDbEntity
  8
parts layout
  6
CONTINUOUS
 62
  256
370
   -1
100
AcDbLine
 10
32.72733699999999
 20
-31.310622
 11
32.537649
 21
-31.48313
  0
LINE
  5
557
100
AcDbEntity
  8
parts layout
  6
CONTINUOUS
 62
  256
370
   -1
100
AcDbLine
 10
32.537649
 20
-31.48313
 11
32.37039900000001
 21
-31.677468
  0
LINE
  5
558
100
AcDbEntity
  8
parts layout
  6
CONTINUOUS
 62
  256
370
   -1
100
AcDbLine
 10
32.37039900000001
 20
-31.677468
 11
32.22807899999999
 21
-31.89074100000001
  0
LINE
  5
559
100
AcDbEntity
  8
parts layout
  6
CONTINUOUS
 62
  256
370
   -1
100
AcDbLine
 10
32.22807899999999
 20
-31.89074100000001
 11
32.11281200000001
 21
-32.11976800000001
  0
LINE
  5
55A
100
AcDbEntity
  8
parts layout
  6
CONTINUOUS
 62
  256
370
   -1
100
AcDbLine
 10
32.11281200000001
 20
-32.11976800000001
 11
32.06962499999999
 21
-32.240475
  0
LINE
  5
55B
100
AcDbEntity
  8
parts layout
  6
CONTINUOUS
 62
  256
370
   -1
100
AcDbLine
 10
32.06962499999999
 20
-32.240475
 11
32.06336
 21
-32.248576
  0
LINE
  5
55C
100
AcDbEntity
  8
parts layout
  6
CONTINUOUS
 62
  256
370
   -1
100
AcDbLine
 10
32.06336
 20
-32.248576
 11
32.05986599999999
 21
-32.26501500000001
  0
LINE
  5
55D
100
AcDbEntity
  8
parts layout
  6
CONTINUOUS
 62
  256
370
   -1
100
AcDbLine
 10
32.05986599999999
 20
-32.26501500000001
 11
32.04329
 21
-32.289132
  0
LINE
  5
55E
100
AcDbEntity
  8
parts layout
  6
CONTINUOUS
 62
  256
370
   -1
100
AcDbLine
 10
32.04329
 20
-32.289132
 11
32.018748
 21
-32.30507
  0
LINE
  5
55F
100
AcDbEntity
  8
parts layout
  6
CONTINUOUS
 62
  256
370
   -1
100
AcDbLine
 10
32.018748
 20
-32.30507
 11
31.989975
 21
-32.31040300000001
  0
LINE
  5
560
100
AcDbEntity
  8
parts layout
  6
CONTINUOUS
 62
  256
370
   -1
100
AcDbLine
 10
31.989975
 20
-32.31040300000001
 11
31.975363
 21
-32.30877
  0
LINE
  5
561
100
AcDbEntity
  8
parts layout
  6
CONTINUOUS
 62
  256
370
   -1
100
AcDbLine
 10
31.975363
 20
-32.30877
 11
28.767039
 21
-31.62682
  0
LINE
  5
562
100
AcDbEntity
  8
parts layout
  6
CONTINUOUS
 62
  256
370
   -1
100
AcDbLine
 10
28.767039
 20
-31.62682
 11
28.75302599999999
 21
-31.62236799999999
  0
LINE
  5
563
100
AcDbEntity
  8
parts layout
  6
CONTINUOUS
 62
  256
370
   -1
100
AcDbLine
 10
28.75302599999999
 20
-31.62236799999999
 11
28.728909
 21
-31.60579300000001
  0
LINE
  5
564
100
AcDbEntity
  8
parts layout
  6
CONTINUOUS
 62
  256
370
   -1
100
AcDbLine
 10
28.728909
 20
-31.60579300000001
 11
28.712971
 21
-31.58125099999999
  0
LINE
  5
565
100
AcDbEntity
  8
parts layout
  6
CONTINUOUS
 62
  256
370
   -1
100
AcDbLine
 10
28.712971
 20
-31.58125099999999
 11
28.70763799999999
 21
-31.552477
  0
LINE
  5
566
100
AcDbEntity
  8
parts layout
  6
CONTINUOUS
 62
  256
370
   -1
100
AcDbLine
 10
28.70763799999999
 20
-31.552477
 11
28.70927099999999
 21
-31.53786600000001
  0
LINE
  5
567
100
AcDbEntity
  8
parts layout
  6
CONTINUOUS
 62
  256
370
   -1
100
AcDbLine
 10
28.70927099999999
 20
-31.53786600000001
 11
28.78411899999999
 21
-31.185733
  0
LINE
  5
568
100
AcDbEntity
  8
parts layout
  6
CONTINUOUS
 62
  256
370
   -1
100
AcDbLine
 10
28.78411899999999
 20
-31.185733
 11
28.78856699999999
 21
-31.17173
  0
LINE
  5
569
100
AcDbEntity
  8
parts layout
  6
CONTINUOUS
 62
  256
370
   -1
100
AcDbLine
 10
28.78856699999999
 20
-31.17173
 11
28.78857000000001
 21
-31.17172100000001
  0
LINE
  5
56A
100
AcDbEntity
  8
parts layout
  6
CONTINUOUS
 62
  256
370
   -1
100
AcDbLine
 10
28.78857000000001
 20
-31.17172100000001
 11
28.80014999999999
 21
-31.15487400000001
  0
LINE
  5
56B
100
AcDbEntity
  8
parts layout
  6
CONTINUOUS
 62
  256
370
   -1
100
AcDbLine
 10
28.80014999999999
 20
-31.15487400000001
 11
28.80514599999999
 21
-31.147604
  0
LINE
  5
56C
100
AcDbEntity
  8
parts layout
  6
CONTINUOUS
 62
  256
370
   -1
100
AcDbLine
 10
28.80514599999999
 20
-31.147604
 11
28.82968799999999
 21
-31.131666
  0
LINE
  5
56D
100
AcDbEntity
  8
parts layout
  6
CONTINUOUS
 62
  256
370
   -1
100
AcDbLine
 10
28.82968799999999
 20
-31.131666
 11
28.85312799999998
 21
-31.12732099999999
  0
LINE
  5
56E
100
AcDbEntity
  8
parts layout
  6
CONTINUOUS
 62
  256
370
   -1
100
AcDbLine
 10
28.85312799999998
 20
-31.12732099999999
 11
28.85846099999999
 21
-31.126333
  0
LINE
  5
56F
100
AcDbEntity
  8
parts layout
  6
CONTINUOUS
 62
  256
370
   -1
100
AcDbLine
 10
28.85846099999999
 20
-31.126333
 11
28.85846199999999
 21
-31.126333
  0
LINE
  5
570
100
AcDbEntity
  8
parts layout
  6
CONTINUOUS
 62
  256
370
   -1
100
AcDbLine
 10
28.85846199999999
 20
-31.126333
 11
28.85846299999999
 21
-31.126333
  0
LINE
  5
571
100
AcDbEntity
  8
parts layout
  6
CONTINUOUS
 62
  256
370
   -1
100
AcDbLine
 10
28.85846299999999
 20
-31.126333
 11
28.87307299999999
 21
-31.127966
  0
LINE
  5
572
100
AcDbEntity
  8
parts layout
  6
CONTINUOUS
 62
  256
370
   -1
100
AcDbLine
 10
28.87307299999999
 20
-31.127966
 11
28.99691599999998
 21
-31.15428800000001
  0
LINE
  5
573
100
AcDbEntity
  8
parts layout
  6
CONTINUOUS
 62
  256
370
   -1
100
AcDbLine
 10
28.99691599999998
 20
-31.15428800000001
 11
29.023116
 21
-31.149433
  0
LINE
  5
574
100
AcDbEntity
  8
parts layout
  6
CONTINUOUS
 62
  256
370
   -1
100
AcDbLine
 10
29.023116
 20
-31.149433
 11
29.02688299999998
 21
-31.14985300000001
  0
LINE
  5
575
100
AcDbEntity
  8
parts layout
  6
CONTINUOUS
 62
  256
370
   -1
100
AcDbLine
 10
29.02688299999998
 20
-31.14985300000001
 11
29.459221
 21
-29.11586200000001
  0
LINE
  5
576
100
AcDbEntity
  8
parts layout
  6
CONTINUOUS
 62
  256
370
   -1
100
AcDbLine
 10
29.459221
 20
-29.11586200000001
 11
29.307609
 21
-29.083636
  0
LINE
  5
577
100
AcDbEntity
  8
parts layout
  6
CONTINUOUS
 62
  256
370
   -1
100
AcDbLine
 10
29.307609
 20
-29.083636
 11
29.29359599999999
 21
-29.079184
  0
LINE
  5
578
100
AcDbEntity
  8
parts layout
  6
CONTINUOUS
 62
  256
370
   -1
100
AcDbLine
 10
29.29359599999999
 20
-29.079184
 11
29.269479
 21
-29.06260899999999
  0
LINE
  5
579
100
AcDbEntity
  8
parts layout
  6
CONTINUOUS
 62
  256
370
   -1
100
AcDbLine
 10
29.269479
 20
-29.06260899999999
 11
29.262207
 21
-29.051411
  0
LINE
  5
57A
100
AcDbEntity
  8
parts layout
  6
CONTINUOUS
 62
  256
370
   -1
100
AcDbLine
 10
29.262207
 20
-29.051411
 11
29.253541
 21
-29.038067
  0
LINE
  5
57B
100
AcDbEntity
  8
parts layout
  6
CONTINUOUS
 62
  256
370
   -1
100
AcDbLine
 10
29.253541
 20
-29.038067
 11
29.24820799999999
 21
-29.009293
  0
LINE
  5
57C
100
AcDbEntity
  8
parts layout
  6
CONTINUOUS
 62
  256
370
   -1
100
AcDbLine
 10
29.24820799999999
 20
-29.009293
 11
29.24984099999999
 21
-28.994682
  0
LINE
  5
57D
100
AcDbEntity
  8
parts layout
  6
CONTINUOUS
 62
  256
370
   -1
100
AcDbLine
 10
29.24984099999999
 20
-28.994682
 11
29.45775299999998
 21
-28.01653400000001
  0
LINE
  5
57E
100
AcDbEntity
  8
parts layout
  6
CONTINUOUS
 62
  256
370
   -1
100
AcDbLine
 10
29.45775299999998
 20
-28.01653400000001
 11
29.45866500000001
 21
-28.013662
  0
LINE
  5
57F
100
AcDbEntity
  8
parts layout
  6
CONTINUOUS
 62
  256
370
   -1
100
AcDbLine
 10
29.45866500000001
 20
-28.013662
 11
29.458623
 21
-28.012891
  0
LINE
  5
580
100
AcDbEntity
  8
parts layout
  6
CONTINUOUS
 62
  256
370
   -1
100
AcDbLine
 10
29.458623
 20
-28.012891
 11
29.54535599999998
 21
-27.755354
  0
LINE
  5
581
100
AcDbEntity
  8
parts layout
  6
CONTINUOUS
 62
  256
370
   -1
100
AcDbLine
 10
29.54535599999998
 20
-27.755354
 11
29.66496199999999
 21
-27.511341
  0
LINE
  5
582
100
AcDbEntity
  8
parts layout
  6
CONTINUOUS
 62
  256
370
   -1
100
AcDbLine
 10
29.66496199999999
 20
-27.511341
 11
29.81539500000001
 21
-27.285027
  0
LINE
  5
583
100
AcDbEntity
  8
parts layout
  6
CONTINUOUS
 62
  256
370
   -1
100
AcDbLine
 10
29.81539500000001
 20
-27.285027
 11
29.99408100000001
 21
-27.080285
  0
LINE
  5
584
100
AcDbEntity
  8
parts layout
  6
CONTINUOUS
 62
  256
370
   -1
100
AcDbLine
 10
29.99408100000001
 20
-27.080285
 11
30.197962
 21
-26.90061800000001
  0
LINE
  5
585
100
AcDbEntity
  8
parts layout
  6
CONTINUOUS
 62
  256
370
   -1
100
AcDbLine
 10
30.197962
 20
-26.90061800000001
 11
30.42354999999999
 21
-26.749099
  0
LINE
  5
586
100
AcDbEntity
  8
parts layout
  6
CONTINUOUS
 62
  256
370
   -1
100
AcDbLine
 10
30.42354999999999
 20
-26.749099
 11
30.66698599999999
 21
-26.628322
  0
LINE
  5
587
100
AcDbEntity
  8
parts layout
  6
CONTINUOUS
 62
  256
370
   -1
100
AcDbLine
 10
30.66698599999999
 20
-26.628322
 11
30.92410299999999
 21
-26.540353
  0
LINE
  5
588
100
AcDbEntity
  8
parts layout
  6
CONTINUOUS
 62
  256
370
   -1
100
AcDbLine
 10
30.92410299999999
 20
-26.540353
 11
31.19050299999999
 21
-26.486698
  0
LINE
  5
589
100
AcDbEntity
  8
parts layout
  6
CONTINUOUS
 62
  256
370
   -1
100
AcDbLine
 10
31.19050299999999
 20
-26.486698
 11
31.461628
 21
-26.468273
  0
LINE
  5
58A
100
AcDbEntity
  8
parts layout
  6
CONTINUOUS
 62
  256
370
   -1
100
AcDbLine
 10
31.461628
 20
-26.468273
 11
31.732838
 21
-26.485395
  0
LINE
  5
58B
100
AcDbEntity
  8
parts layout
  6
CONTINUOUS
 62
  256
370
   -1
100
AcDbLine
 10
29.85113399999999
 20
-31.320522
 11
29.86135399999999
 21
-31.322694
  0
LINE
  5
58C
100
AcDbEntity
  8
parts layout
  6
CONTINUOUS
 62
  256
370
   -1
100
AcDbLine
 10
29.86135399999999
 20
-31.322694
 11
29.852535
 21
-31.31555300000001
  0
LINE
  5
58D
100
AcDbEntity
  8
parts layout
  6
CONTINUOUS
 62
  256
370
   -1
100
AcDbLine
 10
29.852535
 20
-31.31555300000001
 11
29.85113399999999
 21
-31.320522
  0
LINE
  5
58E
100
AcDbEntity
  8
parts layout
  6
CONTINUOUS
 62
  256
370
   -1
100
AcDbLine
 10
11.241715
 20
-23.620446
 11
11.243544
 21
-23.620458
  0
LINE
  5
58F
100
AcDbEntity
  8
parts layout
  6
CONTINUOUS
 62
  256
370
   -1
100
AcDbLine
 10
11.243544
 20
-23.620458
 11
19.59752399999999
 21
-24.498498
  0
LINE
  5
590
100
AcDbEntity
  8
parts layout
  6
CONTINUOUS
 62
  256
370
   -1
100
AcDbLine
 10
19.59752399999999
 20
-24.498498
 11
19.611926
 21
-24.50146000000001
  0
LINE
  5
591
100
AcDbEntity
  8
parts layout
  6
CONTINUOUS
 62
  256
370
   -1
100
AcDbLine
 10
19.611926
 20
-24.50146000000001
 11
19.637643
 21
-24.515424
  0
LINE
  5
592
100
AcDbEntity
  8
parts layout
  6
CONTINUOUS
 62
  256
370
   -1
100
AcDbLine
 10
19.637643
 20
-24.515424
 11
19.656059
 21
-24.538166
  0
LINE
  5
593
100
AcDbEntity
  8
parts layout
  6
CONTINUOUS
 62
  256
370
   -1
100
AcDbLine
 10
19.656059
 20
-24.538166
 11
19.65981499999999
 21
-24.550847
  0
LINE
  5
594
100
AcDbEntity
  8
parts layout
  6
CONTINUOUS
 62
  256
370
   -1
100
AcDbLine
 10
19.65981499999999
 20
-24.550847
 11
19.66436999999999
 21
-24.56622300000001
  0
LINE
  5
595
100
AcDbEntity
  8
parts layout
  6
CONTINUOUS
 62
  256
370
   -1
100
AcDbLine
 10
19.66436999999999
 20
-24.56622300000001
 11
19.66427399999999
 21
-24.58092600000001
  0
LINE
  5
596
100
AcDbEntity
  8
parts layout
  6
CONTINUOUS
 62
  256
370
   -1
100
AcDbLine
 10
19.66427399999999
 20
-24.58092600000001
 11
19.62769299999999
 21
-24.929008
  0
LINE
  5
597
100
AcDbEntity
  8
parts layout
  6
CONTINUOUS
 62
  256
370
   -1
100
AcDbLine
 10
19.62769299999999
 20
-24.929008
 11
19.624731
 21
-24.94340700000001
  0
LINE
  5
598
100
AcDbEntity
  8
parts layout
  6
CONTINUOUS
 62
  256
370
   -1
100
AcDbLine
 10
19.624731
 20
-24.94340700000001
 11
19.624731
 21
-24.94341
  0
LINE
  5
599
100
AcDbEntity
  8
parts layout
  6
CONTINUOUS
 62
  256
370
   -1
100
AcDbLine
 10
19.624731
 20
-24.94341
 11
19.610767
 21
-24.969127
  0
LINE
  5
59A
100
AcDbEntity
  8
parts layout
  6
CONTINUOUS
 62
  256
370
   -1
100
AcDbLine
 10
19.610767
 20
-24.969127
 11
19.588026
 21
-24.987543
  0
LINE
  5
59B
100
AcDbEntity
  8
parts layout
  6
CONTINUOUS
 62
  256
370
   -1
100
AcDbLine
 10
19.588026
 20
-24.987543
 11
19.559967
 21
-24.99585500000001
  0
LINE
  5
59C
100
AcDbEntity
  8
parts layout
  6
CONTINUOUS
 62
  256
370
   -1
100
AcDbLine
 10
19.559967
 20
-24.99585500000001
 11
19.545265
 21
-24.995758
  0
LINE
  5
59D
100
AcDbEntity
  8
parts layout
  6
CONTINUOUS
 62
  256
370
   -1
100
AcDbLine
 10
19.545265
 20
-24.995758
 11
19.40105799999999
 21
-24.98060100000001
  0
LINE
  5
59E
100
AcDbEntity
  8
parts layout
  6
CONTINUOUS
 62
  256
370
   -1
100
AcDbLine
 10
19.40105799999999
 20
-24.98060100000001
 11
19.18306799999999
 21
-27.05463899999999
  0
LINE
  5
59F
100
AcDbEntity
  8
parts layout
  6
CONTINUOUS
 62
  256
370
   -1
100
AcDbLine
 10
19.18306799999999
 20
-27.05463899999999
 11
19.216453
 21
-27.072765
  0
LINE
  5
5A0
100
AcDbEntity
  8
parts layout
  6
CONTINUOUS
 62
  256
370
   -1
100
AcDbLine
 10
19.216453
 20
-27.072765
 11
19.325755
 21
-27.084254
  0
LINE
  5
5A1
100
AcDbEntity
  8
parts layout
  6
CONTINUOUS
 62
  256
370
   -1
100
AcDbLine
 10
19.325755
 20
-27.084254
 11
19.34015599999999
 21
-27.087216
  0
LINE
  5
5A2
100
AcDbEntity
  8
parts layout
  6
CONTINUOUS
 62
  256
370
   -1
100
AcDbLine
 10
19.34015599999999
 20
-27.087216
 11
19.36587399999999
 21
-27.10118
  0
LINE
  5
5A3
100
AcDbEntity
  8
parts layout
  6
CONTINUOUS
 62
  256
370
   -1
100
AcDbLine
 10
19.36587399999999
 20
-27.10118
 11
19.384289
 21
-27.12392200000001
  0
LINE
  5
5A4
100
AcDbEntity
  8
parts layout
  6
CONTINUOUS
 62
  256
370
   -1
100
AcDbLine
 10
19.384289
 20
-27.12392200000001
 11
19.392601
 21
-27.15197999999999
  0
LINE
  5
5A5
100
AcDbEntity
  8
parts layout
  6
CONTINUOUS
 62
  256
370
   -1
100
AcDbLine
 10
19.392601
 20
-27.15197999999999
 11
19.392599
 21
-27.15199
  0
LINE
  5
5A6
100
AcDbEntity
  8
parts layout
  6
CONTINUOUS
 62
  256
370
   -1
100
AcDbLine
 10
19.392599
 20
-27.15199
 11
19.392504
 21
-27.16668300000001
  0
LINE
  5
5A7
100
AcDbEntity
  8
parts layout
  6
CONTINUOUS
 62
  256
370
   -1
100
AcDbLine
 10
19.392504
 20
-27.16668300000001
 11
19.287975
 21
-28.161205
  0
LINE
  5
5A8
100
AcDbEntity
  8
parts layout
  6
CONTINUOUS
 62
  256
370
   -1
100
AcDbLine
 10
19.287975
 20
-28.161205
 11
19.28501299999999
 21
-28.175606
  0
LINE
  5
5A9
100
AcDbEntity
  8
parts layout
  6
CONTINUOUS
 62
  256
370
   -1
100
AcDbLine
 10
19.28501299999999
 20
-28.175606
 11
19.27104899999999
 21
-28.201323
  0
LINE
  5
5AA
100
AcDbEntity
  8
parts layout
  6
CONTINUOUS
 62
  256
370
   -1
100
AcDbLine
 10
19.27104899999999
 20
-28.201323
 11
19.248307
 21
-28.219739
  0
LINE
  5
5AB
100
AcDbEntity
  8
parts layout
  6
CONTINUOUS
 62
  256
370
   -1
100
AcDbLine
 10
19.248307
 20
-28.219739
 11
19.220249
 21
-28.22805100000001
  0
LINE
  5
5AC
100
AcDbEntity
  8
parts layout
  6
CONTINUOUS
 62
  256
370
   -1
100
AcDbLine
 10
19.220249
 20
-28.22805100000001
 11
19.22023799999999
 21
-28.228049
  0
LINE
  5
5AD
100
AcDbEntity
  8
parts layout
  6
CONTINUOUS
 62
  256
370
   -1
100
AcDbLine
 10
19.22023799999999
 20
-28.228049
 11
19.205546
 21
-28.227954
  0
LINE
  5
5AE
100
AcDbEntity
  8
parts layout
  6
CONTINUOUS
 62
  256
370
   -1
100
AcDbLine
 10
19.205546
 20
-28.227954
 11
14.23293699999999
 21
-27.70531200000001
  0
LINE
  5
5AF
100
AcDbEntity
  8
parts layout
  6
CONTINUOUS
 62
  256
370
   -1
100
AcDbLine
 10
14.23293699999999
 20
-27.70531200000001
 11
14.231199
 21
-27.704954
  0
LINE
  5
5B0
100
AcDbEntity
  8
parts layout
  6
CONTINUOUS
 62
  256
370
   -1
100
AcDbLine
 10
14.231199
 20
-27.704954
 11
14.23070799999999
 21
-27.705044
  0
LINE
  5
5B1
100
AcDbEntity
  8
parts layout
  6
CONTINUOUS
 62
  256
370
   -1
100
AcDbLine
 10
14.23070799999999
 20
-27.705044
 11
14.103678
 21
-27.68776700000001
  0
LINE
  5
5B2
100
AcDbEntity
  8
parts layout
  6
CONTINUOUS
 62
  256
370
   -1
100
AcDbLine
 10
14.103678
 20
-27.68776700000001
 11
13.952675
 21
-27.68588
  0
LINE
  5
5B3
100
AcDbEntity
  8
parts layout
  6
CONTINUOUS
 62
  256
370
   -1
100
AcDbLine
 10
13.952675
 20
-27.68588
 11
13.948176
 21
-27.687068
  0
LINE
  5
5B4
100
AcDbEntity
  8
parts layout
  6
CONTINUOUS
 62
  256
370
   -1
100
AcDbLine
 10
13.948176
 20
-27.687068
 11
13.82865199999999
 21
-27.686617
  0
LINE
  5
5B5
100
AcDbEntity
  8
parts layout
  6
CONTINUOUS
 62
  256
370
   -1
100
AcDbLine
 10
13.82865199999999
 20
-27.686617
 11
13.59244199999999
 21
-27.71263
  0
LINE
  5
5B6
100
AcDbEntity
  8
parts layout
  6
CONTINUOUS
 62
  256
370
   -1
100
AcDbLine
 10
13.59244199999999
 20
-27.71263
 11
13.342904
 21
-27.771546
  0
LINE
  5
5B7
100
AcDbEntity
  8
parts layout
  6
CONTINUOUS
 62
  256
370
   -1
100
AcDbLine
 10
13.342904
 20
-27.771546
 11
13.102406
 21
-27.860434
  0
LINE
  5
5B8
100
AcDbEntity
  8
parts layout
  6
CONTINUOUS
 62
  256
370
   -1
100
AcDbLine
 10
13.102406
 20
-27.860434
 11
12.874534
 21
-27.977968
  0
LINE
  5
5B9
100
AcDbEntity
  8
parts layout
  6
CONTINUOUS
 62
  256
370
   -1
100
AcDbLine
 10
12.874534
 20
-27.977968
 11
12.662684
 21
-28.12239700000001
  0
LINE
  5
5BA
100
AcDbEntity
  8
parts layout
  6
CONTINUOUS
 62
  256
370
   -1
100
AcDbLine
 10
12.662684
 20
-28.12239700000001
 11
12.47001399999999
 21
-28.291568
  0
LINE
  5
5BB
100
AcDbEntity
  8
parts layout
  6
CONTINUOUS
 62
  256
370
   -1
100
AcDbLine
 10
12.47001399999999
 20
-28.291568
 11
12.299398
 21
-28.482958
  0
LINE
  5
5BC
100
AcDbEntity
  8
parts layout
  6
CONTINUOUS
 62
  256
370
   -1
100
AcDbLine
 10
12.299398
 20
-28.482958
 11
12.15337699999999
 21
-28.693714
  0
LINE
  5
5BD
100
AcDbEntity
  8
parts layout
  6
CONTINUOUS
 62
  256
370
   -1
100
AcDbLine
 10
12.15337699999999
 20
-28.693714
 11
12.03412999999999
 21
-28.92069499999999
  0
LINE
  5
5BE
100
AcDbEntity
  8
parts layout
  6
CONTINUOUS
 62
  256
370
   -1
100
AcDbLine
 10
12.03412999999999
 20
-28.92069499999999
 11
11.943434
 21
-29.160517
  0
LINE
  5
5BF
100
AcDbEntity
  8
parts layout
  6
CONTINUOUS
 62
  256
370
   -1
100
AcDbLine
 10
11.943434
 20
-29.160517
 11
11.913101
 21
-29.285076
  0
LINE
  5
5C0
100
AcDbEntity
  8
parts layout
  6
CONTINUOUS
 62
  256
370
   -1
100
AcDbLine
 10
11.913101
 20
-29.285076
 11
11.90771599999999
 21
-29.29378800000001
  0
LINE
  5
5C1
100
AcDbEntity
  8
parts layout
  6
CONTINUOUS
 62
  256
370
   -1
100
AcDbLine
 10
11.90771599999999
 20
-29.29378800000001
 11
11.90595999999999
 21
-29.310502
  0
LINE
  5
5C2
100
AcDbEntity
  8
parts layout
  6
CONTINUOUS
 62
  256
370
   -1
100
AcDbLine
 10
11.90595999999999
 20
-29.310502
 11
11.891997
 21
-29.336219
  0
LINE
  5
5C3
100
AcDbEntity
  8
parts layout
  6
CONTINUOUS
 62
  256
370
   -1
100
AcDbLine
 10
11.891997
 20
-29.336219
 11
11.869255
 21
-29.354635
  0
LINE
  5
5C4
100
AcDbEntity
  8
parts layout
  6
CONTINUOUS
 62
  256
370
   -1
100
AcDbLine
 10
11.869255
 20
-29.354635
 11
11.84119699999999
 21
-29.36294600000001
  0
LINE
  5
5C5
100
AcDbEntity
  8
parts layout
  6
CONTINUOUS
 62
  256
370
   -1
100
AcDbLine
 10
11.84119699999999
 20
-29.36294600000001
 11
11.826494
 21
-29.36284999999999
  0
LINE
  5
5C6
100
AcDbEntity
  8
parts layout
  6
CONTINUOUS
 62
  256
370
   -1
100
AcDbLine
 10
11.826494
 20
-29.36284999999999
 11
8.564463000000003
 21
-29.019997
  0
LINE
  5
5C7
100
AcDbEntity
  8
parts layout
  6
CONTINUOUS
 62
  256
370
   -1
100
AcDbLine
 10
8.564463000000003
 20
-29.019997
 11
8.550061999999997
 21
-29.01703500000001
  0
LINE
  5
5C8
100
AcDbEntity
  8
parts layout
  6
CONTINUOUS
 62
  256
370
   -1
100
AcDbLine
 10
8.550061999999997
 20
-29.01703500000001
 11
8.524344999999997
 21
-29.00307100000001
  0
LINE
  5
5C9
100
AcDbEntity
  8
parts layout
  6
CONTINUOUS
 62
  256
370
   -1
100
AcDbLine
 10
8.524344999999997
 20
-29.00307100000001
 11
8.521472000000003
 21
-28.999523
  0
LINE
  5
5CA
100
AcDbEntity
  8
parts layout
  6
CONTINUOUS
 62
  256
370
   -1
100
AcDbLine
 10
8.521472000000003
 20
-28.999523
 11
8.505928999999995
 21
-28.98033
  0
LINE
  5
5CB
100
AcDbEntity
  8
parts layout
  6
CONTINUOUS
 62
  256
370
   -1
100
AcDbLine
 10
8.505928999999995
 20
-28.98033
 11
8.497618000000003
 21
-28.952271
  0
LINE
  5
5CC
100
AcDbEntity
  8
parts layout
  6
CONTINUOUS
 62
  256
370
   -1
100
AcDbLine
 10
8.497618000000003
 20
-28.952271
 11
8.497714000000002
 21
-28.937569
  0
LINE
  5
5CD
100
AcDbEntity
  8
parts layout
  6
CONTINUOUS
 62
  256
370
   -1
100
AcDbLine
 10
8.497714000000002
 20
-28.937569
 11
8.535342999999997
 21
-28.57954100000001
  0
LINE
  5
5CE
100
AcDbEntity
  8
parts layout
  6
CONTINUOUS
 62
  256
370
   -1
100
AcDbLine
 10
8.535342999999997
 20
-28.57954100000001
 11
8.538304999999994
 21
-28.565139
  0
LINE
  5
5CF
100
AcDbEntity
  8
parts layout
  6
CONTINUOUS
 62
  256
370
   -1
100
AcDbLine
 10
8.538304999999994
 20
-28.565139
 11
8.552268999999995
 21
-28.539422
  0
LINE
  5
5D0
100
AcDbEntity
  8
parts layout
  6
CONTINUOUS
 62
  256
370
   -1
100
AcDbLine
 10
8.552268999999995
 20
-28.539422
 11
8.575009999999992
 21
-28.521006
  0
LINE
  5
5D1
100
AcDbEntity
  8
parts layout
  6
CONTINUOUS
 62
  256
370
   -1
100
AcDbLine
 10
8.575009999999992
 20
-28.521006
 11
8.581422000000003
 21
-28.51910600000001
  0
LINE
  5
5D2
100
AcDbEntity
  8
parts layout
  6
CONTINUOUS
 62
  256
370
   -1
100
AcDbLine
 10
8.581422000000003
 20
-28.51910600000001
 11
8.603068999999991
 21
-28.512694
  0
LINE
  5
5D3
100
AcDbEntity
  8
parts layout
  6
CONTINUOUS
 62
  256
370
   -1
100
AcDbLine
 10
8.603068999999991
 20
-28.512694
 11
8.617772000000002
 21
-28.51279100000001
  0
LINE
  5
5D4
100
AcDbEntity
  8
parts layout
  6
CONTINUOUS
 62
  256
370
   -1
100
AcDbLine
 10
8.617772000000002
 20
-28.51279100000001
 11
8.743687999999992
 21
-28.526025
  0
LINE
  5
5D5
100
AcDbEntity
  8
parts layout
  6
CONTINUOUS
 62
  256
370
   -1
100
AcDbLine
 10
8.743687999999992
 20
-28.526025
 11
8.769235999999992
 21
-28.518458
  0
LINE
  5
5D6
100
AcDbEntity
  8
parts layout
  6
CONTINUOUS
 62
  256
370
   -1
100
AcDbLine
 10
8.769235999999992
 20
-28.518458
 11
8.773029999999991
 21
-28.51848200000001
  0
LINE
  5
5D7
100
AcDbEntity
  8
parts layout
  6
CONTINUOUS
 62
  256
370
   -1
100
AcDbLine
 10
8.773029999999991
 20
-28.51848200000001
 11
8.990387999999996
 21
-26.450442
  0
LINE
  5
5D8
100
AcDbEntity
  8
parts layout
  6
CONTINUOUS
 62
  256
370
   -1
100
AcDbLine
 10
8.990387999999996
 20
-26.450442
 11
8.836236999999997
 21
-26.43424
  0
LINE
  5
5D9
100
AcDbEntity
  8
parts layout
  6
CONTINUOUS
 62
  256
370
   -1
100
AcDbLine
 10
8.836236999999997
 20
-26.43424
 11
8.82183599999999
 21
-26.43127800000001
  0
LINE
  5
5DA
100
AcDbEntity
  8
parts layout
  6
CONTINUOUS
 62
  256
370
   -1
100
AcDbLine
 10
8.82183599999999
 20
-26.43127800000001
 11
8.796119000000004
 21
-26.417314
  0
LINE
  5
5DB
100
AcDbEntity
  8
parts layout
  6
CONTINUOUS
 62
  256
370
   -1
100
AcDbLine
 10
8.796119000000004
 20
-26.417314
 11
8.777703000000002
 21
-26.394572
  0
LINE
  5
5DC
100
AcDbEntity
  8
parts layout
  6
CONTINUOUS
 62
  256
370
   -1
100
AcDbLine
 10
8.777703000000002
 20
-26.394572
 11
8.769390999999999
 21
-26.366514
  0
LINE
  5
5DD
100
AcDbEntity
  8
parts layout
  6
CONTINUOUS
 62
  256
370
   -1
100
AcDbLine
 10
8.769390999999999
 20
-26.366514
 11
8.769391999999996
 21
-26.36650300000001
  0
LINE
  5
5DE
100
AcDbEntity
  8
parts layout
  6
CONTINUOUS
 62
  256
370
   -1
100
AcDbLine
 10
8.769391999999996
 20
-26.36650300000001
 11
8.769487999999996
 21
-26.351811
  0
LINE
  5
5DF
100
AcDbEntity
  8
parts layout
  6
CONTINUOUS
 62
  256
370
   -1
100
AcDbLine
 10
8.769487999999996
 20
-26.351811
 11
8.874015999999997
 21
-25.35728900000001
  0
LINE
  5
5E0
100
AcDbEntity
  8
parts layout
  6
CONTINUOUS
 62
  256
370
   -1
100
AcDbLine
 10
8.874015999999997
 20
-25.35728900000001
 11
8.874620999999991
 21
-25.354344
  0
LINE
  5
5E1
100
AcDbEntity
  8
parts layout
  6
CONTINUOUS
 62
  256
370
   -1
100
AcDbLine
 10
8.874620999999991
 20
-25.354344
 11
8.874498000000003
 21
-25.35357500000001
  0
LINE
  5
5E2
100
AcDbEntity
  8
parts layout
  6
CONTINUOUS
 62
  256
370
   -1
100
AcDbLine
 10
8.874498000000003
 20
-25.35357500000001
 11
8.933835999999999
 21
-25.08838300000001
  0
LINE
  5
5E3
100
AcDbEntity
  8
parts layout
  6
CONTINUOUS
 62
  256
370
   -1
100
AcDbLine
 10
8.933835999999999
 20
-25.08838300000001
 11
9.027281000000002
 21
-24.83320399999999
  0
LINE
  5
5E4
100
AcDbEntity
  8
parts layout
  6
CONTINUOUS
 62
  256
370
   -1
100
AcDbLine
 10
9.027281000000002
 20
-24.83320399999999
 11
9.153233999999998
 21
-24.592406
  0
LINE
  5
5E5
100
AcDbEntity
  8
parts layout
  6
CONTINUOUS
 62
  256
370
   -1
100
AcDbLine
 10
9.153233999999998
 20
-24.592406
 11
9.309539000000001
 21
-24.370107
  0
LINE
  5
5E6
100
AcDbEntity
  8
parts layout
  6
CONTINUOUS
 62
  256
370
   -1
100
AcDbLine
 10
9.309539000000001
 20
-24.370107
 11
9.493523999999994
 21
-24.170113
  0
LINE
  5
5E7
100
AcDbEntity
  8
parts layout
  6
CONTINUOUS
 62
  256
370
   -1
100
AcDbLine
 10
9.493523999999994
 20
-24.170113
 11
9.702038000000002
 21
-23.99584400000001
  0
LINE
  5
5E8
100
AcDbEntity
  8
parts layout
  6
CONTINUOUS
 62
  256
370
   -1
100
AcDbLine
 10
9.702038000000002
 20
-23.99584400000001
 11
9.931516000000002
 21
-23.850283
  0
LINE
  5
5E9
100
AcDbEntity
  8
parts layout
  6
CONTINUOUS
 62
  256
370
   -1
100
AcDbLine
 10
9.931516000000002
 20
-23.850283
 11
10.17802999999999
 21
-23.73592000000001
  0
LINE
  5
5EA
100
AcDbEntity
  8
parts layout
  6
CONTINUOUS
 62
  256
370
   -1
100
AcDbLine
 10
10.17802999999999
 20
-23.73592000000001
 11
10.43736199999999
 21
-23.65471100000001
  0
LINE
  5
5EB
100
AcDbEntity
  8
parts layout
  6
CONTINUOUS
 62
  256
370
   -1
100
AcDbLine
 10
10.43736199999999
 20
-23.65471100000001
 11
10.70507599999999
 21
-23.608048
  0
LINE
  5
5EC
100
AcDbEntity
  8
parts layout
  6
CONTINUOUS
 62
  256
370
   -1
100
AcDbLine
 10
10.70507599999999
 20
-23.608048
 11
10.97659
 21
-23.596727
  0
LINE
  5
5ED
100
AcDbEntity
  8
parts layout
  6
CONTINUOUS
 62
  256
370
   -1
100
AcDbLine
 10
10.97659
 20
-23.596727
 11
11.241715
 21
-23.620446
  0
LINE
  5
5EE
100
AcDbEntity
  8
parts layout
  6
CONTINUOUS
 62
  256
370
   -1
100
AcDbLine
 10
9.610602
 20
-28.602059
 11
9.620992999999999
 21
-28.603151
  0
LINE
  5
5EF
100
AcDbEntity
  8
parts layout
  6
CONTINUOUS
 62
  256
370
   -1
100
AcDbLine
 10
9.620992999999999
 20
-28.603151
 11
9.611475999999996
 21
-28.59697
  0
LINE
  5
5F0
100
AcDbEntity
  8
parts layout
  6
CONTINUOUS
 62
  256
370
   -1
100
AcDbLine
 10
9.611475999999996
 20
-28.59697
 11
9.610602
 21
-28.602059
  0
LINE
  5
5F1
100
AcDbEntity
  8
parts layout
  6
CONTINUOUS
 62
  256
370
   -1
100
AcDbLine
 10
-1.325367999999997
 20
-22.837541
 11
-1.298332000000002
 21
-22.84874000000001
  0
LINE
  5
5F2
100
AcDbEntity
  8
parts layout
  6
CONTINUOUS
 62
  256
370
   -1
100
AcDbLine
 10
-1.298332000000002
 20
-22.84874000000001
 11
-1.277640000000005
 21
-22.869432
  0
LINE
  5
5F3
100
AcDbEntity
  8
parts layout
  6
CONTINUOUS
 62
  256
370
   -1
100
AcDbLine
 10
-1.277640000000005
 20
-22.869432
 11
-1.266441
 21
-22.896468
  0
LINE
  5
5F4
100
AcDbEntity
  8
parts layout
  6
CONTINUOUS
 62
  256
370
   -1
100
AcDbLine
 10
-1.266441
 20
-22.896468
 11
-1.265000000000001
 21
-22.9111
  0
LINE
  5
5F5
100
AcDbEntity
  8
parts layout
  6
CONTINUOUS
 62
  256
370
   -1
100
AcDbLine
 10
-1.265000000000001
 20
-22.9111
 11
-1.265000000000001
 21
-23.2611
  0
LINE
  5
5F6
100
AcDbEntity
  8
parts layout
  6
CONTINUOUS
 62
  256
370
   -1
100
AcDbLine
 10
-1.265000000000001
 20
-23.2611
 11
-1.266441
 21
-23.275732
  0
LINE
  5
5F7
100
AcDbEntity
  8
parts layout
  6
CONTINUOUS
 62
  256
370
   -1
100
AcDbLine
 10
-1.266441
 20
-23.275732
 11
-1.277640000000005
 21
-23.302768
  0
LINE
  5
5F8
100
AcDbEntity
  8
parts layout
  6
CONTINUOUS
 62
  256
370
   -1
100
AcDbLine
 10
-1.277640000000005
 20
-23.302768
 11
-1.298332000000002
 21
-23.32346
  0
LINE
  5
5F9
100
AcDbEntity
  8
parts layout
  6
CONTINUOUS
 62
  256
370
   -1
100
AcDbLine
 10
-1.298332000000002
 20
-23.32346
 11
-1.325367999999997
 21
-23.334659
  0
LINE
  5
5FA
100
AcDbEntity
  8
parts layout
  6
CONTINUOUS
 62
  256
370
   -1
100
AcDbLine
 10
-1.325367999999997
 20
-23.334659
 11
-1.340000000000003
 21
-23.3361
  0
LINE
  5
5FB
100
AcDbEntity
  8
parts layout
  6
CONTINUOUS
 62
  256
370
   -1
100
AcDbLine
 10
-1.340000000000003
 20
-23.3361
 11
-1.484999999999999
 21
-23.3361
  0
LINE
  5
5FC
100
AcDbEntity
  8
parts layout
  6
CONTINUOUS
 62
  256
370
   -1
100
AcDbLine
 10
-1.484999999999999
 20
-23.3361
 11
-1.484999999999999
 21
-25.42156200000001
  0
LINE
  5
5FD
100
AcDbEntity
  8
parts layout
  6
CONTINUOUS
 62
  256
370
   -1
100
AcDbLine
 10
-1.484999999999999
 20
-25.42156200000001
 11
-1.449904000000004
 21
-25.4361
  0
LINE
  5
5FE
100
AcDbEntity
  8
parts layout
  6
CONTINUOUS
 62
  256
370
   -1
100
AcDbLine
 10
-1.449904000000004
 20
-25.4361
 11
-1.340000000000003
 21
-25.4361
  0
LINE
  5
5FF
100
AcDbEntity
  8
parts layout
  6
CONTINUOUS
 62
  256
370
   -1
100
AcDbLine
 10
-1.340000000000003
 20
-25.4361
 11
-1.325367999999997
 21
-25.437541
  0
LINE
  5
600
100
AcDbEntity
  8
parts layout
  6
CONTINUOUS
 62
  256
370
   -1
100
AcDbLine
 10
-1.325367999999997
 20
-25.437541
 11
-1.298332000000002
 21
-25.44874
  0
LINE
  5
601
100
AcDbEntity
  8
parts layout
  6
CONTINUOUS
 62
  256
370
   -1
100
AcDbLine
 10
-1.298332000000002
 20
-25.44874
 11
-1.277640000000005
 21
-25.469432
  0
LINE
  5
602
100
AcDbEntity
  8
parts layout
  6
CONTINUOUS
 62
  256
370
   -1
100
AcDbLine
 10
-1.277640000000005
 20
-25.469432
 11
-1.266441
 21
-25.49646800000001
  0
LINE
  5
603
100
AcDbEntity
  8
parts layout
  6
CONTINUOUS
 62
  256
370
   -1
100
AcDbLine
 10
-1.266441
 20
-25.49646800000001
 11
-1.265000000000001
 21
-25.5111
  0
LINE
  5
604
100
AcDbEntity
  8
parts layout
  6
CONTINUOUS
 62
  256
370
   -1
100
AcDbLine
 10
-1.265000000000001
 20
-25.5111
 11
-1.265000000000001
 21
-26.5111
  0
LINE
  5
605
100
AcDbEntity
  8
parts layout
  6
CONTINUOUS
 62
  256
370
   -1
100
AcDbLine
 10
-1.265000000000001
 20
-26.5111
 11
-1.266441
 21
-26.525732
  0
LINE
  5
606
100
AcDbEntity
  8
parts layout
  6
CONTINUOUS
 62
  256
370
   -1
100
AcDbLine
 10
-1.266441
 20
-26.525732
 11
-1.277640000000005
 21
-26.552768
  0
LINE
  5
607
100
AcDbEntity
  8
parts layout
  6
CONTINUOUS
 62
  256
370
   -1
100
AcDbLine
 10
-1.277640000000005
 20
-26.552768
 11
-1.298332000000002
 21
-26.57346
  0
LINE
  5
608
100
AcDbEntity
  8
parts layout
  6
CONTINUOUS
 62
  256
370
   -1
100
AcDbLine
 10
-1.298332000000002
 20
-26.57346
 11
-1.325367999999997
 21
-26.584659
  0
LINE
  5
609
100
AcDbEntity
  8
parts layout
  6
CONTINUOUS
 62
  256
370
   -1
100
AcDbLine
 10
-1.325367999999997
 20
-26.584659
 11
-1.340000000000003
 21
-26.5861
  0
LINE
  5
60A
100
AcDbEntity
  8
parts layout
  6
CONTINUOUS
 62
  256
370
   -1
100
AcDbLine
 10
-1.340000000000003
 20
-26.5861
 11
-6.340000000000003
 21
-26.5861
  0
LINE
  5
60B
100
AcDbEntity
  8
parts layout
  6
CONTINUOUS
 62
  256
370
   -1
100
AcDbLine
 10
-6.340000000000003
 20
-26.5861
 11
-6.341767000000004
 21
-26.585926
  0
LINE
  5
60C
100
AcDbEntity
  8
parts layout
  6
CONTINUOUS
 62
  256
370
   -1
100
AcDbLine
 10
-6.341767000000004
 20
-26.585926
 11
-6.342246000000003
 21
-26.586066
  0
LINE
  5
60D
100
AcDbEntity
  8
parts layout
  6
CONTINUOUS
 62
  256
370
   -1
100
AcDbLine
 10
-6.342246000000003
 20
-26.586066
 11
-6.470385000000007
 21
-26.582162
  0
LINE
  5
60E
100
AcDbEntity
  8
parts layout
  6
CONTINUOUS
 62
  256
370
   -1
100
AcDbLine
 10
-6.470385000000007
 20
-26.582162
 11
-6.620759000000007
 21
-26.596069
  0
LINE
  5
60F
100
AcDbEntity
  8
parts layout
  6
CONTINUOUS
 62
  256
370
   -1
100
AcDbLine
 10
-6.620759000000007
 20
-26.596069
 11
-6.625108999999995
 21
-26.59772100000001
  0
LINE
  5
610
100
AcDbEntity
  8
parts layout
  6
CONTINUOUS
 62
  256
370
   -1
100
AcDbLine
 10
-6.625108999999995
 20
-26.59772100000001
 11
-6.744032000000004
 21
-26.60976700000001
  0
LINE
  5
611
100
AcDbEntity
  8
parts layout
  6
CONTINUOUS
 62
  256
370
   -1
100
AcDbLine
 10
-6.744032000000004
 20
-26.60976700000001
 11
-6.976222000000007
 21
-26.660327
  0
LINE
  5
612
100
AcDbEntity
  8
parts layout
  6
CONTINUOUS
 62
  256
370
   -1
100
AcDbLine
 10
-6.976222000000007
 20
-26.660327
 11
-7.218235000000007
 21
-26.74500400000001
  0
LINE
  5
613
100
AcDbEntity
  8
parts layout
  6
CONTINUOUS
 62
  256
370
   -1
100
AcDbLine
 10
-7.218235000000007
 20
-26.74500400000001
 11
-7.448124000000007
 21
-26.85854399999999
  0
LINE
  5
614
100
AcDbEntity
  8
parts layout
  6
CONTINUOUS
 62
  256
370
   -1
100
AcDbLine
 10
-7.448124000000007
 20
-26.85854399999999
 11
-7.662462000000005
 21
-26.99925400000001
  0
LINE
  5
615
100
AcDbEntity
  8
parts layout
  6
CONTINUOUS
 62
  256
370
   -1
100
AcDbLine
 10
-7.662462000000005
 20
-26.99925400000001
 11
-7.858053999999996
 21
-27.165036
  0
LINE
  5
616
100
AcDbEntity
  8
parts layout
  6
CONTINUOUS
 62
  256
370
   -1
100
AcDbLine
 10
-7.858053999999996
 20
-27.165036
 11
-8.031985000000006
 21
-27.353419
  0
LINE
  5
617
100
AcDbEntity
  8
parts layout
  6
CONTINUOUS
 62
  256
370
   -1
100
AcDbLine
 10
-8.031985000000006
 20
-27.353419
 11
-8.181662000000003
 21
-27.561595
  0
LINE
  5
618
100
AcDbEntity
  8
parts layout
  6
CONTINUOUS
 62
  256
370
   -1
100
AcDbLine
 10
-8.181662000000003
 20
-27.561595
 11
-8.304851999999997
 21
-27.786461
  0
LINE
  5
619
100
AcDbEntity
  8
parts layout
  6
CONTINUOUS
 62
  256
370
   -1
100
AcDbLine
 10
-8.304851999999997
 20
-27.786461
 11
-8.399720000000002
 21
-28.024663
  0
LINE
  5
61A
100
AcDbEntity
  8
parts layout
  6
CONTINUOUS
 62
  256
370
   -1
100
AcDbLine
 10
-8.399720000000002
 20
-28.024663
 11
-8.464850999999996
 21
-28.272651
  0
LINE
  5
61B
100
AcDbEntity
  8
parts layout
  6
CONTINUOUS
 62
  256
370
   -1
100
AcDbLine
 10
-8.464850999999996
 20
-28.272651
 11
-8.481997000000007
 21
-28.399698
  0
LINE
  5
61C
100
AcDbEntity
  8
parts layout
  6
CONTINUOUS
 62
  256
370
   -1
100
AcDbLine
 10
-8.481997000000007
 20
-28.399698
 11
-8.486440999999999
 21
-28.408925
  0
LINE
  5
61D
100
AcDbEntity
  8
parts layout
  6
CONTINUOUS
 62
  256
370
   -1
100
AcDbLine
 10
-8.486440999999999
 20
-28.408925
 11
-8.486440999999999
 21
-28.425732
  0
LINE
  5
61E
100
AcDbEntity
  8
parts layout
  6
CONTINUOUS
 62
  256
370
   -1
100
AcDbLine
 10
-8.486440999999999
 20
-28.425732
 11
-8.497640000000004
 21
-28.45276800000001
  0
LINE
  5
61F
100
AcDbEntity
  8
parts layout
  6
CONTINUOUS
 62
  256
370
   -1
100
AcDbLine
 10
-8.497640000000004
 20
-28.45276800000001
 11
-8.518332000000001
 21
-28.47346
  0
LINE
  5
620
100
AcDbEntity
  8
parts layout
  6
CONTINUOUS
 62
  256
370
   -1
100
AcDbLine
 10
-8.518332000000001
 20
-28.47346
 11
-8.545367999999996
 21
-28.48465900000001
  0
LINE
  5
621
100
AcDbEntity
  8
parts layout
  6
CONTINUOUS
 62
  256
370
   -1
100
AcDbLine
 10
-8.545367999999996
 20
-28.48465900000001
 11
-8.560000000000002
 21
-28.48610000000001
  0
LINE
  5
622
100
AcDbEntity
  8
parts layout
  6
CONTINUOUS
 62
  256
370
   -1
100
AcDbLine
 10
-8.560000000000002
 20
-28.48610000000001
 11
-11.84
 21
-28.48610000000001
  0
LINE
  5
623
100
AcDbEntity
  8
parts layout
  6
CONTINUOUS
 62
  256
370
   -1
100
AcDbLine
 10
-11.84
 20
-28.48610000000001
 11
-11.854632
 21
-28.48465900000001
  0
LINE
  5
624
100
AcDbEntity
  8
parts layout
  6
CONTINUOUS
 62
  256
370
   -1
100
AcDbLine
 10
-11.854632
 20
-28.48465900000001
 11
-11.881668
 21
-28.47346
  0
LINE
  5
625
100
AcDbEntity
  8
parts layout
  6
CONTINUOUS
 62
  256
370
   -1
100
AcDbLine
 10
-11.881668
 20
-28.47346
 11
-11.90236
 21
-28.45276800000001
  0
LINE
  5
626
100
AcDbEntity
  8
parts layout
  6
CONTINUOUS
 62
  256
370
   -1
100
AcDbLine
 10
-11.90236
 20
-28.45276800000001
 11
-11.91355900000001
 21
-28.425732
  0
LINE
  5
627
100
AcDbEntity
  8
parts layout
  6
CONTINUOUS
 62
  256
370
   -1
100
AcDbLine
 10
-11.91355900000001
 20
-28.425732
 11
-11.91500000000001
 21
-28.4111
  0
LINE
  5
628
100
AcDbEntity
  8
parts layout
  6
CONTINUOUS
 62
  256
370
   -1
100
AcDbLine
 10
-11.91500000000001
 20
-28.4111
 11
-11.91500000000001
 21
-28.05110000000001
  0
LINE
  5
629
100
AcDbEntity
  8
parts layout
  6
CONTINUOUS
 62
  256
370
   -1
100
AcDbLine
 10
-11.91500000000001
 20
-28.05110000000001
 11
-11.91355900000001
 21
-28.036468
  0
LINE
  5
62A
100
AcDbEntity
  8
parts layout
  6
CONTINUOUS
 62
  256
370
   -1
100
AcDbLine
 10
-11.91355900000001
 20
-28.036468
 11
-11.90236
 21
-28.009432
  0
LINE
  5
62B
100
AcDbEntity
  8
parts layout
  6
CONTINUOUS
 62
  256
370
   -1
100
AcDbLine
 10
-11.90236
 20
-28.009432
 11
-11.881668
 21
-27.98874000000001
  0
LINE
  5
62C
100
AcDbEntity
  8
parts layout
  6
CONTINUOUS
 62
  256
370
   -1
100
AcDbLine
 10
-11.881668
 20
-27.98874000000001
 11
-11.854632
 21
-27.977541
  0
LINE
  5
62D
100
AcDbEntity
  8
parts layout
  6
CONTINUOUS
 62
  256
370
   -1
100
AcDbLine
 10
-11.854632
 20
-27.977541
 11
-11.84
 21
-27.9761
  0
LINE
  5
62E
100
AcDbEntity
  8
parts layout
  6
CONTINUOUS
 62
  256
370
   -1
100
AcDbLine
 10
-11.84
 20
-27.9761
 11
-11.71338799999999
 21
-27.9761
  0
LINE
  5
62F
100
AcDbEntity
  8
parts layout
  6
CONTINUOUS
 62
  256
370
   -1
100
AcDbLine
 10
-11.71338799999999
 20
-27.9761
 11
-11.688773
 21
-27.96590399999999
  0
LINE
  5
630
100
AcDbEntity
  8
parts layout
  6
CONTINUOUS
 62
  256
370
   -1
100
AcDbLine
 10
-11.688773
 20
-27.96590399999999
 11
-11.685
 21
-27.965532
  0
LINE
  5
631
100
AcDbEntity
  8
parts layout
  6
CONTINUOUS
 62
  256
370
   -1
100
AcDbLine
 10
-11.685
 20
-27.965532
 11
-11.685
 21
-25.8861
  0
LINE
  5
632
100
AcDbEntity
  8
parts layout
  6
CONTINUOUS
 62
  256
370
   -1
100
AcDbLine
 10
-11.685
 20
-25.8861
 11
-11.84
 21
-25.8861
  0
LINE
  5
633
100
AcDbEntity
  8
parts layout
  6
CONTINUOUS
 62
  256
370
   -1
100
AcDbLine
 10
-11.84
 20
-25.8861
 11
-11.854632
 21
-25.884659
  0
LINE
  5
634
100
AcDbEntity
  8
parts layout
  6
CONTINUOUS
 62
  256
370
   -1
100
AcDbLine
 10
-11.854632
 20
-25.884659
 11
-11.881668
 21
-25.87346000000001
  0
LINE
  5
635
100
AcDbEntity
  8
parts layout
  6
CONTINUOUS
 62
  256
370
   -1
100
AcDbLine
 10
-11.881668
 20
-25.87346000000001
 11
-11.90236
 21
-25.852768
  0
LINE
  5
636
100
AcDbEntity
  8
parts layout
  6
CONTINUOUS
 62
  256
370
   -1
100
AcDbLine
 10
-11.90236
 20
-25.852768
 11
-11.91355900000001
 21
-25.825732
  0
LINE
  5
637
100
AcDbEntity
  8
parts layout
  6
CONTINUOUS
 62
  256
370
   -1
100
AcDbLine
 10
-11.91355900000001
 20
-25.825732
 11
-11.91500000000001
 21
-25.8111
  0
LINE
  5
638
100
AcDbEntity
  8
parts layout
  6
CONTINUOUS
 62
  256
370
   -1
100
AcDbLine
 10
-11.91500000000001
 20
-25.8111
 11
-11.91500000000001
 21
-24.8111
  0
LINE
  5
639
100
AcDbEntity
  8
parts layout
  6
CONTINUOUS
 62
  256
370
   -1
100
AcDbLine
 10
-11.91500000000001
 20
-24.8111
 11
-11.914705
 21
-24.8081
  0
LINE
  5
63A
100
AcDbEntity
  8
parts layout
  6
CONTINUOUS
 62
  256
370
   -1
100
AcDbLine
 10
-11.914705
 20
-24.8081
 11
-11.914906
 21
-24.807356
  0
LINE
  5
63B
100
AcDbEntity
  8
parts layout
  6
CONTINUOUS
 62
  256
370
   -1
100
AcDbLine
 10
-11.914906
 20
-24.807356
 11
-11.88361400000001
 21
-24.537414
  0
LINE
  5
63C
100
AcDbEntity
  8
parts layout
  6
CONTINUOUS
 62
  256
370
   -1
100
AcDbLine
 10
-11.88361400000001
 20
-24.537414
 11
-11.81735500000001
 21
-24.273865
  0
LINE
  5
63D
100
AcDbEntity
  8
parts layout
  6
CONTINUOUS
 62
  256
370
   -1
100
AcDbLine
 10
-11.81735500000001
 20
-24.273865
 11
-11.717263
 21
-24.02122
  0
LINE
  5
63E
100
AcDbEntity
  8
parts layout
  6
CONTINUOUS
 62
  256
370
   -1
100
AcDbLine
 10
-11.717263
 20
-24.02122
 11
-11.58505
 21
-23.783801
  0
LINE
  5
63F
100
AcDbEntity
  8
parts layout
  6
CONTINUOUS
 62
  256
370
   -1
100
AcDbLine
 10
-11.58505
 20
-23.783801
 11
-11.422979
 21
-23.56567099999999
  0
LINE
  5
640
100
AcDbEntity
  8
parts layout
  6
CONTINUOUS
 62
  256
370
   -1
100
AcDbLine
 10
-11.422979
 20
-23.56567099999999
 11
-11.233823
 21
-23.370561
  0
LINE
  5
641
100
AcDbEntity
  8
parts layout
  6
CONTINUOUS
 62
  256
370
   -1
100
AcDbLine
 10
-11.233823
 20
-23.370561
 11
-11.02081700000001
 21
-23.20180999999999
  0
LINE
  5
642
100
AcDbEntity
  8
parts layout
  6
CONTINUOUS
 62
  256
370
   -1
100
AcDbLine
 10
-11.02081700000001
 20
-23.20180999999999
 11
-10.78760800000001
 21
-23.06230600000001
  0
LINE
  5
643
100
AcDbEntity
  8
parts layout
  6
CONTINUOUS
 62
  256
370
   -1
100
AcDbLine
 10
-10.78760800000001
 20
-23.06230600000001
 11
-10.538185
 21
-22.954435
  0
LINE
  5
644
100
AcDbEntity
  8
parts layout
  6
CONTINUOUS
 62
  256
370
   -1
100
AcDbLine
 10
-10.538185
 20
-22.954435
 11
-10.276816
 21
-22.880043
  0
LINE
  5
645
100
AcDbEntity
  8
parts layout
  6
CONTINUOUS
 62
  256
370
   -1
100
AcDbLine
 10
-10.276816
 20
-22.880043
 11
-10.00797300000001
 21
-22.84040299999999
  0
LINE
  5
646
100
AcDbEntity
  8
parts layout
  6
CONTINUOUS
 62
  256
370
   -1
100
AcDbLine
 10
-10.00797300000001
 20
-22.84040299999999
 11
-9.741833
 21
-22.83628
  0
LINE
  5
647
100
AcDbEntity
  8
parts layout
  6
CONTINUOUS
 62
  256
370
   -1
100
AcDbLine
 10
-9.741833
 20
-22.83628
 11
-9.740001000000007
 21
-22.8361
  0
LINE
  5
648
100
AcDbEntity
  8
parts layout
  6
CONTINUOUS
 62
  256
370
   -1
100
AcDbLine
 10
-9.740001000000007
 20
-22.8361
 11
-1.340000000000003
 21
-22.8361
  0
LINE
  5
649
100
AcDbEntity
  8
parts layout
  6
CONTINUOUS
 62
  256
370
   -1
100
AcDbLine
 10
-1.340000000000003
 20
-22.8361
 11
-1.325367999999997
 21
-22.837541
  0
LINE
  5
64A
100
AcDbEntity
  8
parts layout
  6
CONTINUOUS
 62
  256
370
   -1
100
AcDbLine
 10
-10.843277
 20
-27.9611
 11
-10.83282800000001
 21
-27.9611
  0
LINE
  5
64B
100
AcDbEntity
  8
parts layout
  6
CONTINUOUS
 62
  256
370
   -1
100
AcDbLine
 10
-10.83282800000001
 20
-27.9611
 11
-10.84294
 21
-27.95594800000001
  0
LINE
  5
64C
100
AcDbEntity
  8
parts layout
  6
CONTINUOUS
 62
  256
370
   -1
100
AcDbLine
 10
-10.84294
 20
-27.95594800000001
 11
-10.843277
 21
-27.9611
  0
LINE
  5
64D
100
AcDbEntity
  8
parts layout
  6
CONTINUOUS
 62
  256
370
   -1
100
AcDbLine
 10
-51.119567
 20
-16.503139
 11
-51.115
 21
-16.5261
  0
LINE
  5
64E
100
AcDbEntity
  8
parts layout
  6
CONTINUOUS
 62
  256
370
   -1
100
AcDbLine
 10
-51.115
 20
-16.5261
 11
-51.115
 21
-20.4761
  0
LINE
  5
64F
100
AcDbEntity
  8
parts layout
  6
CONTINUOUS
 62
  256
370
   -1
100
AcDbLine
 10
-51.115
 20
-20.4761
 11
-49.235
 21
-20.4761
  0
LINE
  5
650
100
AcDbEntity
  8
parts layout
  6
CONTINUOUS
 62
  256
370
   -1
100
AcDbLine
 10
-49.235
 20
-20.4761
 11
-49.235
 21
-16.5261
  0
LINE
  5
651
100
AcDbEntity
  8
parts layout
  6
CONTINUOUS
 62
  256
370
   -1
100
AcDbLine
 10
-49.235
 20
-16.5261
 11
-49.230433
 21
-16.503139
  0
LINE
  5
652
100
AcDbEntity
  8
parts layout
  6
CONTINUOUS
 62
  256
370
   -1
100
AcDbLine
 10
-49.230433
 20
-16.503139
 11
-49.197961
 21
-16.47066700000001
  0
LINE
  5
653
100
AcDbEntity
  8
parts layout
  6
CONTINUOUS
 62
  256
370
   -1
100
AcDbLine
 10
-49.197961
 20
-16.47066700000001
 11
-49.152039
 21
-16.47066700000001
  0
LINE
  5
654
100
AcDbEntity
  8
parts layout
  6
CONTINUOUS
 62
  256
370
   -1
100
AcDbLine
 10
-49.152039
 20
-16.47066700000001
 11
-49.119567
 21
-16.503139
  0
LINE
  5
655
100
AcDbEntity
  8
parts layout
  6
CONTINUOUS
 62
  256
370
   -1
100
AcDbLine
 10
-49.119567
 20
-16.503139
 11
-49.115
 21
-16.5261
  0
LINE
  5
656
100
AcDbEntity
  8
parts layout
  6
CONTINUOUS
 62
  256
370
   -1
100
AcDbLine
 10
-49.115
 20
-16.5261
 11
-49.115
 21
-20.5361
  0
LINE
  5
657
100
AcDbEntity
  8
parts layout
  6
CONTINUOUS
 62
  256
370
   -1
100
AcDbLine
 10
-49.115
 20
-20.5361
 11
-49.119567
 21
-20.559061
  0
LINE
  5
658
100
AcDbEntity
  8
parts layout
  6
CONTINUOUS
 62
  256
370
   -1
100
AcDbLine
 10
-49.119567
 20
-20.559061
 11
-49.152039
 21
-20.591533
  0
LINE
  5
659
100
AcDbEntity
  8
parts layout
  6
CONTINUOUS
 62
  256
370
   -1
100
AcDbLine
 10
-49.152039
 20
-20.591533
 11
-49.175
 21
-20.59610000000001
  0
LINE
  5
65A
100
AcDbEntity
  8
parts layout
  6
CONTINUOUS
 62
  256
370
   -1
100
AcDbLine
 10
-49.175
 20
-20.59610000000001
 11
-51.175
 21
-20.59610000000001
  0
LINE
  5
65B
100
AcDbEntity
  8
parts layout
  6
CONTINUOUS
 62
  256
370
   -1
100
AcDbLine
 10
-51.175
 20
-20.59610000000001
 11
-51.197961
 21
-20.591533
  0
LINE
  5
65C
100
AcDbEntity
  8
parts layout
  6
CONTINUOUS
 62
  256
370
   -1
100
AcDbLine
 10
-51.197961
 20
-20.591533
 11
-51.230433
 21
-20.559061
  0
LINE
  5
65D
100
AcDbEntity
  8
parts layout
  6
CONTINUOUS
 62
  256
370
   -1
100
AcDbLine
 10
-51.230433
 20
-20.559061
 11
-51.235
 21
-20.5361
  0
LINE
  5
65E
100
AcDbEntity
  8
parts layout
  6
CONTINUOUS
 62
  256
370
   -1
100
AcDbLine
 10
-51.235
 20
-20.5361
 11
-51.235
 21
-16.5261
  0
LINE
  5
65F
100
AcDbEntity
  8
parts layout
  6
CONTINUOUS
 62
  256
370
   -1
100
AcDbLine
 10
-51.235
 20
-16.5261
 11
-51.230433
 21
-16.503139
  0
LINE
  5
660
100
AcDbEntity
  8
parts layout
  6
CONTINUOUS
 62
  256
370
   -1
100
AcDbLine
 10
-51.230433
 20
-16.503139
 11
-51.197961
 21
-16.47066700000001
  0
LINE
  5
661
100
AcDbEntity
  8
parts layout
  6
CONTINUOUS
 62
  256
370
   -1
100
AcDbLine
 10
-51.197961
 20
-16.47066700000001
 11
-51.152039
 21
-16.47066700000001
  0
LINE
  5
662
100
AcDbEntity
  8
parts layout
  6
CONTINUOUS
 62
  256
370
   -1
100
AcDbLine
 10
-51.152039
 20
-16.47066700000001
 11
-51.119567
 21
-16.503139
  0
LINE
  5
663
100
AcDbEntity
  8
parts layout
  6
CONTINUOUS
 62
  256
370
   -1
100
AcDbLine
 10
-32.06956700000001
 20
-16.503139
 11
-32.065
 21
-16.5261
  0
LINE
  5
664
100
AcDbEntity
  8
parts layout
  6
CONTINUOUS
 62
  256
370
   -1
100
AcDbLine
 10
-32.065
 20
-16.5261
 11
-32.065
 21
-20.4761
  0
LINE
  5
665
100
AcDbEntity
  8
parts layout
  6
CONTINUOUS
 62
  256
370
   -1
100
AcDbLine
 10
-32.065
 20
-20.4761
 11
-30.185
 21
-20.4761
  0
LINE
  5
666
100
AcDbEntity
  8
parts layout
  6
CONTINUOUS
 62
  256
370
   -1
100
AcDbLine
 10
-30.185
 20
-20.4761
 11
-30.185
 21
-16.5261
  0
LINE
  5
667
100
AcDbEntity
  8
parts layout
  6
CONTINUOUS
 62
  256
370
   -1
100
AcDbLine
 10
-30.185
 20
-16.5261
 11
-30.18043299999999
 21
-16.503139
  0
LINE
  5
668
100
AcDbEntity
  8
parts layout
  6
CONTINUOUS
 62
  256
370
   -1
100
AcDbLine
 10
-30.18043299999999
 20
-16.503139
 11
-30.147961
 21
-16.47066700000001
  0
LINE
  5
669
100
AcDbEntity
  8
parts layout
  6
CONTINUOUS
 62
  256
370
   -1
100
AcDbLine
 10
-30.147961
 20
-16.47066700000001
 11
-30.102039
 21
-16.47066700000001
  0
LINE
  5
66A
100
AcDbEntity
  8
parts layout
  6
CONTINUOUS
 62
  256
370
   -1
100
AcDbLine
 10
-30.102039
 20
-16.47066700000001
 11
-30.06956700000001
 21
-16.503139
  0
LINE
  5
66B
100
AcDbEntity
  8
parts layout
  6
CONTINUOUS
 62
  256
370
   -1
100
AcDbLine
 10
-30.06956700000001
 20
-16.503139
 11
-30.065
 21
-16.5261
  0
LINE
  5
66C
100
AcDbEntity
  8
parts layout
  6
CONTINUOUS
 62
  256
370
   -1
100
AcDbLine
 10
-30.065
 20
-16.5261
 11
-30.065
 21
-20.5361
  0
LINE
  5
66D
100
AcDbEntity
  8
parts layout
  6
CONTINUOUS
 62
  256
370
   -1
100
AcDbLine
 10
-30.065
 20
-20.5361
 11
-30.06956700000001
 21
-20.559061
  0
LINE
  5
66E
100
AcDbEntity
  8
parts layout
  6
CONTINUOUS
 62
  256
370
   -1
100
AcDbLine
 10
-30.06956700000001
 20
-20.559061
 11
-30.102039
 21
-20.591533
  0
LINE
  5
66F
100
AcDbEntity
  8
parts layout
  6
CONTINUOUS
 62
  256
370
   -1
100
AcDbLine
 10
-30.102039
 20
-20.591533
 11
-30.125
 21
-20.59610000000001
  0
LINE
  5
670
100
AcDbEntity
  8
parts layout
  6
CONTINUOUS
 62
  256
370
   -1
100
AcDbLine
 10
-30.125
 20
-20.59610000000001
 11
-32.125
 21
-20.59610000000001
  0
LINE
  5
671
100
AcDbEntity
  8
parts layout
  6
CONTINUOUS
 62
  256
370
   -1
100
AcDbLine
 10
-32.125
 20
-20.59610000000001
 11
-32.147961
 21
-20.591533
  0
LINE
  5
672
100
AcDbEntity
  8
parts layout
  6
CONTINUOUS
 62
  256
370
   -1
100
AcDbLine
 10
-32.147961
 20
-20.591533
 11
-32.18043299999999
 21
-20.559061
  0
LINE
  5
673
100
AcDbEntity
  8
parts layout
  6
CONTINUOUS
 62
  256
370
   -1
100
AcDbLine
 10
-32.18043299999999
 20
-20.559061
 11
-32.185
 21
-20.5361
  0
LINE
  5
674
100
AcDbEntity
  8
parts layout
  6
CONTINUOUS
 62
  256
370
   -1
100
AcDbLine
 10
-32.185
 20
-20.5361
 11
-32.185
 21
-16.5261
  0
LINE
  5
675
100
AcDbEntity
  8
parts layout
  6
CONTINUOUS
 62
  256
370
   -1
100
AcDbLine
 10
-32.185
 20
-16.5261
 11
-32.18043299999999
 21
-16.503139
  0
LINE
  5
676
100
AcDbEntity
  8
parts layout
  6
CONTINUOUS
 62
  256
370
   -1
100
AcDbLine
 10
-32.18043299999999
 20
-16.503139
 11
-32.147961
 21
-16.47066700000001
  0
LINE
  5
677
100
AcDbEntity
  8
parts layout
  6
CONTINUOUS
 62
  256
370
   -1
100
AcDbLine
 10
-32.147961
 20
-16.47066700000001
 11
-32.102039
 21
-16.47066700000001
  0
LINE
  5
678
100
AcDbEntity
  8
parts layout
  6
CONTINUOUS
 62
  256
370
   -1
100
AcDbLine
 10
-32.102039
 20
-16.47066700000001
 11
-32.06956700000001
 21
-16.503139
  0
LINE
  5
679
100
AcDbEntity
  8
parts layout
  6
CONTINUOUS
 62
  256
370
   -1
100
AcDbLine
 10
57.838711
 20
-16.70923000000001
 11
57.96368499999998
 21
-16.734089
  0
LINE
  5
67A
100
AcDbEntity
  8
parts layout
  6
CONTINUOUS
 62
  256
370
   -1
100
AcDbLine
 10
57.96368499999998
 20
-16.734089
 11
58.081408
 21
-16.78285100000001
  0
LINE
  5
67B
100
AcDbEntity
  8
parts layout
  6
CONTINUOUS
 62
  256
370
   -1
100
AcDbLine
 10
58.081408
 20
-16.78285100000001
 11
58.18735600000001
 21
-16.85364300000001
  0
LINE
  5
67C
100
AcDbEntity
  8
parts layout
  6
CONTINUOUS
 62
  256
370
   -1
100
AcDbLine
 10
58.18735600000001
 20
-16.85364300000001
 11
58.27745699999998
 21
-16.943744
  0
LINE
  5
67D
100
AcDbEntity
  8
parts layout
  6
CONTINUOUS
 62
  256
370
   -1
100
AcDbLine
 10
58.27745699999998
 20
-16.943744
 11
58.348249
 21
-17.04969200000001
  0
LINE
  5
67E
100
AcDbEntity
  8
parts layout
  6
CONTINUOUS
 62
  256
370
   -1
100
AcDbLine
 10
58.348249
 20
-17.04969200000001
 11
58.39701100000001
 21
-17.16741500000001
  0
LINE
  5
67F
100
AcDbEntity
  8
parts layout
  6
CONTINUOUS
 62
  256
370
   -1
100
AcDbLine
 10
58.39701100000001
 20
-17.16741500000001
 11
58.42187
 21
-17.292389
  0
LINE
  5
680
100
AcDbEntity
  8
parts layout
  6
CONTINUOUS
 62
  256
370
   -1
100
AcDbLine
 10
58.42187
 20
-17.292389
 11
58.42187
 21
-17.419811
  0
LINE
  5
681
100
AcDbEntity
  8
parts layout
  6
CONTINUOUS
 62
  256
370
   -1
100
AcDbLine
 10
58.42187
 20
-17.419811
 11
58.39701100000001
 21
-17.544785
  0
LINE
  5
682
100
AcDbEntity
  8
parts layout
  6
CONTINUOUS
 62
  256
370
   -1
100
AcDbLine
 10
58.39701100000001
 20
-17.544785
 11
58.348249
 21
-17.662508
  0
LINE
  5
683
100
AcDbEntity
  8
parts layout
  6
CONTINUOUS
 62
  256
370
   -1
100
AcDbLine
 10
58.348249
 20
-17.662508
 11
58.27745699999998
 21
-17.768456
  0
LINE
  5
684
100
AcDbEntity
  8
parts layout
  6
CONTINUOUS
 62
  256
370
   -1
100
AcDbLine
 10
58.27745699999998
 20
-17.768456
 11
58.18735600000001
 21
-17.858557
  0
LINE
  5
685
100
AcDbEntity
  8
parts layout
  6
CONTINUOUS
 62
  256
370
   -1
100
AcDbLine
 10
58.18735600000001
 20
-17.858557
 11
58.081408
 21
-17.929349
  0
LINE
  5
686
100
AcDbEntity
  8
parts layout
  6
CONTINUOUS
 62
  256
370
   -1
100
AcDbLine
 10
58.081408
 20
-17.929349
 11
57.96368499999998
 21
-17.978111
  0
LINE
  5
687
100
AcDbEntity
  8
parts layout
  6
CONTINUOUS
 62
  256
370
   -1
100
AcDbLine
 10
57.96368499999998
 20
-17.978111
 11
57.838711
 21
-18.00297
  0
LINE
  5
688
100
AcDbEntity
  8
parts layout
  6
CONTINUOUS
 62
  256
370
   -1
100
AcDbLine
 10
57.838711
 20
-18.00297
 11
57.77499999999999
 21
-18.0061
  0
LINE
  5
689
100
AcDbEntity
  8
parts layout
  6
CONTINUOUS
 62
  256
370
   -1
100
AcDbLine
 10
57.77499999999999
 20
-18.0061
 11
56.87499999999999
 21
-18.0061
  0
LINE
  5
68A
100
AcDbEntity
  8
parts layout
  6
CONTINUOUS
 62
  256
370
   -1
100
AcDbLine
 10
56.87499999999999
 20
-18.0061
 11
56.811289
 21
-18.00297
  0
LINE
  5
68B
100
AcDbEntity
  8
parts layout
  6
CONTINUOUS
 62
  256
370
   -1
100
AcDbLine
 10
56.811289
 20
-18.00297
 11
56.68631499999999
 21
-17.978111
  0
LINE
  5
68C
100
AcDbEntity
  8
parts layout
  6
CONTINUOUS
 62
  256
370
   -1
100
AcDbLine
 10
56.68631499999999
 20
-17.978111
 11
56.56859200000001
 21
-17.929349
  0
LINE
  5
68D
100
AcDbEntity
  8
parts layout
  6
CONTINUOUS
 62
  256
370
   -1
100
AcDbLine
 10
56.56859200000001
 20
-17.929349
 11
56.462644
 21
-17.858557
  0
LINE
  5
68E
100
AcDbEntity
  8
parts layout
  6
CONTINUOUS
 62
  256
370
   -1
100
AcDbLine
 10
56.462644
 20
-17.858557
 11
56.37254299999999
 21
-17.768456
  0
LINE
  5
68F
100
AcDbEntity
  8
parts layout
  6
CONTINUOUS
 62
  256
370
   -1
100
AcDbLine
 10
56.37254299999999
 20
-17.768456
 11
56.30175099999998
 21
-17.662508
  0
LINE
  5
690
100
AcDbEntity
  8
parts layout
  6
CONTINUOUS
 62
  256
370
   -1
100
AcDbLine
 10
56.30175099999998
 20
-17.662508
 11
56.252989
 21
-17.544785
  0
LINE
  5
691
100
AcDbEntity
  8
parts layout
  6
CONTINUOUS
 62
  256
370
   -1
100
AcDbLine
 10
56.252989
 20
-17.544785
 11
56.22813000000001
 21
-17.419811
  0
LINE
  5
692
100
AcDbEntity
  8
parts layout
  6
CONTINUOUS
 62
  256
370
   -1
100
AcDbLine
 10
56.22813000000001
 20
-17.419811
 11
56.22813000000001
 21
-17.292389
  0
LINE
  5
693
100
AcDbEntity
  8
parts layout
  6
CONTINUOUS
 62
  256
370
   -1
100
AcDbLine
 10
56.22813000000001
 20
-17.292389
 11
56.252989
 21
-17.16741500000001
  0
LINE
  5
694
100
AcDbEntity
  8
parts layout
  6
CONTINUOUS
 62
  256
370
   -1
100
AcDbLine
 10
56.252989
 20
-17.16741500000001
 11
56.30175099999998
 21
-17.04969200000001
  0
LINE
  5
695
100
AcDbEntity
  8
parts layout
  6
CONTINUOUS
 62
  256
370
   -1
100
AcDbLine
 10
56.30175099999998
 20
-17.04969200000001
 11
56.37254299999999
 21
-16.943744
  0
LINE
  5
696
100
AcDbEntity
  8
parts layout
  6
CONTINUOUS
 62
  256
370
   -1
100
AcDbLine
 10
56.37254299999999
 20
-16.943744
 11
56.462644
 21
-16.85364300000001
  0
LINE
  5
697
100
AcDbEntity
  8
parts layout
  6
CONTINUOUS
 62
  256
370
   -1
100
AcDbLine
 10
56.462644
 20
-16.85364300000001
 11
56.56859200000001
 21
-16.78285100000001
  0
LINE
  5
698
100
AcDbEntity
  8
parts layout
  6
CONTINUOUS
 62
  256
370
   -1
100
AcDbLine
 10
56.56859200000001
 20
-16.78285100000001
 11
56.68631499999999
 21
-16.734089
  0
LINE
  5
699
100
AcDbEntity
  8
parts layout
  6
CONTINUOUS
 62
  256
370
   -1
100
AcDbLine
 10
56.68631499999999
 20
-16.734089
 11
56.811289
 21
-16.70923000000001
  0
LINE
  5
69A
100
AcDbEntity
  8
parts layout
  6
CONTINUOUS
 62
  256
370
   -1
100
AcDbLine
 10
56.811289
 20
-16.70923000000001
 11
56.87499999999999
 21
-16.70610000000001
  0
LINE
  5
69B
100
AcDbEntity
  8
parts layout
  6
CONTINUOUS
 62
  256
370
   -1
100
AcDbLine
 10
56.87499999999999
 20
-16.70610000000001
 11
57.77499999999999
 21
-16.70610000000001
  0
LINE
  5
69C
100
AcDbEntity
  8
parts layout
  6
CONTINUOUS
 62
  256
370
   -1
100
AcDbLine
 10
57.77499999999999
 20
-16.70610000000001
 11
57.838711
 21
-16.70923000000001
  0
LINE
  5
69D
100
AcDbEntity
  8
parts layout
  6
CONTINUOUS
 62
  256
370
   -1
100
AcDbLine
 10
61.838711
 20
-16.70923000000001
 11
61.96368499999998
 21
-16.734089
  0
LINE
  5
69E
100
AcDbEntity
  8
parts layout
  6
CONTINUOUS
 62
  256
370
   -1
100
AcDbLine
 10
61.96368499999998
 20
-16.734089
 11
62.081408
 21
-16.78285100000001
  0
LINE
  5
69F
100
AcDbEntity
  8
parts layout
  6
CONTINUOUS
 62
  256
370
   -1
100
AcDbLine
 10
62.081408
 20
-16.78285100000001
 11
62.18735600000001
 21
-16.85364300000001
  0
LINE
  5
6A0
100
AcDbEntity
  8
parts layout
  6
CONTINUOUS
 62
  256
370
   -1
100
AcDbLine
 10
62.18735600000001
 20
-16.85364300000001
 11
62.27745699999998
 21
-16.943744
  0
LINE
  5
6A1
100
AcDbEntity
  8
parts layout
  6
CONTINUOUS
 62
  256
370
   -1
100
AcDbLine
 10
62.27745699999998
 20
-16.943744
 11
62.348249
 21
-17.04969200000001
  0
LINE
  5
6A2
100
AcDbEntity
  8
parts layout
  6
CONTINUOUS
 62
  256
370
   -1
100
AcDbLine
 10
62.348249
 20
-17.04969200000001
 11
62.39701100000001
 21
-17.16741500000001
  0
LINE
  5
6A3
100
AcDbEntity
  8
parts layout
  6
CONTINUOUS
 62
  256
370
   -1
100
AcDbLine
 10
62.39701100000001
 20
-17.16741500000001
 11
62.42187
 21
-17.292389
  0
LINE
  5
6A4
100
AcDbEntity
  8
parts layout
  6
CONTINUOUS
 62
  256
370
   -1
100
AcDbLine
 10
62.42187
 20
-17.292389
 11
62.42187
 21
-17.419811
  0
LINE
  5
6A5
100
AcDbEntity
  8
parts layout
  6
CONTINUOUS
 62
  256
370
   -1
100
AcDbLine
 10
62.42187
 20
-17.419811
 11
62.39701100000001
 21
-17.544785
  0
LINE
  5
6A6
100
AcDbEntity
  8
parts layout
  6
CONTINUOUS
 62
  256
370
   -1
100
AcDbLine
 10
62.39701100000001
 20
-17.544785
 11
62.348249
 21
-17.662508
  0
LINE
  5
6A7
100
AcDbEntity
  8
parts layout
  6
CONTINUOUS
 62
  256
370
   -1
100
AcDbLine
 10
62.348249
 20
-17.662508
 11
62.27745699999998
 21
-17.768456
  0
LINE
  5
6A8
100
AcDbEntity
  8
parts layout
  6
CONTINUOUS
 62
  256
370
   -1
100
AcDbLine
 10
62.27745699999998
 20
-17.768456
 11
62.18735600000001
 21
-17.858557
  0
LINE
  5
6A9
100
AcDbEntity
  8
parts layout
  6
CONTINUOUS
 62
  256
370
   -1
100
AcDbLine
 10
62.18735600000001
 20
-17.858557
 11
62.081408
 21
-17.929349
  0
LINE
  5
6AA
100
AcDbEntity
  8
parts layout
  6
CONTINUOUS
 62
  256
370
   -1
100
AcDbLine
 10
62.081408
 20
-17.929349
 11
61.96368499999998
 21
-17.978111
  0
LINE
  5
6AB
100
AcDbEntity
  8
parts layout
  6
CONTINUOUS
 62
  256
370
   -1
100
AcDbLine
 10
61.96368499999998
 20
-17.978111
 11
61.838711
 21
-18.00297
  0
LINE
  5
6AC
100
AcDbEntity
  8
parts layout
  6
CONTINUOUS
 62
  256
370
   -1
100
AcDbLine
 10
61.838711
 20
-18.00297
 11
61.77499999999999
 21
-18.0061
  0
LINE
  5
6AD
100
AcDbEntity
  8
parts layout
  6
CONTINUOUS
 62
  256
370
   -1
100
AcDbLine
 10
61.77499999999999
 20
-18.0061
 11
60.87499999999999
 21
-18.0061
  0
LINE
  5
6AE
100
AcDbEntity
  8
parts layout
  6
CONTINUOUS
 62
  256
370
   -1
100
AcDbLine
 10
60.87499999999999
 20
-18.0061
 11
60.811289
 21
-18.00297
  0
LINE
  5
6AF
100
AcDbEntity
  8
parts layout
  6
CONTINUOUS
 62
  256
370
   -1
100
AcDbLine
 10
60.811289
 20
-18.00297
 11
60.68631499999999
 21
-17.978111
  0
LINE
  5
6B0
100
AcDbEntity
  8
parts layout
  6
CONTINUOUS
 62
  256
370
   -1
100
AcDbLine
 10
60.68631499999999
 20
-17.978111
 11
60.56859199999998
 21
-17.929349
  0
LINE
  5
6B1
100
AcDbEntity
  8
parts layout
  6
CONTINUOUS
 62
  256
370
   -1
100
AcDbLine
 10
60.56859199999998
 20
-17.929349
 11
60.462644
 21
-17.858557
  0
LINE
  5
6B2
100
AcDbEntity
  8
parts layout
  6
CONTINUOUS
 62
  256
370
   -1
100
AcDbLine
 10
60.462644
 20
-17.858557
 11
60.37254299999999
 21
-17.768456
  0
LINE
  5
6B3
100
AcDbEntity
  8
parts layout
  6
CONTINUOUS
 62
  256
370
   -1
100
AcDbLine
 10
60.37254299999999
 20
-17.768456
 11
60.30175099999998
 21
-17.662508
  0
LINE
  5
6B4
100
AcDbEntity
  8
parts layout
  6
CONTINUOUS
 62
  256
370
   -1
100
AcDbLine
 10
60.30175099999998
 20
-17.662508
 11
60.252989
 21
-17.544785
  0
LINE
  5
6B5
100
AcDbEntity
  8
parts layout
  6
CONTINUOUS
 62
  256
370
   -1
100
AcDbLine
 10
60.252989
 20
-17.544785
 11
60.22813000000001
 21
-17.419811
  0
LINE
  5
6B6
100
AcDbEntity
  8
parts layout
  6
CONTINUOUS
 62
  256
370
   -1
100
AcDbLine
 10
60.22813000000001
 20
-17.419811
 11
60.22813000000001
 21
-17.292389
  0
LINE
  5
6B7
100
AcDbEntity
  8
parts layout
  6
CONTINUOUS
 62
  256
370
   -1
100
AcDbLine
 10
60.22813000000001
 20
-17.292389
 11
60.252989
 21
-17.16741500000001
  0
LINE
  5
6B8
100
AcDbEntity
  8
parts layout
  6
CONTINUOUS
 62
  256
370
   -1
100
AcDbLine
 10
60.252989
 20
-17.16741500000001
 11
60.30175099999998
 21
-17.04969200000001
  0
LINE
  5
6B9
100
AcDbEntity
  8
parts layout
  6
CONTINUOUS
 62
  256
370
   -1
100
AcDbLine
 10
60.30175099999998
 20
-17.04969200000001
 11
60.37254299999999
 21
-16.943744
  0
LINE
  5
6BA
100
AcDbEntity
  8
parts layout
  6
CONTINUOUS
 62
  256
370
   -1
100
AcDbLine
 10
60.37254299999999
 20
-16.943744
 11
60.462644
 21
-16.85364300000001
  0
LINE
  5
6BB
100
AcDbEntity
  8
parts layout
  6
CONTINUOUS
 62
  256
370
   -1
100
AcDbLine
 10
60.462644
 20
-16.85364300000001
 11
60.56859199999998
 21
-16.78285100000001
  0
LINE
  5
6BC
100
AcDbEntity
  8
parts layout
  6
CONTINUOUS
 62
  256
370
   -1
100
AcDbLine
 10
60.56859199999998
 20
-16.78285100000001
 11
60.68631499999999
 21
-16.734089
  0
LINE
  5
6BD
100
AcDbEntity
  8
parts layout
  6
CONTINUOUS
 62
  256
370
   -1
100
AcDbLine
 10
60.68631499999999
 20
-16.734089
 11
60.811289
 21
-16.70923000000001
  0
LINE
  5
6BE
100
AcDbEntity
  8
parts layout
  6
CONTINUOUS
 62
  256
370
   -1
100
AcDbLine
 10
60.811289
 20
-16.70923000000001
 11
60.87499999999999
 21
-16.70610000000001
  0
LINE
  5
6BF
100
AcDbEntity
  8
parts layout
  6
CONTINUOUS
 62
  256
370
   -1
100
AcDbLine
 10
60.87499999999999
 20
-16.70610000000001
 11
61.77499999999999
 21
-16.70610000000001
  0
LINE
  5
6C0
100
AcDbEntity
  8
parts layout
  6
CONTINUOUS
 62
  256
370
   -1
100
AcDbLine
 10
61.77499999999999
 20
-16.70610000000001
 11
61.838711
 21
-16.70923000000001
  0
LINE
  5
6C1
100
AcDbEntity
  8
parts layout
  6
CONTINUOUS
 62
  256
370
   -1
100
AcDbLine
 10
64.838711
 20
-16.70923000000001
 11
64.96368499999998
 21
-16.734089
  0
LINE
  5
6C2
100
AcDbEntity
  8
parts layout
  6
CONTINUOUS
 62
  256
370
   -1
100
AcDbLine
 10
64.96368499999998
 20
-16.734089
 11
65.081408
 21
-16.78285100000001
  0
LINE
  5
6C3
100
AcDbEntity
  8
parts layout
  6
CONTINUOUS
 62
  256
370
   -1
100
AcDbLine
 10
65.081408
 20
-16.78285100000001
 11
65.18735600000001
 21
-16.85364300000001
  0
LINE
  5
6C4
100
AcDbEntity
  8
parts layout
  6
CONTINUOUS
 62
  256
370
   -1
100
AcDbLine
 10
65.18735600000001
 20
-16.85364300000001
 11
65.27745699999998
 21
-16.943744
  0
LINE
  5
6C5
100
AcDbEntity
  8
parts layout
  6
CONTINUOUS
 62
  256
370
   -1
100
AcDbLine
 10
65.27745699999998
 20
-16.943744
 11
65.348249
 21
-17.04969200000001
  0
LINE
  5
6C6
100
AcDbEntity
  8
parts layout
  6
CONTINUOUS
 62
  256
370
   -1
100
AcDbLine
 10
65.348249
 20
-17.04969200000001
 11
65.39701100000001
 21
-17.16741500000001
  0
LINE
  5
6C7
100
AcDbEntity
  8
parts layout
  6
CONTINUOUS
 62
  256
370
   -1
100
AcDbLine
 10
65.39701100000001
 20
-17.16741500000001
 11
65.42187
 21
-17.292389
  0
LINE
  5
6C8
100
AcDbEntity
  8
parts layout
  6
CONTINUOUS
 62
  256
370
   -1
100
AcDbLine
 10
65.42187
 20
-17.292389
 11
65.42187
 21
-17.419811
  0
LINE
  5
6C9
100
AcDbEntity
  8
parts layout
  6
CONTINUOUS
 62
  256
370
   -1
100
AcDbLine
 10
65.42187
 20
-17.419811
 11
65.39701100000001
 21
-17.544785
  0
LINE
  5
6CA
100
AcDbEntity
  8
parts layout
  6
CONTINUOUS
 62
  256
370
   -1
100
AcDbLine
 10
65.39701100000001
 20
-17.544785
 11
65.348249
 21
-17.662508
  0
LINE
  5
6CB
100
AcDbEntity
  8
parts layout
  6
CONTINUOUS
 62
  256
370
   -1
100
AcDbLine
 10
65.348249
 20
-17.662508
 11
65.27745699999998
 21
-17.768456
  0
LINE
  5
6CC
100
AcDbEntity
  8
parts layout
  6
CONTINUOUS
 62
  256
370
   -1
100
AcDbLine
 10
65.27745699999998
 20
-17.768456
 11
65.18735600000001
 21
-17.858557
  0
LINE
  5
6CD
100
AcDbEntity
  8
parts layout
  6
CONTINUOUS
 62
  256
370
   -1
100
AcDbLine
 10
65.18735600000001
 20
-17.858557
 11
65.081408
 21
-17.929349
  0
LINE
  5
6CE
100
AcDbEntity
  8
parts layout
  6
CONTINUOUS
 62
  256
370
   -1
100
AcDbLine
 10
65.081408
 20
-17.929349
 11
64.96368499999998
 21
-17.978111
  0
LINE
  5
6CF
100
AcDbEntity
  8
parts layout
  6
CONTINUOUS
 62
  256
370
   -1
100
AcDbLine
 10
64.96368499999998
 20
-17.978111
 11
64.838711
 21
-18.00297
  0
LINE
  5
6D0
100
AcDbEntity
  8
parts layout
  6
CONTINUOUS
 62
  256
370
   -1
100
AcDbLine
 10
64.838711
 20
-18.00297
 11
64.77499999999999
 21
-18.0061
  0
LINE
  5
6D1
100
AcDbEntity
  8
parts layout
  6
CONTINUOUS
 62
  256
370
   -1
100
AcDbLine
 10
64.77499999999999
 20
-18.0061
 11
63.87499999999999
 21
-18.0061
  0
LINE
  5
6D2
100
AcDbEntity
  8
parts layout
  6
CONTINUOUS
 62
  256
370
   -1
100
AcDbLine
 10
63.87499999999999
 20
-18.0061
 11
63.811289
 21
-18.00297
  0
LINE
  5
6D3
100
AcDbEntity
  8
parts layout
  6
CONTINUOUS
 62
  256
370
   -1
100
AcDbLine
 10
63.811289
 20
-18.00297
 11
63.68631499999999
 21
-17.978111
  0
LINE
  5
6D4
100
AcDbEntity
  8
parts layout
  6
CONTINUOUS
 62
  256
370
   -1
100
AcDbLine
 10
63.68631499999999
 20
-17.978111
 11
63.56859199999998
 21
-17.929349
  0
LINE
  5
6D5
100
AcDbEntity
  8
parts layout
  6
CONTINUOUS
 62
  256
370
   -1
100
AcDbLine
 10
63.56859199999998
 20
-17.929349
 11
63.462644
 21
-17.858557
  0
LINE
  5
6D6
100
AcDbEntity
  8
parts layout
  6
CONTINUOUS
 62
  256
370
   -1
100
AcDbLine
 10
63.462644
 20
-17.858557
 11
63.37254299999999
 21
-17.768456
  0
LINE
  5
6D7
100
AcDbEntity
  8
parts layout
  6
CONTINUOUS
 62
  256
370
   -1
100
AcDbLine
 10
63.37254299999999
 20
-17.768456
 11
63.30175099999998
 21
-17.662508
  0
LINE
  5
6D8
100
AcDbEntity
  8
parts layout
  6
CONTINUOUS
 62
  256
370
   -1
100
AcDbLine
 10
63.30175099999998
 20
-17.662508
 11
63.252989
 21
-17.544785
  0
LINE
  5
6D9
100
AcDbEntity
  8
parts layout
  6
CONTINUOUS
 62
  256
370
   -1
100
AcDbLine
 10
63.252989
 20
-17.544785
 11
63.22813000000001
 21
-17.419811
  0
LINE
  5
6DA
100
AcDbEntity
  8
parts layout
  6
CONTINUOUS
 62
  256
370
   -1
100
AcDbLine
 10
63.22813000000001
 20
-17.419811
 11
63.22813000000001
 21
-17.292389
  0
LINE
  5
6DB
100
AcDbEntity
  8
parts layout
  6
CONTINUOUS
 62
  256
370
   -1
100
AcDbLine
 10
63.22813000000001
 20
-17.292389
 11
63.252989
 21
-17.16741500000001
  0
LINE
  5
6DC
100
AcDbEntity
  8
parts layout
  6
CONTINUOUS
 62
  256
370
   -1
100
AcDbLine
 10
63.252989
 20
-17.16741500000001
 11
63.30175099999998
 21
-17.04969200000001
  0
LINE
  5
6DD
100
AcDbEntity
  8
parts layout
  6
CONTINUOUS
 62
  256
370
   -1
100
AcDbLine
 10
63.30175099999998
 20
-17.04969200000001
 11
63.37254299999999
 21
-16.943744
  0
LINE
  5
6DE
100
AcDbEntity
  8
parts layout
  6
CONTINUOUS
 62
  256
370
   -1
100
AcDbLine
 10
63.37254299999999
 20
-16.943744
 11
63.462644
 21
-16.85364300000001
  0
LINE
  5
6DF
100
AcDbEntity
  8
parts layout
  6
CONTINUOUS
 62
  256
370
   -1
100
AcDbLine
 10
63.462644
 20
-16.85364300000001
 11
63.56859199999998
 21
-16.78285100000001
  0
LINE
  5
6E0
100
AcDbEntity
  8
parts layout
  6
CONTINUOUS
 62
  256
370
   -1
100
AcDbLine
 10
63.56859199999998
 20
-16.78285100000001
 11
63.68631499999999
 21
-16.734089
  0
LINE
  5
6E1
100
AcDbEntity
  8
parts layout
  6
CONTINUOUS
 62
  256
370
   -1
100
AcDbLine
 10
63.68631499999999
 20
-16.734089
 11
63.811289
 21
-16.70923000000001
  0
LINE
  5
6E2
100
AcDbEntity
  8
parts layout
  6
CONTINUOUS
 62
  256
370
   -1
100
AcDbLine
 10
63.811289
 20
-16.70923000000001
 11
63.87499999999999
 21
-16.70610000000001
  0
LINE
  5
6E3
100
AcDbEntity
  8
parts layout
  6
CONTINUOUS
 62
  256
370
   -1
100
AcDbLine
 10
63.87499999999999
 20
-16.70610000000001
 11
64.77499999999999
 21
-16.70610000000001
  0
LINE
  5
6E4
100
AcDbEntity
  8
parts layout
  6
CONTINUOUS
 62
  256
370
   -1
100
AcDbLine
 10
64.77499999999999
 20
-16.70610000000001
 11
64.838711
 21
-16.70923000000001
  0
LINE
  5
6E5
100
AcDbEntity
  8
parts layout
  6
CONTINUOUS
 62
  256
370
   -1
100
AcDbLine
 10
44.130433
 20
-12.693139
 11
44.13500000000001
 21
-12.7161
  0
LINE
  5
6E6
100
AcDbEntity
  8
parts layout
  6
CONTINUOUS
 62
  256
370
   -1
100
AcDbLine
 10
44.13500000000001
 20
-12.7161
 11
44.13500000000001
 21
-16.6661
  0
LINE
  5
6E7
100
AcDbEntity
  8
parts layout
  6
CONTINUOUS
 62
  256
370
   -1
100
AcDbLine
 10
44.13500000000001
 20
-16.6661
 11
46.015
 21
-16.6661
  0
LINE
  5
6E8
100
AcDbEntity
  8
parts layout
  6
CONTINUOUS
 62
  256
370
   -1
100
AcDbLine
 10
46.015
 20
-16.6661
 11
46.015
 21
-12.7161
  0
LINE
  5
6E9
100
AcDbEntity
  8
parts layout
  6
CONTINUOUS
 62
  256
370
   -1
100
AcDbLine
 10
46.015
 20
-12.7161
 11
46.01956700000001
 21
-12.693139
  0
LINE
  5
6EA
100
AcDbEntity
  8
parts layout
  6
CONTINUOUS
 62
  256
370
   -1
100
AcDbLine
 10
46.01956700000001
 20
-12.693139
 11
46.05203899999999
 21
-12.660667
  0
LINE
  5
6EB
100
AcDbEntity
  8
parts layout
  6
CONTINUOUS
 62
  256
370
   -1
100
AcDbLine
 10
46.05203899999999
 20
-12.660667
 11
46.09796099999998
 21
-12.660667
  0
LINE
  5
6EC
100
AcDbEntity
  8
parts layout
  6
CONTINUOUS
 62
  256
370
   -1
100
AcDbLine
 10
46.09796099999998
 20
-12.660667
 11
46.130433
 21
-12.693139
  0
LINE
  5
6ED
100
AcDbEntity
  8
parts layout
  6
CONTINUOUS
 62
  256
370
   -1
100
AcDbLine
 10
46.130433
 20
-12.693139
 11
46.13500000000001
 21
-12.7161
  0
LINE
  5
6EE
100
AcDbEntity
  8
parts layout
  6
CONTINUOUS
 62
  256
370
   -1
100
AcDbLine
 10
46.13500000000001
 20
-12.7161
 11
46.13500000000001
 21
-16.7261
  0
LINE
  5
6EF
100
AcDbEntity
  8
parts layout
  6
CONTINUOUS
 62
  256
370
   -1
100
AcDbLine
 10
46.13500000000001
 20
-16.7261
 11
46.130433
 21
-16.749061
  0
LINE
  5
6F0
100
AcDbEntity
  8
parts layout
  6
CONTINUOUS
 62
  256
370
   -1
100
AcDbLine
 10
46.130433
 20
-16.749061
 11
46.09796099999998
 21
-16.781533
  0
LINE
  5
6F1
100
AcDbEntity
  8
parts layout
  6
CONTINUOUS
 62
  256
370
   -1
100
AcDbLine
 10
46.09796099999998
 20
-16.781533
 11
46.075
 21
-16.7861
  0
LINE
  5
6F2
100
AcDbEntity
  8
parts layout
  6
CONTINUOUS
 62
  256
370
   -1
100
AcDbLine
 10
46.075
 20
-16.7861
 11
44.075
 21
-16.7861
  0
LINE
  5
6F3
100
AcDbEntity
  8
parts layout
  6
CONTINUOUS
 62
  256
370
   -1
100
AcDbLine
 10
44.075
 20
-16.7861
 11
44.05203899999999
 21
-16.781533
  0
LINE
  5
6F4
100
AcDbEntity
  8
parts layout
  6
CONTINUOUS
 62
  256
370
   -1
100
AcDbLine
 10
44.05203899999999
 20
-16.781533
 11
44.01956700000001
 21
-16.749061
  0
LINE
  5
6F5
100
AcDbEntity
  8
parts layout
  6
CONTINUOUS
 62
  256
370
   -1
100
AcDbLine
 10
44.01956700000001
 20
-16.749061
 11
44.015
 21
-16.7261
  0
LINE
  5
6F6
100
AcDbEntity
  8
parts layout
  6
CONTINUOUS
 62
  256
370
   -1
100
AcDbLine
 10
44.015
 20
-16.7261
 11
44.015
 21
-12.7161
  0
LINE
  5
6F7
100
AcDbEntity
  8
parts layout
  6
CONTINUOUS
 62
  256
370
   -1
100
AcDbLine
 10
44.015
 20
-12.7161
 11
44.01956700000001
 21
-12.693139
  0
LINE
  5
6F8
100
AcDbEntity
  8
parts layout
  6
CONTINUOUS
 62
  256
370
   -1
100
AcDbLine
 10
44.01956700000001
 20
-12.693139
 11
44.05203899999999
 21
-12.660667
  0
LINE
  5
6F9
100
AcDbEntity
  8
parts layout
  6
CONTINUOUS
 62
  256
370
   -1
100
AcDbLine
 10
44.05203899999999
 20
-12.660667
 11
44.09796099999998
 21
-12.660667
  0
LINE
  5
6FA
100
AcDbEntity
  8
parts layout
  6
CONTINUOUS
 62
  256
370
   -1
100
AcDbLine
 10
44.09796099999998
 20
-12.660667
 11
44.130433
 21
-12.693139
  0
LINE
  5
6FB
100
AcDbEntity
  8
parts layout
  6
CONTINUOUS
 62
  256
370
   -1
100
AcDbLine
 10
59.356523
 20
-14.79715300000001
 11
59.49330099999999
 21
-14.876121
  0
LINE
  5
6FC
100
AcDbEntity
  8
parts layout
  6
CONTINUOUS
 62
  256
370
   -1
100
AcDbLine
 10
59.49330099999999
 20
-14.876121
 11
59.604979
 21
-14.987799
  0
LINE
  5
6FD
100
AcDbEntity
  8
parts layout
  6
CONTINUOUS
 62
  256
370
   -1
100
AcDbLine
 10
59.604979
 20
-14.987799
 11
59.683947
 21
-15.124577
  0
LINE
  5
6FE
100
AcDbEntity
  8
parts layout
  6
CONTINUOUS
 62
  256
370
   -1
100
AcDbLine
 10
59.683947
 20
-15.124577
 11
59.724824
 21
-15.27713200000001
  0
LINE
  5
6FF
100
AcDbEntity
  8
parts layout
  6
CONTINUOUS
 62
  256
370
   -1
100
AcDbLine
 10
59.724824
 20
-15.27713200000001
 11
59.724824
 21
-15.435068
  0
LINE
  5
700
100
AcDbEntity
  8
parts layout
  6
CONTINUOUS
 62
  256
370
   -1
100
AcDbLine
 10
59.724824
 20
-15.435068
 11
59.683947
 21
-15.58762300000001
  0
LINE
  5
701
100
AcDbEntity
  8
parts layout
  6
CONTINUOUS
 62
  256
370
   -1
100
AcDbLine
 10
59.683947
 20
-15.58762300000001
 11
59.604979
 21
-15.724401
  0
LINE
  5
702
100
AcDbEntity
  8
parts layout
  6
CONTINUOUS
 62
  256
370
   -1
100
AcDbLine
 10
59.604979
 20
-15.724401
 11
59.49330099999999
 21
-15.836079
  0
LINE
  5
703
100
AcDbEntity
  8
parts layout
  6
CONTINUOUS
 62
  256
370
   -1
100
AcDbLine
 10
59.49330099999999
 20
-15.836079
 11
59.356523
 21
-15.915047
  0
LINE
  5
704
100
AcDbEntity
  8
parts layout
  6
CONTINUOUS
 62
  256
370
   -1
100
AcDbLine
 10
59.356523
 20
-15.915047
 11
59.20396799999999
 21
-15.955924
  0
LINE
  5
705
100
AcDbEntity
  8
parts layout
  6
CONTINUOUS
 62
  256
370
   -1
100
AcDbLine
 10
59.20396799999999
 20
-15.955924
 11
59.04603199999998
 21
-15.955924
  0
LINE
  5
706
100
AcDbEntity
  8
parts layout
  6
CONTINUOUS
 62
  256
370
   -1
100
AcDbLine
 10
59.04603199999998
 20
-15.955924
 11
58.893477
 21
-15.915047
  0
LINE
  5
707
100
AcDbEntity
  8
parts layout
  6
CONTINUOUS
 62
  256
370
   -1
100
AcDbLine
 10
58.893477
 20
-15.915047
 11
58.75669899999998
 21
-15.836079
  0
LINE
  5
708
100
AcDbEntity
  8
parts layout
  6
CONTINUOUS
 62
  256
370
   -1
100
AcDbLine
 10
58.75669899999998
 20
-15.836079
 11
58.645021
 21
-15.724401
  0
LINE
  5
709
100
AcDbEntity
  8
parts layout
  6
CONTINUOUS
 62
  256
370
   -1
100
AcDbLine
 10
58.645021
 20
-15.724401
 11
58.566053
 21
-15.58762300000001
  0
LINE
  5
70A
100
AcDbEntity
  8
parts layout
  6
CONTINUOUS
 62
  256
370
   -1
100
AcDbLine
 10
58.566053
 20
-15.58762300000001
 11
58.525176
 21
-15.435068
  0
LINE
  5
70B
100
AcDbEntity
  8
parts layout
  6
CONTINUOUS
 62
  256
370
   -1
100
AcDbLine
 10
58.525176
 20
-15.435068
 11
58.525176
 21
-15.27713200000001
  0
LINE
  5
70C
100
AcDbEntity
  8
parts layout
  6
CONTINUOUS
 62
  256
370
   -1
100
AcDbLine
 10
58.525176
 20
-15.27713200000001
 11
58.566053
 21
-15.124577
  0
LINE
  5
70D
100
AcDbEntity
  8
parts layout
  6
CONTINUOUS
 62
  256
370
   -1
100
AcDbLine
 10
58.566053
 20
-15.124577
 11
58.645021
 21
-14.987799
  0
LINE
  5
70E
100
AcDbEntity
  8
parts layout
  6
CONTINUOUS
 62
  256
370
   -1
100
AcDbLine
 10
58.645021
 20
-14.987799
 11
58.75669899999998
 21
-14.876121
  0
LINE
  5
70F
100
AcDbEntity
  8
parts layout
  6
CONTINUOUS
 62
  256
370
   -1
100
AcDbLine
 10
58.75669899999998
 20
-14.876121
 11
58.893477
 21
-14.79715300000001
  0
LINE
  5
710
100
AcDbEntity
  8
parts layout
  6
CONTINUOUS
 62
  256
370
   -1
100
AcDbLine
 10
58.893477
 20
-14.79715300000001
 11
59.04603199999998
 21
-14.756276
  0
LINE
  5
711
100
AcDbEntity
  8
parts layout
  6
CONTINUOUS
 62
  256
370
   -1
100
AcDbLine
 10
59.04603199999998
 20
-14.756276
 11
59.20396799999999
 21
-14.756276
  0
LINE
  5
712
100
AcDbEntity
  8
parts layout
  6
CONTINUOUS
 62
  256
370
   -1
100
AcDbLine
 10
59.20396799999999
 20
-14.756276
 11
59.356523
 21
-14.79715300000001
  0
LINE
  5
713
100
AcDbEntity
  8
parts layout
  6
CONTINUOUS
 62
  256
370
   -1
100
AcDbLine
 10
66.356523
 20
-14.79715300000001
 11
66.49330099999999
 21
-14.876121
  0
LINE
  5
714
100
AcDbEntity
  8
parts layout
  6
CONTINUOUS
 62
  256
370
   -1
100
AcDbLine
 10
66.49330099999999
 20
-14.876121
 11
66.604979
 21
-14.987799
  0
LINE
  5
715
100
AcDbEntity
  8
parts layout
  6
CONTINUOUS
 62
  256
370
   -1
100
AcDbLine
 10
66.604979
 20
-14.987799
 11
66.683947
 21
-15.124577
  0
LINE
  5
716
100
AcDbEntity
  8
parts layout
  6
CONTINUOUS
 62
  256
370
   -1
100
AcDbLine
 10
66.683947
 20
-15.124577
 11
66.724824
 21
-15.27713200000001
  0
LINE
  5
717
100
AcDbEntity
  8
parts layout
  6
CONTINUOUS
 62
  256
370
   -1
100
AcDbLine
 10
66.724824
 20
-15.27713200000001
 11
66.724824
 21
-15.435068
  0
LINE
  5
718
100
AcDbEntity
  8
parts layout
  6
CONTINUOUS
 62
  256
370
   -1
100
AcDbLine
 10
66.724824
 20
-15.435068
 11
66.683947
 21
-15.58762300000001
  0
LINE
  5
719
100
AcDbEntity
  8
parts layout
  6
CONTINUOUS
 62
  256
370
   -1
100
AcDbLine
 10
66.683947
 20
-15.58762300000001
 11
66.604979
 21
-15.724401
  0
LINE
  5
71A
100
AcDbEntity
  8
parts layout
  6
CONTINUOUS
 62
  256
370
   -1
100
AcDbLine
 10
66.604979
 20
-15.724401
 11
66.49330099999999
 21
-15.836079
  0
LINE
  5
71B
100
AcDbEntity
  8
parts layout
  6
CONTINUOUS
 62
  256
370
   -1
100
AcDbLine
 10
66.49330099999999
 20
-15.836079
 11
66.356523
 21
-15.915047
  0
LINE
  5
71C
100
AcDbEntity
  8
parts layout
  6
CONTINUOUS
 62
  256
370
   -1
100
AcDbLine
 10
66.356523
 20
-15.915047
 11
66.20396799999999
 21
-15.955924
  0
LINE
  5
71D
100
AcDbEntity
  8
parts layout
  6
CONTINUOUS
 62
  256
370
   -1
100
AcDbLine
 10
66.20396799999999
 20
-15.955924
 11
66.04603199999998
 21
-15.955924
  0
LINE
  5
71E
100
AcDbEntity
  8
parts layout
  6
CONTINUOUS
 62
  256
370
   -1
100
AcDbLine
 10
66.04603199999998
 20
-15.955924
 11
65.893477
 21
-15.915047
  0
LINE
  5
71F
100
AcDbEntity
  8
parts layout
  6
CONTINUOUS
 62
  256
370
   -1
100
AcDbLine
 10
65.893477
 20
-15.915047
 11
65.75669899999998
 21
-15.836079
  0
LINE
  5
720
100
AcDbEntity
  8
parts layout
  6
CONTINUOUS
 62
  256
370
   -1
100
AcDbLine
 10
65.75669899999998
 20
-15.836079
 11
65.645021
 21
-15.724401
  0
LINE
  5
721
100
AcDbEntity
  8
parts layout
  6
CONTINUOUS
 62
  256
370
   -1
100
AcDbLine
 10
65.645021
 20
-15.724401
 11
65.566053
 21
-15.58762300000001
  0
LINE
  5
722
100
AcDbEntity
  8
parts layout
  6
CONTINUOUS
 62
  256
370
   -1
100
AcDbLine
 10
65.566053
 20
-15.58762300000001
 11
65.525176
 21
-15.435068
  0
LINE
  5
723
100
AcDbEntity
  8
parts layout
  6
CONTINUOUS
 62
  256
370
   -1
100
AcDbLine
 10
65.525176
 20
-15.435068
 11
65.525176
 21
-15.27713200000001
  0
LINE
  5
724
100
AcDbEntity
  8
parts layout
  6
CONTINUOUS
 62
  256
370
   -1
100
AcDbLine
 10
65.525176
 20
-15.27713200000001
 11
65.566053
 21
-15.124577
  0
LINE
  5
725
100
AcDbEntity
  8
parts layout
  6
CONTINUOUS
 62
  256
370
   -1
100
AcDbLine
 10
65.566053
 20
-15.124577
 11
65.645021
 21
-14.987799
  0
LINE
  5
726
100
AcDbEntity
  8
parts layout
  6
CONTINUOUS
 62
  256
370
   -1
100
AcDbLine
 10
65.645021
 20
-14.987799
 11
65.75669899999998
 21
-14.876121
  0
LINE
  5
727
100
AcDbEntity
  8
parts layout
  6
CONTINUOUS
 62
  256
370
   -1
100
AcDbLine
 10
65.75669899999998
 20
-14.876121
 11
65.893477
 21
-14.79715300000001
  0
LINE
  5
728
100
AcDbEntity
  8
parts layout
  6
CONTINUOUS
 62
  256
370
   -1
100
AcDbLine
 10
65.893477
 20
-14.79715300000001
 11
66.04603199999998
 21
-14.756276
  0
LINE
  5
729
100
AcDbEntity
  8
parts layout
  6
CONTINUOUS
 62
  256
370
   -1
100
AcDbLine
 10
66.04603199999998
 20
-14.756276
 11
66.20396799999999
 21
-14.756276
  0
LINE
  5
72A
100
AcDbEntity
  8
parts layout
  6
CONTINUOUS
 62
  256
370
   -1
100
AcDbLine
 10
66.20396799999999
 20
-14.756276
 11
66.356523
 21
-14.79715300000001
  0
LINE
  5
72B
100
AcDbEntity
  8
parts layout
  6
CONTINUOUS
 62
  256
370
   -1
100
AcDbLine
 10
-53.560368
 20
-9.502541000000008
 11
-53.533332
 21
-9.513739999999999
  0
LINE
  5
72C
100
AcDbEntity
  8
parts layout
  6
CONTINUOUS
 62
  256
370
   -1
100
AcDbLine
 10
-53.533332
 20
-9.513739999999999
 11
-53.51264
 21
-9.534431999999995
  0
LINE
  5
72D
100
AcDbEntity
  8
parts layout
  6
CONTINUOUS
 62
  256
370
   -1
100
AcDbLine
 10
-53.51264
 20
-9.534431999999995
 11
-53.501441
 21
-9.561468000000005
  0
LINE
  5
72E
100
AcDbEntity
  8
parts layout
  6
CONTINUOUS
 62
  256
370
   -1
100
AcDbLine
 10
-53.501441
 20
-9.561468000000005
 11
-53.5
 21
-9.576099999999997
  0
LINE
  5
72F
100
AcDbEntity
  8
parts layout
  6
CONTINUOUS
 62
  256
370
   -1
100
AcDbLine
 10
-53.5
 20
-9.576099999999997
 11
-53.5
 21
-9.926100000000005
  0
LINE
  5
730
100
AcDbEntity
  8
parts layout
  6
CONTINUOUS
 62
  256
370
   -1
100
AcDbLine
 10
-53.5
 20
-9.926100000000005
 11
-53.501441
 21
-9.940731999999997
  0
LINE
  5
731
100
AcDbEntity
  8
parts layout
  6
CONTINUOUS
 62
  256
370
   -1
100
AcDbLine
 10
-53.501441
 20
-9.940731999999997
 11
-53.51264
 21
-9.967768000000007
  0
LINE
  5
732
100
AcDbEntity
  8
parts layout
  6
CONTINUOUS
 62
  256
370
   -1
100
AcDbLine
 10
-53.51264
 20
-9.967768000000007
 11
-53.533332
 21
-9.988460000000003
  0
LINE
  5
733
100
AcDbEntity
  8
parts layout
  6
CONTINUOUS
 62
  256
370
   -1
100
AcDbLine
 10
-53.533332
 20
-9.988460000000003
 11
-53.560368
 21
-9.999659000000008
  0
LINE
  5
734
100
AcDbEntity
  8
parts layout
  6
CONTINUOUS
 62
  256
370
   -1
100
AcDbLine
 10
-53.560368
 20
-9.999659000000008
 11
-53.575
 21
-10.00110000000001
  0
LINE
  5
735
100
AcDbEntity
  8
parts layout
  6
CONTINUOUS
 62
  256
370
   -1
100
AcDbLine
 10
-53.575
 20
-10.00110000000001
 11
-53.72
 21
-10.00110000000001
  0
LINE
  5
736
100
AcDbEntity
  8
parts layout
  6
CONTINUOUS
 62
  256
370
   -1
100
AcDbLine
 10
-53.72
 20
-10.00110000000001
 11
-53.72
 21
-12.086562
  0
LINE
  5
737
100
AcDbEntity
  8
parts layout
  6
CONTINUOUS
 62
  256
370
   -1
100
AcDbLine
 10
-53.72
 20
-12.086562
 11
-53.684904
 21
-12.1011
  0
LINE
  5
738
100
AcDbEntity
  8
parts layout
  6
CONTINUOUS
 62
  256
370
   -1
100
AcDbLine
 10
-53.684904
 20
-12.1011
 11
-53.575
 21
-12.1011
  0
LINE
  5
739
100
AcDbEntity
  8
parts layout
  6
CONTINUOUS
 62
  256
370
   -1
100
AcDbLine
 10
-53.575
 20
-12.1011
 11
-53.560368
 21
-12.102541
  0
LINE
  5
73A
100
AcDbEntity
  8
parts layout
  6
CONTINUOUS
 62
  256
370
   -1
100
AcDbLine
 10
-53.560368
 20
-12.102541
 11
-53.533332
 21
-12.11374000000001
  0
LINE
  5
73B
100
AcDbEntity
  8
parts layout
  6
CONTINUOUS
 62
  256
370
   -1
100
AcDbLine
 10
-53.533332
 20
-12.11374000000001
 11
-53.51264
 21
-12.134432
  0
LINE
  5
73C
100
AcDbEntity
  8
parts layout
  6
CONTINUOUS
 62
  256
370
   -1
100
AcDbLine
 10
-53.51264
 20
-12.134432
 11
-53.501441
 21
-12.161468
  0
LINE
  5
73D
100
AcDbEntity
  8
parts layout
  6
CONTINUOUS
 62
  256
370
   -1
100
AcDbLine
 10
-53.501441
 20
-12.161468
 11
-53.5
 21
-12.17610000000001
  0
LINE
  5
73E
100
AcDbEntity
  8
parts layout
  6
CONTINUOUS
 62
  256
370
   -1
100
AcDbLine
 10
-53.5
 20
-12.17610000000001
 11
-53.5
 21
-13.17610000000001
  0
LINE
  5
73F
100
AcDbEntity
  8
parts layout
  6
CONTINUOUS
 62
  256
370
   -1
100
AcDbLine
 10
-53.5
 20
-13.17610000000001
 11
-53.501441
 21
-13.190732
  0
LINE
  5
740
100
AcDbEntity
  8
parts layout
  6
CONTINUOUS
 62
  256
370
   -1
100
AcDbLine
 10
-53.501441
 20
-13.190732
 11
-53.51264
 21
-13.21776800000001
  0
LINE
  5
741
100
AcDbEntity
  8
parts layout
  6
CONTINUOUS
 62
  256
370
   -1
100
AcDbLine
 10
-53.51264
 20
-13.21776800000001
 11
-53.533332
 21
-13.23846
  0
LINE
  5
742
100
AcDbEntity
  8
parts layout
  6
CONTINUOUS
 62
  256
370
   -1
100
AcDbLine
 10
-53.533332
 20
-13.23846
 11
-53.560368
 21
-13.24965900000001
  0
LINE
  5
743
100
AcDbEntity
  8
parts layout
  6
CONTINUOUS
 62
  256
370
   -1
100
AcDbLine
 10
-53.560368
 20
-13.24965900000001
 11
-53.575
 21
-13.25110000000001
  0
LINE
  5
744
100
AcDbEntity
  8
parts layout
  6
CONTINUOUS
 62
  256
370
   -1
100
AcDbLine
 10
-53.575
 20
-13.25110000000001
 11
-58.575
 21
-13.25110000000001
  0
LINE
  5
745
100
AcDbEntity
  8
parts layout
  6
CONTINUOUS
 62
  256
370
   -1
100
AcDbLine
 10
-58.575
 20
-13.25110000000001
 11
-58.576767
 21
-13.25092600000001
  0
LINE
  5
746
100
AcDbEntity
  8
parts layout
  6
CONTINUOUS
 62
  256
370
   -1
100
AcDbLine
 10
-58.576767
 20
-13.25092600000001
 11
-58.577246
 21
-13.25106600000001
  0
LINE
  5
747
100
AcDbEntity
  8
parts layout
  6
CONTINUOUS
 62
  256
370
   -1
100
AcDbLine
 10
-58.577246
 20
-13.25106600000001
 11
-58.705385
 21
-13.247162
  0
LINE
  5
748
100
AcDbEntity
  8
parts layout
  6
CONTINUOUS
 62
  256
370
   -1
100
AcDbLine
 10
-58.705385
 20
-13.247162
 11
-58.855759
 21
-13.26106900000001
  0
LINE
  5
749
100
AcDbEntity
  8
parts layout
  6
CONTINUOUS
 62
  256
370
   -1
100
AcDbLine
 10
-58.855759
 20
-13.26106900000001
 11
-58.860109
 21
-13.262721
  0
LINE
  5
74A
100
AcDbEntity
  8
parts layout
  6
CONTINUOUS
 62
  256
370
   -1
100
AcDbLine
 10
-58.860109
 20
-13.262721
 11
-58.979032
 21
-13.274767
  0
LINE
  5
74B
100
AcDbEntity
  8
parts layout
  6
CONTINUOUS
 62
  256
370
   -1
100
AcDbLine
 10
-58.979032
 20
-13.274767
 11
-59.211222
 21
-13.325327
  0
LINE
  5
74C
100
AcDbEntity
  8
parts layout
  6
CONTINUOUS
 62
  256
370
   -1
100
AcDbLine
 10
-59.211222
 20
-13.325327
 11
-59.453235
 21
-13.410004
  0
LINE
  5
74D
100
AcDbEntity
  8
parts layout
  6
CONTINUOUS
 62
  256
370
   -1
100
AcDbLine
 10
-59.453235
 20
-13.410004
 11
-59.683124
 21
-13.523544
  0
LINE
  5
74E
100
AcDbEntity
  8
parts layout
  6
CONTINUOUS
 62
  256
370
   -1
100
AcDbLine
 10
-59.683124
 20
-13.523544
 11
-59.897462
 21
-13.664254
  0
LINE
  5
74F
100
AcDbEntity
  8
parts layout
  6
CONTINUOUS
 62
  256
370
   -1
100
AcDbLine
 10
-59.897462
 20
-13.664254
 11
-60.093054
 21
-13.83003600000001
  0
LINE
  5
750
100
AcDbEntity
  8
parts layout
  6
CONTINUOUS
 62
  256
370
   -1
100
AcDbLine
 10
-60.093054
 20
-13.83003600000001
 11
-60.266985
 21
-14.01841900000001
  0
LINE
  5
751
100
AcDbEntity
  8
parts layout
  6
CONTINUOUS
 62
  256
370
   -1
100
AcDbLine
 10
-60.266985
 20
-14.01841900000001
 11
-60.416662
 21
-14.226595
  0
LINE
  5
752
100
AcDbEntity
  8
parts layout
  6
CONTINUOUS
 62
  256
370
   -1
100
AcDbLine
 10
-60.416662
 20
-14.226595
 11
-60.539852
 21
-14.45146100000001
  0
LINE
  5
753
100
AcDbEntity
  8
parts layout
  6
CONTINUOUS
 62
  256
370
   -1
100
AcDbLine
 10
-60.539852
 20
-14.45146100000001
 11
-60.63472
 21
-14.689663
  0
LINE
  5
754
100
AcDbEntity
  8
parts layout
  6
CONTINUOUS
 62
  256
370
   -1
100
AcDbLine
 10
-60.63472
 20
-14.689663
 11
-60.699851
 21
-14.937651
  0
LINE
  5
755
100
AcDbEntity
  8
parts layout
  6
CONTINUOUS
 62
  256
370
   -1
100
AcDbLine
 10
-60.699851
 20
-14.937651
 11
-60.716997
 21
-15.06469800000001
  0
LINE
  5
756
100
AcDbEntity
  8
parts layout
  6
CONTINUOUS
 62
  256
370
   -1
100
AcDbLine
 10
-60.716997
 20
-15.06469800000001
 11
-60.721441
 21
-15.073925
  0
LINE
  5
757
100
AcDbEntity
  8
parts layout
  6
CONTINUOUS
 62
  256
370
   -1
100
AcDbLine
 10
-60.721441
 20
-15.073925
 11
-60.721441
 21
-15.090732
  0
LINE
  5
758
100
AcDbEntity
  8
parts layout
  6
CONTINUOUS
 62
  256
370
   -1
100
AcDbLine
 10
-60.721441
 20
-15.090732
 11
-60.73264
 21
-15.117768
  0
LINE
  5
759
100
AcDbEntity
  8
parts layout
  6
CONTINUOUS
 62
  256
370
   -1
100
AcDbLine
 10
-60.73264
 20
-15.117768
 11
-60.753332
 21
-15.13846000000001
  0
LINE
  5
75A
100
AcDbEntity
  8
parts layout
  6
CONTINUOUS
 62
  256
370
   -1
100
AcDbLine
 10
-60.753332
 20
-15.13846000000001
 11
-60.780368
 21
-15.149659
  0
LINE
  5
75B
100
AcDbEntity
  8
parts layout
  6
CONTINUOUS
 62
  256
370
   -1
100
AcDbLine
 10
-60.780368
 20
-15.149659
 11
-60.795
 21
-15.1511
  0
LINE
  5
75C
100
AcDbEntity
  8
parts layout
  6
CONTINUOUS
 62
  256
370
   -1
100
AcDbLine
 10
-60.795
 20
-15.1511
 11
-64.07499999999999
 21
-15.1511
  0
LINE
  5
75D
100
AcDbEntity
  8
parts layout
  6
CONTINUOUS
 62
  256
370
   -1
100
AcDbLine
 10
-64.07499999999999
 20
-15.1511
 11
-64.08963199999999
 21
-15.149659
  0
LINE
  5
75E
100
AcDbEntity
  8
parts layout
  6
CONTINUOUS
 62
  256
370
   -1
100
AcDbLine
 10
-64.08963199999999
 20
-15.149659
 11
-64.116668
 21
-15.13846000000001
  0
LINE
  5
75F
100
AcDbEntity
  8
parts layout
  6
CONTINUOUS
 62
  256
370
   -1
100
AcDbLine
 10
-64.116668
 20
-15.13846000000001
 11
-64.13736
 21
-15.117768
  0
LINE
  5
760
100
AcDbEntity
  8
parts layout
  6
CONTINUOUS
 62
  256
370
   -1
100
AcDbLine
 10
-64.13736
 20
-15.117768
 11
-64.14855900000001
 21
-15.090732
  0
LINE
  5
761
100
AcDbEntity
  8
parts layout
  6
CONTINUOUS
 62
  256
370
   -1
100
AcDbLine
 10
-64.14855900000001
 20
-15.090732
 11
-64.15000000000001
 21
-15.0761
  0
LINE
  5
762
100
AcDbEntity
  8
parts layout
  6
CONTINUOUS
 62
  256
370
   -1
100
AcDbLine
 10
-64.15000000000001
 20
-15.0761
 11
-64.15000000000001
 21
-14.7161
  0
LINE
  5
763
100
AcDbEntity
  8
parts layout
  6
CONTINUOUS
 62
  256
370
   -1
100
AcDbLine
 10
-64.15000000000001
 20
-14.7161
 11
-64.14855900000001
 21
-14.70146800000001
  0
LINE
  5
764
100
AcDbEntity
  8
parts layout
  6
CONTINUOUS
 62
  256
370
   -1
100
AcDbLine
 10
-64.14855900000001
 20
-14.70146800000001
 11
-64.13736
 21
-14.674432
  0
LINE
  5
765
100
AcDbEntity
  8
parts layout
  6
CONTINUOUS
 62
  256
370
   -1
100
AcDbLine
 10
-64.13736
 20
-14.674432
 11
-64.116668
 21
-14.65374
  0
LINE
  5
766
100
AcDbEntity
  8
parts layout
  6
CONTINUOUS
 62
  256
370
   -1
100
AcDbLine
 10
-64.116668
 20
-14.65374
 11
-64.08963199999999
 21
-14.64254100000001
  0
LINE
  5
767
100
AcDbEntity
  8
parts layout
  6
CONTINUOUS
 62
  256
370
   -1
100
AcDbLine
 10
-64.08963199999999
 20
-14.64254100000001
 11
-64.07499999999999
 21
-14.64110000000001
  0
LINE
  5
768
100
AcDbEntity
  8
parts layout
  6
CONTINUOUS
 62
  256
370
   -1
100
AcDbLine
 10
-64.07499999999999
 20
-14.64110000000001
 11
-63.948388
 21
-14.64110000000001
  0
LINE
  5
769
100
AcDbEntity
  8
parts layout
  6
CONTINUOUS
 62
  256
370
   -1
100
AcDbLine
 10
-63.948388
 20
-14.64110000000001
 11
-63.923773
 21
-14.630904
  0
LINE
  5
76A
100
AcDbEntity
  8
parts layout
  6
CONTINUOUS
 62
  256
370
   -1
100
AcDbLine
 10
-63.923773
 20
-14.630904
 11
-63.92
 21
-14.630532
  0
LINE
  5
76B
100
AcDbEntity
  8
parts layout
  6
CONTINUOUS
 62
  256
370
   -1
100
AcDbLine
 10
-63.92
 20
-14.630532
 11
-63.92
 21
-12.55110000000001
  0
LINE
  5
76C
100
AcDbEntity
  8
parts layout
  6
CONTINUOUS
 62
  256
370
   -1
100
AcDbLine
 10
-63.92
 20
-12.55110000000001
 11
-64.07499999999999
 21
-12.55110000000001
  0
LINE
  5
76D
100
AcDbEntity
  8
parts layout
  6
CONTINUOUS
 62
  256
370
   -1
100
AcDbLine
 10
-64.07499999999999
 20
-12.55110000000001
 11
-64.08963199999999
 21
-12.54965900000001
  0
LINE
  5
76E
100
AcDbEntity
  8
parts layout
  6
CONTINUOUS
 62
  256
370
   -1
100
AcDbLine
 10
-64.08963199999999
 20
-12.54965900000001
 11
-64.116668
 21
-12.53846
  0
LINE
  5
76F
100
AcDbEntity
  8
parts layout
  6
CONTINUOUS
 62
  256
370
   -1
100
AcDbLine
 10
-64.116668
 20
-12.53846
 11
-64.13736
 21
-12.517768
  0
LINE
  5
770
100
AcDbEntity
  8
parts layout
  6
CONTINUOUS
 62
  256
370
   -1
100
AcDbLine
 10
-64.13736
 20
-12.517768
 11
-64.14855900000001
 21
-12.49073200000001
  0
LINE
  5
771
100
AcDbEntity
  8
parts layout
  6
CONTINUOUS
 62
  256
370
   -1
100
AcDbLine
 10
-64.14855900000001
 20
-12.49073200000001
 11
-64.15000000000001
 21
-12.4761
  0
LINE
  5
772
100
AcDbEntity
  8
parts layout
  6
CONTINUOUS
 62
  256
370
   -1
100
AcDbLine
 10
-64.15000000000001
 20
-12.4761
 11
-64.15000000000001
 21
-11.4761
  0
LINE
  5
773
100
AcDbEntity
  8
parts layout
  6
CONTINUOUS
 62
  256
370
   -1
100
AcDbLine
 10
-64.15000000000001
 20
-11.4761
 11
-64.149705
 21
-11.4731
  0
LINE
  5
774
100
AcDbEntity
  8
parts layout
  6
CONTINUOUS
 62
  256
370
   -1
100
AcDbLine
 10
-64.149705
 20
-11.4731
 11
-64.149906
 21
-11.472356
  0
LINE
  5
775
100
AcDbEntity
  8
parts layout
  6
CONTINUOUS
 62
  256
370
   -1
100
AcDbLine
 10
-64.149906
 20
-11.472356
 11
-64.11861400000001
 21
-11.202414
  0
LINE
  5
776
100
AcDbEntity
  8
parts layout
  6
CONTINUOUS
 62
  256
370
   -1
100
AcDbLine
 10
-64.11861400000001
 20
-11.202414
 11
-64.05235500000001
 21
-10.93886500000001
  0
LINE
  5
777
100
AcDbEntity
  8
parts layout
  6
CONTINUOUS
 62
  256
370
   -1
100
AcDbLine
 10
-64.05235500000001
 20
-10.93886500000001
 11
-63.952263
 21
-10.68622000000001
  0
LINE
  5
778
100
AcDbEntity
  8
parts layout
  6
CONTINUOUS
 62
  256
370
   -1
100
AcDbLine
 10
-63.952263
 20
-10.68622000000001
 11
-63.82005
 21
-10.448801
  0
LINE
  5
779
100
AcDbEntity
  8
parts layout
  6
CONTINUOUS
 62
  256
370
   -1
100
AcDbLine
 10
-63.82005
 20
-10.448801
 11
-63.657979
 21
-10.230671
  0
LINE
  5
77A
100
AcDbEntity
  8
parts layout
  6
CONTINUOUS
 62
  256
370
   -1
100
AcDbLine
 10
-63.657979
 20
-10.230671
 11
-63.468823
 21
-10.035561
  0
LINE
  5
77B
100
AcDbEntity
  8
parts layout
  6
CONTINUOUS
 62
  256
370
   -1
100
AcDbLine
 10
-63.468823
 20
-10.035561
 11
-63.255817
 21
-9.866810000000001
  0
LINE
  5
77C
100
AcDbEntity
  8
parts layout
  6
CONTINUOUS
 62
  256
370
   -1
100
AcDbLine
 10
-63.255817
 20
-9.866810000000001
 11
-63.022608
 21
-9.727305999999999
  0
LINE
  5
77D
100
AcDbEntity
  8
parts layout
  6
CONTINUOUS
 62
  256
370
   -1
100
AcDbLine
 10
-63.022608
 20
-9.727305999999999
 11
-62.773185
 21
-9.619434999999996
  0
LINE
  5
77E
100
AcDbEntity
  8
parts layout
  6
CONTINUOUS
 62
  256
370
   -1
100
AcDbLine
 10
-62.773185
 20
-9.619434999999996
 11
-62.511816
 21
-9.545043000000007
  0
LINE
  5
77F
100
AcDbEntity
  8
parts layout
  6
CONTINUOUS
 62
  256
370
   -1
100
AcDbLine
 10
-62.511816
 20
-9.545043000000007
 11
-62.242973
 21
-9.505403000000001
  0
LINE
  5
780
100
AcDbEntity
  8
parts layout
  6
CONTINUOUS
 62
  256
370
   -1
100
AcDbLine
 10
-62.242973
 20
-9.505403000000001
 11
-61.976833
 21
-9.501280000000008
  0
LINE
  5
781
100
AcDbEntity
  8
parts layout
  6
CONTINUOUS
 62
  256
370
   -1
100
AcDbLine
 10
-61.976833
 20
-9.501280000000008
 11
-61.975001
 21
-9.501100000000008
  0
LINE
  5
782
100
AcDbEntity
  8
parts layout
  6
CONTINUOUS
 62
  256
370
   -1
100
AcDbLine
 10
-61.975001
 20
-9.501100000000008
 11
-53.575
 21
-9.501100000000008
  0
LINE
  5
783
100
AcDbEntity
  8
parts layout
  6
CONTINUOUS
 62
  256
370
   -1
100
AcDbLine
 10
-53.575
 20
-9.501100000000008
 11
-53.560368
 21
-9.502541000000008
  0
LINE
  5
784
100
AcDbEntity
  8
parts layout
  6
CONTINUOUS
 62
  256
370
   -1
100
AcDbLine
 10
-63.078277
 20
-14.62610000000001
 11
-63.067828
 21
-14.62610000000001
  0
LINE
  5
785
100
AcDbEntity
  8
parts layout
  6
CONTINUOUS
 62
  256
370
   -1
100
AcDbLine
 10
-63.067828
 20
-14.62610000000001
 11
-63.07794
 21
-14.620948
  0
LINE
  5
786
100
AcDbEntity
  8
parts layout
  6
CONTINUOUS
 62
  256
370
   -1
100
AcDbLine
 10
-63.07794
 20
-14.620948
 11
-63.078277
 21
-14.62610000000001
  0
LINE
  5
787
100
AcDbEntity
  8
parts layout
  6
CONTINUOUS
 62
  256
370
   -1
100
AcDbLine
 10
-34.510368
 20
-9.502541000000008
 11
-34.483332
 21
-9.513739999999999
  0
LINE
  5
788
100
AcDbEntity
  8
parts layout
  6
CONTINUOUS
 62
  256
370
   -1
100
AcDbLine
 10
-34.483332
 20
-9.513739999999999
 11
-34.46264000000001
 21
-9.534431999999995
  0
LINE
  5
789
100
AcDbEntity
  8
parts layout
  6
CONTINUOUS
 62
  256
370
   -1
100
AcDbLine
 10
-34.46264000000001
 20
-9.534431999999995
 11
-34.451441
 21
-9.561468000000005
  0
LINE
  5
78A
100
AcDbEntity
  8
parts layout
  6
CONTINUOUS
 62
  256
370
   -1
100
AcDbLine
 10
-34.451441
 20
-9.561468000000005
 11
-34.45
 21
-9.576099999999997
  0
LINE
  5
78B
100
AcDbEntity
  8
parts layout
  6
CONTINUOUS
 62
  256
370
   -1
100
AcDbLine
 10
-34.45
 20
-9.576099999999997
 11
-34.45
 21
-9.926100000000005
  0
LINE
  5
78C
100
AcDbEntity
  8
parts layout
  6
CONTINUOUS
 62
  256
370
   -1
100
AcDbLine
 10
-34.45
 20
-9.926100000000005
 11
-34.451441
 21
-9.940731999999997
  0
LINE
  5
78D
100
AcDbEntity
  8
parts layout
  6
CONTINUOUS
 62
  256
370
   -1
100
AcDbLine
 10
-34.451441
 20
-9.940731999999997
 11
-34.46264000000001
 21
-9.967768000000007
  0
LINE
  5
78E
100
AcDbEntity
  8
parts layout
  6
CONTINUOUS
 62
  256
370
   -1
100
AcDbLine
 10
-34.46264000000001
 20
-9.967768000000007
 11
-34.483332
 21
-9.988460000000003
  0
LINE
  5
78F
100
AcDbEntity
  8
parts layout
  6
CONTINUOUS
 62
  256
370
   -1
100
AcDbLine
 10
-34.483332
 20
-9.988460000000003
 11
-34.510368
 21
-9.999659000000008
  0
LINE
  5
790
100
AcDbEntity
  8
parts layout
  6
CONTINUOUS
 62
  256
370
   -1
100
AcDbLine
 10
-34.510368
 20
-9.999659000000008
 11
-34.52500000000001
 21
-10.00110000000001
  0
LINE
  5
791
100
AcDbEntity
  8
parts layout
  6
CONTINUOUS
 62
  256
370
   -1
100
AcDbLine
 10
-34.52500000000001
 20
-10.00110000000001
 11
-34.67
 21
-10.00110000000001
  0
LINE
  5
792
100
AcDbEntity
  8
parts layout
  6
CONTINUOUS
 62
  256
370
   -1
100
AcDbLine
 10
-34.67
 20
-10.00110000000001
 11
-34.67
 21
-12.086562
  0
LINE
  5
793
100
AcDbEntity
  8
parts layout
  6
CONTINUOUS
 62
  256
370
   -1
100
AcDbLine
 10
-34.67
 20
-12.086562
 11
-34.63490400000001
 21
-12.1011
  0
LINE
  5
794
100
AcDbEntity
  8
parts layout
  6
CONTINUOUS
 62
  256
370
   -1
100
AcDbLine
 10
-34.63490400000001
 20
-12.1011
 11
-34.52500000000001
 21
-12.1011
  0
LINE
  5
795
100
AcDbEntity
  8
parts layout
  6
CONTINUOUS
 62
  256
370
   -1
100
AcDbLine
 10
-34.52500000000001
 20
-12.1011
 11
-34.510368
 21
-12.102541
  0
LINE
  5
796
100
AcDbEntity
  8
parts layout
  6
CONTINUOUS
 62
  256
370
   -1
100
AcDbLine
 10
-34.510368
 20
-12.102541
 11
-34.483332
 21
-12.11374000000001
  0
LINE
  5
797
100
AcDbEntity
  8
parts layout
  6
CONTINUOUS
 62
  256
370
   -1
100
AcDbLine
 10
-34.483332
 20
-12.11374000000001
 11
-34.46264000000001
 21
-12.134432
  0
LINE
  5
798
100
AcDbEntity
  8
parts layout
  6
CONTINUOUS
 62
  256
370
   -1
100
AcDbLine
 10
-34.46264000000001
 20
-12.134432
 11
-34.451441
 21
-12.161468
  0
LINE
  5
799
100
AcDbEntity
  8
parts layout
  6
CONTINUOUS
 62
  256
370
   -1
100
AcDbLine
 10
-34.451441
 20
-12.161468
 11
-34.45
 21
-12.17610000000001
  0
LINE
  5
79A
100
AcDbEntity
  8
parts layout
  6
CONTINUOUS
 62
  256
370
   -1
100
AcDbLine
 10
-34.45
 20
-12.17610000000001
 11
-34.45
 21
-13.17610000000001
  0
LINE
  5
79B
100
AcDbEntity
  8
parts layout
  6
CONTINUOUS
 62
  256
370
   -1
100
AcDbLine
 10
-34.45
 20
-13.17610000000001
 11
-34.451441
 21
-13.190732
  0
LINE
  5
79C
100
AcDbEntity
  8
parts layout
  6
CONTINUOUS
 62
  256
370
   -1
100
AcDbLine
 10
-34.451441
 20
-13.190732
 11
-34.46264000000001
 21
-13.21776800000001
  0
LINE
  5
79D
100
AcDbEntity
  8
parts layout
  6
CONTINUOUS
 62
  256
370
   -1
100
AcDbLine
 10
-34.46264000000001
 20
-13.21776800000001
 11
-34.483332
 21
-13.23846
  0
LINE
  5
79E
100
AcDbEntity
  8
parts layout
  6
CONTINUOUS
 62
  256
370
   -1
100
AcDbLine
 10
-34.483332
 20
-13.23846
 11
-34.510368
 21
-13.24965900000001
  0
LINE
  5
79F
100
AcDbEntity
  8
parts layout
  6
CONTINUOUS
 62
  256
370
   -1
100
AcDbLine
 10
-34.510368
 20
-13.24965900000001
 11
-34.52500000000001
 21
-13.25110000000001
  0
LINE
  5
7A0
100
AcDbEntity
  8
parts layout
  6
CONTINUOUS
 62
  256
370
   -1
100
AcDbLine
 10
-34.52500000000001
 20
-13.25110000000001
 11
-39.52500000000001
 21
-13.25110000000001
  0
LINE
  5
7A1
100
AcDbEntity
  8
parts layout
  6
CONTINUOUS
 62
  256
370
   -1
100
AcDbLine
 10
-39.52500000000001
 20
-13.25110000000001
 11
-39.52676700000001
 21
-13.25092600000001
  0
LINE
  5
7A2
100
AcDbEntity
  8
parts layout
  6
CONTINUOUS
 62
  256
370
   -1
100
AcDbLine
 10
-39.52676700000001
 20
-13.25092600000001
 11
-39.52724600000001
 21
-13.25106600000001
  0
LINE
  5
7A3
100
AcDbEntity
  8
parts layout
  6
CONTINUOUS
 62
  256
370
   -1
100
AcDbLine
 10
-39.52724600000001
 20
-13.25106600000001
 11
-39.655385
 21
-13.247162
  0
LINE
  5
7A4
100
AcDbEntity
  8
parts layout
  6
CONTINUOUS
 62
  256
370
   -1
100
AcDbLine
 10
-39.655385
 20
-13.247162
 11
-39.80575899999999
 21
-13.26106900000001
  0
LINE
  5
7A5
100
AcDbEntity
  8
parts layout
  6
CONTINUOUS
 62
  256
370
   -1
100
AcDbLine
 10
-39.80575899999999
 20
-13.26106900000001
 11
-39.810109
 21
-13.262721
  0
LINE
  5
7A6
100
AcDbEntity
  8
parts layout
  6
CONTINUOUS
 62
  256
370
   -1
100
AcDbLine
 10
-39.810109
 20
-13.262721
 11
-39.92903200000001
 21
-13.274767
  0
LINE
  5
7A7
100
AcDbEntity
  8
parts layout
  6
CONTINUOUS
 62
  256
370
   -1
100
AcDbLine
 10
-39.92903200000001
 20
-13.274767
 11
-40.161222
 21
-13.325327
  0
LINE
  5
7A8
100
AcDbEntity
  8
parts layout
  6
CONTINUOUS
 62
  256
370
   -1
100
AcDbLine
 10
-40.161222
 20
-13.325327
 11
-40.403235
 21
-13.410004
  0
LINE
  5
7A9
100
AcDbEntity
  8
parts layout
  6
CONTINUOUS
 62
  256
370
   -1
100
AcDbLine
 10
-40.403235
 20
-13.410004
 11
-40.633124
 21
-13.523544
  0
LINE
  5
7AA
100
AcDbEntity
  8
parts layout
  6
CONTINUOUS
 62
  256
370
   -1
100
AcDbLine
 10
-40.633124
 20
-13.523544
 11
-40.84746200000001
 21
-13.664254
  0
LINE
  5
7AB
100
AcDbEntity
  8
parts layout
  6
CONTINUOUS
 62
  256
370
   -1
100
AcDbLine
 10
-40.84746200000001
 20
-13.664254
 11
-41.043054
 21
-13.83003600000001
  0
LINE
  5
7AC
100
AcDbEntity
  8
parts layout
  6
CONTINUOUS
 62
  256
370
   -1
100
AcDbLine
 10
-41.043054
 20
-13.83003600000001
 11
-41.21698499999999
 21
-14.01841900000001
  0
LINE
  5
7AD
100
AcDbEntity
  8
parts layout
  6
CONTINUOUS
 62
  256
370
   -1
100
AcDbLine
 10
-41.21698499999999
 20
-14.01841900000001
 11
-41.36666200000001
 21
-14.226595
  0
LINE
  5
7AE
100
AcDbEntity
  8
parts layout
  6
CONTINUOUS
 62
  256
370
   -1
100
AcDbLine
 10
-41.36666200000001
 20
-14.226595
 11
-41.489852
 21
-14.45146100000001
  0
LINE
  5
7AF
100
AcDbEntity
  8
parts layout
  6
CONTINUOUS
 62
  256
370
   -1
100
AcDbLine
 10
-41.489852
 20
-14.45146100000001
 11
-41.58472
 21
-14.689663
  0
LINE
  5
7B0
100
AcDbEntity
  8
parts layout
  6
CONTINUOUS
 62
  256
370
   -1
100
AcDbLine
 10
-41.58472
 20
-14.689663
 11
-41.649851
 21
-14.937651
  0
LINE
  5
7B1
100
AcDbEntity
  8
parts layout
  6
CONTINUOUS
 62
  256
370
   -1
100
AcDbLine
 10
-41.649851
 20
-14.937651
 11
-41.66699699999999
 21
-15.06469800000001
  0
LINE
  5
7B2
100
AcDbEntity
  8
parts layout
  6
CONTINUOUS
 62
  256
370
   -1
100
AcDbLine
 10
-41.66699699999999
 20
-15.06469800000001
 11
-41.671441
 21
-15.073925
  0
LINE
  5
7B3
100
AcDbEntity
  8
parts layout
  6
CONTINUOUS
 62
  256
370
   -1
100
AcDbLine
 10
-41.671441
 20
-15.073925
 11
-41.671441
 21
-15.090732
  0
LINE
  5
7B4
100
AcDbEntity
  8
parts layout
  6
CONTINUOUS
 62
  256
370
   -1
100
AcDbLine
 10
-41.671441
 20
-15.090732
 11
-41.68264000000001
 21
-15.117768
  0
LINE
  5
7B5
100
AcDbEntity
  8
parts layout
  6
CONTINUOUS
 62
  256
370
   -1
100
AcDbLine
 10
-41.68264000000001
 20
-15.117768
 11
-41.703332
 21
-15.13846000000001
  0
LINE
  5
7B6
100
AcDbEntity
  8
parts layout
  6
CONTINUOUS
 62
  256
370
   -1
100
AcDbLine
 10
-41.703332
 20
-15.13846000000001
 11
-41.730368
 21
-15.149659
  0
LINE
  5
7B7
100
AcDbEntity
  8
parts layout
  6
CONTINUOUS
 62
  256
370
   -1
100
AcDbLine
 10
-41.730368
 20
-15.149659
 11
-41.745
 21
-15.1511
  0
LINE
  5
7B8
100
AcDbEntity
  8
parts layout
  6
CONTINUOUS
 62
  256
370
   -1
100
AcDbLine
 10
-41.745
 20
-15.1511
 11
-45.025
 21
-15.1511
  0
LINE
  5
7B9
100
AcDbEntity
  8
parts layout
  6
CONTINUOUS
 62
  256
370
   -1
100
AcDbLine
 10
-45.025
 20
-15.1511
 11
-45.039632
 21
-15.149659
  0
LINE
  5
7BA
100
AcDbEntity
  8
parts layout
  6
CONTINUOUS
 62
  256
370
   -1
100
AcDbLine
 10
-45.039632
 20
-15.149659
 11
-45.066668
 21
-15.13846000000001
  0
LINE
  5
7BB
100
AcDbEntity
  8
parts layout
  6
CONTINUOUS
 62
  256
370
   -1
100
AcDbLine
 10
-45.066668
 20
-15.13846000000001
 11
-45.08736
 21
-15.117768
  0
LINE
  5
7BC
100
AcDbEntity
  8
parts layout
  6
CONTINUOUS
 62
  256
370
   -1
100
AcDbLine
 10
-45.08736
 20
-15.117768
 11
-45.098559
 21
-15.090732
  0
LINE
  5
7BD
100
AcDbEntity
  8
parts layout
  6
CONTINUOUS
 62
  256
370
   -1
100
AcDbLine
 10
-45.098559
 20
-15.090732
 11
-45.1
 21
-15.0761
  0
LINE
  5
7BE
100
AcDbEntity
  8
parts layout
  6
CONTINUOUS
 62
  256
370
   -1
100
AcDbLine
 10
-45.1
 20
-15.0761
 11
-45.1
 21
-14.7161
  0
LINE
  5
7BF
100
AcDbEntity
  8
parts layout
  6
CONTINUOUS
 62
  256
370
   -1
100
AcDbLine
 10
-45.1
 20
-14.7161
 11
-45.098559
 21
-14.70146800000001
  0
LINE
  5
7C0
100
AcDbEntity
  8
parts layout
  6
CONTINUOUS
 62
  256
370
   -1
100
AcDbLine
 10
-45.098559
 20
-14.70146800000001
 11
-45.08736
 21
-14.674432
  0
LINE
  5
7C1
100
AcDbEntity
  8
parts layout
  6
CONTINUOUS
 62
  256
370
   -1
100
AcDbLine
 10
-45.08736
 20
-14.674432
 11
-45.066668
 21
-14.65374
  0
LINE
  5
7C2
100
AcDbEntity
  8
parts layout
  6
CONTINUOUS
 62
  256
370
   -1
100
AcDbLine
 10
-45.066668
 20
-14.65374
 11
-45.039632
 21
-14.64254100000001
  0
LINE
  5
7C3
100
AcDbEntity
  8
parts layout
  6
CONTINUOUS
 62
  256
370
   -1
100
AcDbLine
 10
-45.039632
 20
-14.64254100000001
 11
-45.025
 21
-14.64110000000001
  0
LINE
  5
7C4
100
AcDbEntity
  8
parts layout
  6
CONTINUOUS
 62
  256
370
   -1
100
AcDbLine
 10
-45.025
 20
-14.64110000000001
 11
-44.898388
 21
-14.64110000000001
  0
LINE
  5
7C5
100
AcDbEntity
  8
parts layout
  6
CONTINUOUS
 62
  256
370
   -1
100
AcDbLine
 10
-44.898388
 20
-14.64110000000001
 11
-44.873773
 21
-14.630904
  0
LINE
  5
7C6
100
AcDbEntity
  8
parts layout
  6
CONTINUOUS
 62
  256
370
   -1
100
AcDbLine
 10
-44.873773
 20
-14.630904
 11
-44.87
 21
-14.630532
  0
LINE
  5
7C7
100
AcDbEntity
  8
parts layout
  6
CONTINUOUS
 62
  256
370
   -1
100
AcDbLine
 10
-44.87
 20
-14.630532
 11
-44.87
 21
-12.55110000000001
  0
LINE
  5
7C8
100
AcDbEntity
  8
parts layout
  6
CONTINUOUS
 62
  256
370
   -1
100
AcDbLine
 10
-44.87
 20
-12.55110000000001
 11
-45.025
 21
-12.55110000000001
  0
LINE
  5
7C9
100
AcDbEntity
  8
parts layout
  6
CONTINUOUS
 62
  256
370
   -1
100
AcDbLine
 10
-45.025
 20
-12.55110000000001
 11
-45.039632
 21
-12.54965900000001
  0
LINE
  5
7CA
100
AcDbEntity
  8
parts layout
  6
CONTINUOUS
 62
  256
370
   -1
100
AcDbLine
 10
-45.039632
 20
-12.54965900000001
 11
-45.066668
 21
-12.53846
  0
LINE
  5
7CB
100
AcDbEntity
  8
parts layout
  6
CONTINUOUS
 62
  256
370
   -1
100
AcDbLine
 10
-45.066668
 20
-12.53846
 11
-45.08736
 21
-12.517768
  0
LINE
  5
7CC
100
AcDbEntity
  8
parts layout
  6
CONTINUOUS
 62
  256
370
   -1
100
AcDbLine
 10
-45.08736
 20
-12.517768
 11
-45.098559
 21
-12.49073200000001
  0
LINE
  5
7CD
100
AcDbEntity
  8
parts layout
  6
CONTINUOUS
 62
  256
370
   -1
100
AcDbLine
 10
-45.098559
 20
-12.49073200000001
 11
-45.1
 21
-12.4761
  0
LINE
  5
7CE
100
AcDbEntity
  8
parts layout
  6
CONTINUOUS
 62
  256
370
   -1
100
AcDbLine
 10
-45.1
 20
-12.4761
 11
-45.1
 21
-11.4761
  0
LINE
  5
7CF
100
AcDbEntity
  8
parts layout
  6
CONTINUOUS
 62
  256
370
   -1
100
AcDbLine
 10
-45.1
 20
-11.4761
 11
-45.099705
 21
-11.4731
  0
LINE
  5
7D0
100
AcDbEntity
  8
parts layout
  6
CONTINUOUS
 62
  256
370
   -1
100
AcDbLine
 10
-45.099705
 20
-11.4731
 11
-45.099906
 21
-11.472356
  0
LINE
  5
7D1
100
AcDbEntity
  8
parts layout
  6
CONTINUOUS
 62
  256
370
   -1
100
AcDbLine
 10
-45.099906
 20
-11.472356
 11
-45.068614
 21
-11.202414
  0
LINE
  5
7D2
100
AcDbEntity
  8
parts layout
  6
CONTINUOUS
 62
  256
370
   -1
100
AcDbLine
 10
-45.068614
 20
-11.202414
 11
-45.002355
 21
-10.93886500000001
  0
LINE
  5
7D3
100
AcDbEntity
  8
parts layout
  6
CONTINUOUS
 62
  256
370
   -1
100
AcDbLine
 10
-45.002355
 20
-10.93886500000001
 11
-44.902263
 21
-10.68622000000001
  0
LINE
  5
7D4
100
AcDbEntity
  8
parts layout
  6
CONTINUOUS
 62
  256
370
   -1
100
AcDbLine
 10
-44.902263
 20
-10.68622000000001
 11
-44.77005
 21
-10.448801
  0
LINE
  5
7D5
100
AcDbEntity
  8
parts layout
  6
CONTINUOUS
 62
  256
370
   -1
100
AcDbLine
 10
-44.77005
 20
-10.448801
 11
-44.607979
 21
-10.230671
  0
LINE
  5
7D6
100
AcDbEntity
  8
parts layout
  6
CONTINUOUS
 62
  256
370
   -1
100
AcDbLine
 10
-44.607979
 20
-10.230671
 11
-44.418823
 21
-10.035561
  0
LINE
  5
7D7
100
AcDbEntity
  8
parts layout
  6
CONTINUOUS
 62
  256
370
   -1
100
AcDbLine
 10
-44.418823
 20
-10.035561
 11
-44.205817
 21
-9.866810000000001
  0
LINE
  5
7D8
100
AcDbEntity
  8
parts layout
  6
CONTINUOUS
 62
  256
370
   -1
100
AcDbLine
 10
-44.205817
 20
-9.866810000000001
 11
-43.97260799999999
 21
-9.727305999999999
  0
LINE
  5
7D9
100
AcDbEntity
  8
parts layout
  6
CONTINUOUS
 62
  256
370
   -1
100
AcDbLine
 10
-43.97260799999999
 20
-9.727305999999999
 11
-43.723185
 21
-9.619434999999996
  0
LINE
  5
7DA
100
AcDbEntity
  8
parts layout
  6
CONTINUOUS
 62
  256
370
   -1
100
AcDbLine
 10
-43.723185
 20
-9.619434999999996
 11
-43.461816
 21
-9.545043000000007
  0
LINE
  5
7DB
100
AcDbEntity
  8
parts layout
  6
CONTINUOUS
 62
  256
370
   -1
100
AcDbLine
 10
-43.461816
 20
-9.545043000000007
 11
-43.19297299999999
 21
-9.505403000000001
  0
LINE
  5
7DC
100
AcDbEntity
  8
parts layout
  6
CONTINUOUS
 62
  256
370
   -1
100
AcDbLine
 10
-43.19297299999999
 20
-9.505403000000001
 11
-42.926833
 21
-9.501280000000008
  0
LINE
  5
7DD
100
AcDbEntity
  8
parts layout
  6
CONTINUOUS
 62
  256
370
   -1
100
AcDbLine
 10
-42.926833
 20
-9.501280000000008
 11
-42.92500099999999
 21
-9.501100000000008
  0
LINE
  5
7DE
100
AcDbEntity
  8
parts layout
  6
CONTINUOUS
 62
  256
370
   -1
100
AcDbLine
 10
-42.92500099999999
 20
-9.501100000000008
 11
-34.52500000000001
 21
-9.501100000000008
  0
LINE
  5
7DF
100
AcDbEntity
  8
parts layout
  6
CONTINUOUS
 62
  256
370
   -1
100
AcDbLine
 10
-34.52500000000001
 20
-9.501100000000008
 11
-34.510368
 21
-9.502541000000008
  0
LINE
  5
7E0
100
AcDbEntity
  8
parts layout
  6
CONTINUOUS
 62
  256
370
   -1
100
AcDbLine
 10
-44.028277
 20
-14.62610000000001
 11
-44.01782799999999
 21
-14.62610000000001
  0
LINE
  5
7E1
100
AcDbEntity
  8
parts layout
  6
CONTINUOUS
 62
  256
370
   -1
100
AcDbLine
 10
-44.01782799999999
 20
-14.62610000000001
 11
-44.02794
 21
-14.620948
  0
LINE
  5
7E2
100
AcDbEntity
  8
parts layout
  6
CONTINUOUS
 62
  256
370
   -1
100
AcDbLine
 10
-44.02794
 20
-14.620948
 11
-44.028277
 21
-14.62610000000001
  0
LINE
  5
7E3
100
AcDbEntity
  8
parts layout
  6
CONTINUOUS
 62
  256
370
   -1
100
AcDbLine
 10
-13.019567
 20
-10.788139
 11
-13.015
 21
-10.8111
  0
LINE
  5
7E4
100
AcDbEntity
  8
parts layout
  6
CONTINUOUS
 62
  256
370
   -1
100
AcDbLine
 10
-13.015
 20
-10.8111
 11
-13.015
 21
-14.7611
  0
LINE
  5
7E5
100
AcDbEntity
  8
parts layout
  6
CONTINUOUS
 62
  256
370
   -1
100
AcDbLine
 10
-13.015
 20
-14.7611
 11
-11.13500000000001
 21
-14.7611
  0
LINE
  5
7E6
100
AcDbEntity
  8
parts layout
  6
CONTINUOUS
 62
  256
370
   -1
100
AcDbLine
 10
-11.13500000000001
 20
-14.7611
 11
-11.13500000000001
 21
-10.8111
  0
LINE
  5
7E7
100
AcDbEntity
  8
parts layout
  6
CONTINUOUS
 62
  256
370
   -1
100
AcDbLine
 10
-11.13500000000001
 20
-10.8111
 11
-11.130433
 21
-10.788139
  0
LINE
  5
7E8
100
AcDbEntity
  8
parts layout
  6
CONTINUOUS
 62
  256
370
   -1
100
AcDbLine
 10
-11.130433
 20
-10.788139
 11
-11.097961
 21
-10.755667
  0
LINE
  5
7E9
100
AcDbEntity
  8
parts layout
  6
CONTINUOUS
 62
  256
370
   -1
100
AcDbLine
 10
-11.097961
 20
-10.755667
 11
-11.05203900000001
 21
-10.755667
  0
LINE
  5
7EA
100
AcDbEntity
  8
parts layout
  6
CONTINUOUS
 62
  256
370
   -1
100
AcDbLine
 10
-11.05203900000001
 20
-10.755667
 11
-11.019567
 21
-10.788139
  0
LINE
  5
7EB
100
AcDbEntity
  8
parts layout
  6
CONTINUOUS
 62
  256
370
   -1
100
AcDbLine
 10
-11.019567
 20
-10.788139
 11
-11.015
 21
-10.8111
  0
LINE
  5
7EC
100
AcDbEntity
  8
parts layout
  6
CONTINUOUS
 62
  256
370
   -1
100
AcDbLine
 10
-11.015
 20
-10.8111
 11
-11.015
 21
-14.8211
  0
LINE
  5
7ED
100
AcDbEntity
  8
parts layout
  6
CONTINUOUS
 62
  256
370
   -1
100
AcDbLine
 10
-11.015
 20
-14.8211
 11
-11.019567
 21
-14.844061
  0
LINE
  5
7EE
100
AcDbEntity
  8
parts layout
  6
CONTINUOUS
 62
  256
370
   -1
100
AcDbLine
 10
-11.019567
 20
-14.844061
 11
-11.05203900000001
 21
-14.87653300000001
  0
LINE
  5
7EF
100
AcDbEntity
  8
parts layout
  6
CONTINUOUS
 62
  256
370
   -1
100
AcDbLine
 10
-11.05203900000001
 20
-14.87653300000001
 11
-11.075
 21
-14.8811
  0
LINE
  5
7F0
100
AcDbEntity
  8
parts layout
  6
CONTINUOUS
 62
  256
370
   -1
100
AcDbLine
 10
-11.075
 20
-14.8811
 11
-13.075
 21
-14.8811
  0
LINE
  5
7F1
100
AcDbEntity
  8
parts layout
  6
CONTINUOUS
 62
  256
370
   -1
100
AcDbLine
 10
-13.075
 20
-14.8811
 11
-13.097961
 21
-14.87653300000001
  0
LINE
  5
7F2
100
AcDbEntity
  8
parts layout
  6
CONTINUOUS
 62
  256
370
   -1
100
AcDbLine
 10
-13.097961
 20
-14.87653300000001
 11
-13.130433
 21
-14.844061
  0
LINE
  5
7F3
100
AcDbEntity
  8
parts layout
  6
CONTINUOUS
 62
  256
370
   -1
100
AcDbLine
 10
-13.130433
 20
-14.844061
 11
-13.13500000000001
 21
-14.8211
  0
LINE
  5
7F4
100
AcDbEntity
  8
parts layout
  6
CONTINUOUS
 62
  256
370
   -1
100
AcDbLine
 10
-13.13500000000001
 20
-14.8211
 11
-13.13500000000001
 21
-10.8111
  0
LINE
  5
7F5
100
AcDbEntity
  8
parts layout
  6
CONTINUOUS
 62
  256
370
   -1
100
AcDbLine
 10
-13.13500000000001
 20
-10.8111
 11
-13.130433
 21
-10.788139
  0
LINE
  5
7F6
100
AcDbEntity
  8
parts layout
  6
CONTINUOUS
 62
  256
370
   -1
100
AcDbLine
 10
-13.130433
 20
-10.788139
 11
-13.097961
 21
-10.755667
  0
LINE
  5
7F7
100
AcDbEntity
  8
parts layout
  6
CONTINUOUS
 62
  256
370
   -1
100
AcDbLine
 10
-13.097961
 20
-10.755667
 11
-13.05203900000001
 21
-10.755667
  0
LINE
  5
7F8
100
AcDbEntity
  8
parts layout
  6
CONTINUOUS
 62
  256
370
   -1
100
AcDbLine
 10
-13.05203900000001
 20
-10.755667
 11
-13.019567
 21
-10.788139
  0
LINE
  5
7F9
100
AcDbEntity
  8
parts layout
  6
CONTINUOUS
 62
  256
370
   -1
100
AcDbLine
 10
25.08043299999999
 20
-10.788139
 11
25.08499999999999
 21
-10.8111
  0
LINE
  5
7FA
100
AcDbEntity
  8
parts layout
  6
CONTINUOUS
 62
  256
370
   -1
100
AcDbLine
 10
25.08499999999999
 20
-10.8111
 11
25.08499999999999
 21
-14.7611
  0
LINE
  5
7FB
100
AcDbEntity
  8
parts layout
  6
CONTINUOUS
 62
  256
370
   -1
100
AcDbLine
 10
25.08499999999999
 20
-14.7611
 11
26.96499999999999
 21
-14.7611
  0
LINE
  5
7FC
100
AcDbEntity
  8
parts layout
  6
CONTINUOUS
 62
  256
370
   -1
100
AcDbLine
 10
26.96499999999999
 20
-14.7611
 11
26.96499999999999
 21
-10.8111
  0
LINE
  5
7FD
100
AcDbEntity
  8
parts layout
  6
CONTINUOUS
 62
  256
370
   -1
100
AcDbLine
 10
26.96499999999999
 20
-10.8111
 11
26.969567
 21
-10.788139
  0
LINE
  5
7FE
100
AcDbEntity
  8
parts layout
  6
CONTINUOUS
 62
  256
370
   -1
100
AcDbLine
 10
26.969567
 20
-10.788139
 11
27.00203900000001
 21
-10.755667
  0
LINE
  5
7FF
100
AcDbEntity
  8
parts layout
  6
CONTINUOUS
 62
  256
370
   -1
100
AcDbLine
 10
27.00203900000001
 20
-10.755667
 11
27.047961
 21
-10.755667
  0
LINE
  5
800
100
AcDbEntity
  8
parts layout
  6
CONTINUOUS
 62
  256
370
   -1
100
AcDbLine
 10
27.047961
 20
-10.755667
 11
27.08043299999999
 21
-10.788139
  0
LINE
  5
801
100
AcDbEntity
  8
parts layout
  6
CONTINUOUS
 62
  256
370
   -1
100
AcDbLine
 10
27.08043299999999
 20
-10.788139
 11
27.08499999999999
 21
-10.8111
  0
LINE
  5
802
100
AcDbEntity
  8
parts layout
  6
CONTINUOUS
 62
  256
370
   -1
100
AcDbLine
 10
27.08499999999999
 20
-10.8111
 11
27.08499999999999
 21
-14.8211
  0
LINE
  5
803
100
AcDbEntity
  8
parts layout
  6
CONTINUOUS
 62
  256
370
   -1
100
AcDbLine
 10
27.08499999999999
 20
-14.8211
 11
27.08043299999999
 21
-14.844061
  0
LINE
  5
804
100
AcDbEntity
  8
parts layout
  6
CONTINUOUS
 62
  256
370
   -1
100
AcDbLine
 10
27.08043299999999
 20
-14.844061
 11
27.047961
 21
-14.87653300000001
  0
LINE
  5
805
100
AcDbEntity
  8
parts layout
  6
CONTINUOUS
 62
  256
370
   -1
100
AcDbLine
 10
27.047961
 20
-14.87653300000001
 11
27.02499999999999
 21
-14.8811
  0
LINE
  5
806
100
AcDbEntity
  8
parts layout
  6
CONTINUOUS
 62
  256
370
   -1
100
AcDbLine
 10
27.02499999999999
 20
-14.8811
 11
25.02499999999999
 21
-14.8811
  0
LINE
  5
807
100
AcDbEntity
  8
parts layout
  6
CONTINUOUS
 62
  256
370
   -1
100
AcDbLine
 10
25.02499999999999
 20
-14.8811
 11
25.00203900000001
 21
-14.87653300000001
  0
LINE
  5
808
100
AcDbEntity
  8
parts layout
  6
CONTINUOUS
 62
  256
370
   -1
100
AcDbLine
 10
25.00203900000001
 20
-14.87653300000001
 11
24.969567
 21
-14.844061
  0
LINE
  5
809
100
AcDbEntity
  8
parts layout
  6
CONTINUOUS
 62
  256
370
   -1
100
AcDbLine
 10
24.969567
 20
-14.844061
 11
24.96499999999999
 21
-14.8211
  0
LINE
  5
80A
100
AcDbEntity
  8
parts layout
  6
CONTINUOUS
 62
  256
370
   -1
100
AcDbLine
 10
24.96499999999999
 20
-14.8211
 11
24.96499999999999
 21
-10.8111
  0
LINE
  5
80B
100
AcDbEntity
  8
parts layout
  6
CONTINUOUS
 62
  256
370
   -1
100
AcDbLine
 10
24.96499999999999
 20
-10.8111
 11
24.969567
 21
-10.788139
  0
LINE
  5
80C
100
AcDbEntity
  8
parts layout
  6
CONTINUOUS
 62
  256
370
   -1
100
AcDbLine
 10
24.969567
 20
-10.788139
 11
25.00203900000001
 21
-10.755667
  0
LINE
  5
80D
100
AcDbEntity
  8
parts layout
  6
CONTINUOUS
 62
  256
370
   -1
100
AcDbLine
 10
25.00203900000001
 20
-10.755667
 11
25.047961
 21
-10.755667
  0
LINE
  5
80E
100
AcDbEntity
  8
parts layout
  6
CONTINUOUS
 62
  256
370
   -1
100
AcDbLine
 10
25.047961
 20
-10.755667
 11
25.08043299999999
 21
-10.788139
  0
LINE
  5
80F
100
AcDbEntity
  8
parts layout
  6
CONTINUOUS
 62
  256
370
   -1
100
AcDbLine
 10
56.338711
 20
-12.70923000000001
 11
56.46368499999998
 21
-12.734089
  0
LINE
  5
810
100
AcDbEntity
  8
parts layout
  6
CONTINUOUS
 62
  256
370
   -1
100
AcDbLine
 10
56.46368499999998
 20
-12.734089
 11
56.581408
 21
-12.78285100000001
  0
LINE
  5
811
100
AcDbEntity
  8
parts layout
  6
CONTINUOUS
 62
  256
370
   -1
100
AcDbLine
 10
56.581408
 20
-12.78285100000001
 11
56.68735600000001
 21
-12.85364300000001
  0
LINE
  5
812
100
AcDbEntity
  8
parts layout
  6
CONTINUOUS
 62
  256
370
   -1
100
AcDbLine
 10
56.68735600000001
 20
-12.85364300000001
 11
56.77745699999998
 21
-12.943744
  0
LINE
  5
813
100
AcDbEntity
  8
parts layout
  6
CONTINUOUS
 62
  256
370
   -1
100
AcDbLine
 10
56.77745699999998
 20
-12.943744
 11
56.848249
 21
-13.04969200000001
  0
LINE
  5
814
100
AcDbEntity
  8
parts layout
  6
CONTINUOUS
 62
  256
370
   -1
100
AcDbLine
 10
56.848249
 20
-13.04969200000001
 11
56.89701100000001
 21
-13.16741500000001
  0
LINE
  5
815
100
AcDbEntity
  8
parts layout
  6
CONTINUOUS
 62
  256
370
   -1
100
AcDbLine
 10
56.89701100000001
 20
-13.16741500000001
 11
56.92187
 21
-13.292389
  0
LINE
  5
816
100
AcDbEntity
  8
parts layout
  6
CONTINUOUS
 62
  256
370
   -1
100
AcDbLine
 10
56.92187
 20
-13.292389
 11
56.92187
 21
-13.419811
  0
LINE
  5
817
100
AcDbEntity
  8
parts layout
  6
CONTINUOUS
 62
  256
370
   -1
100
AcDbLine
 10
56.92187
 20
-13.419811
 11
56.89701100000001
 21
-13.544785
  0
LINE
  5
818
100
AcDbEntity
  8
parts layout
  6
CONTINUOUS
 62
  256
370
   -1
100
AcDbLine
 10
56.89701100000001
 20
-13.544785
 11
56.848249
 21
-13.662508
  0
LINE
  5
819
100
AcDbEntity
  8
parts layout
  6
CONTINUOUS
 62
  256
370
   -1
100
AcDbLine
 10
56.848249
 20
-13.662508
 11
56.77745699999998
 21
-13.768456
  0
LINE
  5
81A
100
AcDbEntity
  8
parts layout
  6
CONTINUOUS
 62
  256
370
   -1
100
AcDbLine
 10
56.77745699999998
 20
-13.768456
 11
56.68735600000001
 21
-13.858557
  0
LINE
  5
81B
100
AcDbEntity
  8
parts layout
  6
CONTINUOUS
 62
  256
370
   -1
100
AcDbLine
 10
56.68735600000001
 20
-13.858557
 11
56.581408
 21
-13.929349
  0
LINE
  5
81C
100
AcDbEntity
  8
parts layout
  6
CONTINUOUS
 62
  256
370
   -1
100
AcDbLine
 10
56.581408
 20
-13.929349
 11
56.46368499999998
 21
-13.978111
  0
LINE
  5
81D
100
AcDbEntity
  8
parts layout
  6
CONTINUOUS
 62
  256
370
   -1
100
AcDbLine
 10
56.46368499999998
 20
-13.978111
 11
56.338711
 21
-14.00297
  0
LINE
  5
81E
100
AcDbEntity
  8
parts layout
  6
CONTINUOUS
 62
  256
370
   -1
100
AcDbLine
 10
56.338711
 20
-14.00297
 11
56.27499999999999
 21
-14.0061
  0
LINE
  5
81F
100
AcDbEntity
  8
parts layout
  6
CONTINUOUS
 62
  256
370
   -1
100
AcDbLine
 10
56.27499999999999
 20
-14.0061
 11
55.37499999999999
 21
-14.0061
  0
LINE
  5
820
100
AcDbEntity
  8
parts layout
  6
CONTINUOUS
 62
  256
370
   -1
100
AcDbLine
 10
55.37499999999999
 20
-14.0061
 11
55.311289
 21
-14.00297
  0
LINE
  5
821
100
AcDbEntity
  8
parts layout
  6
CONTINUOUS
 62
  256
370
   -1
100
AcDbLine
 10
55.311289
 20
-14.00297
 11
55.18631499999999
 21
-13.978111
  0
LINE
  5
822
100
AcDbEntity
  8
parts layout
  6
CONTINUOUS
 62
  256
370
   -1
100
AcDbLine
 10
55.18631499999999
 20
-13.978111
 11
55.06859200000001
 21
-13.929349
  0
LINE
  5
823
100
AcDbEntity
  8
parts layout
  6
CONTINUOUS
 62
  256
370
   -1
100
AcDbLine
 10
55.06859200000001
 20
-13.929349
 11
54.962644
 21
-13.858557
  0
LINE
  5
824
100
AcDbEntity
  8
parts layout
  6
CONTINUOUS
 62
  256
370
   -1
100
AcDbLine
 10
54.962644
 20
-13.858557
 11
54.87254299999999
 21
-13.768456
  0
LINE
  5
825
100
AcDbEntity
  8
parts layout
  6
CONTINUOUS
 62
  256
370
   -1
100
AcDbLine
 10
54.87254299999999
 20
-13.768456
 11
54.80175099999998
 21
-13.662508
  0
LINE
  5
826
100
AcDbEntity
  8
parts layout
  6
CONTINUOUS
 62
  256
370
   -1
100
AcDbLine
 10
54.80175099999998
 20
-13.662508
 11
54.752989
 21
-13.544785
  0
LINE
  5
827
100
AcDbEntity
  8
parts layout
  6
CONTINUOUS
 62
  256
370
   -1
100
AcDbLine
 10
54.752989
 20
-13.544785
 11
54.72813000000001
 21
-13.419811
  0
LINE
  5
828
100
AcDbEntity
  8
parts layout
  6
CONTINUOUS
 62
  256
370
   -1
100
AcDbLine
 10
54.72813000000001
 20
-13.419811
 11
54.72813000000001
 21
-13.292389
  0
LINE
  5
829
100
AcDbEntity
  8
parts layout
  6
CONTINUOUS
 62
  256
370
   -1
100
AcDbLine
 10
54.72813000000001
 20
-13.292389
 11
54.752989
 21
-13.16741500000001
  0
LINE
  5
82A
100
AcDbEntity
  8
parts layout
  6
CONTINUOUS
 62
  256
370
   -1
100
AcDbLine
 10
54.752989
 20
-13.16741500000001
 11
54.80175099999998
 21
-13.04969200000001
  0
LINE
  5
82B
100
AcDbEntity
  8
parts layout
  6
CONTINUOUS
 62
  256
370
   -1
100
AcDbLine
 10
54.80175099999998
 20
-13.04969200000001
 11
54.87254299999999
 21
-12.943744
  0
LINE
  5
82C
100
AcDbEntity
  8
parts layout
  6
CONTINUOUS
 62
  256
370
   -1
100
AcDbLine
 10
54.87254299999999
 20
-12.943744
 11
54.962644
 21
-12.85364300000001
  0
LINE
  5
82D
100
AcDbEntity
  8
parts layout
  6
CONTINUOUS
 62
  256
370
   -1
100
AcDbLine
 10
54.962644
 20
-12.85364300000001
 11
55.06859200000001
 21
-12.78285100000001
  0
LINE
  5
82E
100
AcDbEntity
  8
parts layout
  6
CONTINUOUS
 62
  256
370
   -1
100
AcDbLine
 10
55.06859200000001
 20
-12.78285100000001
 11
55.18631499999999
 21
-12.734089
  0
LINE
  5
82F
100
AcDbEntity
  8
parts layout
  6
CONTINUOUS
 62
  256
370
   -1
100
AcDbLine
 10
55.18631499999999
 20
-12.734089
 11
55.311289
 21
-12.70923000000001
  0
LINE
  5
830
100
AcDbEntity
  8
parts layout
  6
CONTINUOUS
 62
  256
370
   -1
100
AcDbLine
 10
55.311289
 20
-12.70923000000001
 11
55.37499999999999
 21
-12.70610000000001
  0
LINE
  5
831
100
AcDbEntity
  8
parts layout
  6
CONTINUOUS
 62
  256
370
   -1
100
AcDbLine
 10
55.37499999999999
 20
-12.70610000000001
 11
56.27499999999999
 21
-12.70610000000001
  0
LINE
  5
832
100
AcDbEntity
  8
parts layout
  6
CONTINUOUS
 62
  256
370
   -1
100
AcDbLine
 10
56.27499999999999
 20
-12.70610000000001
 11
56.338711
 21
-12.70923000000001
  0
LINE
  5
833
100
AcDbEntity
  8
parts layout
  6
CONTINUOUS
 62
  256
370
   -1
100
AcDbLine
 10
6.030433000000002
 20
-8.883139
 11
6.034999999999997
 21
-8.906100000000009
  0
LINE
  5
834
100
AcDbEntity
  8
parts layout
  6
CONTINUOUS
 62
  256
370
   -1
100
AcDbLine
 10
6.034999999999997
 20
-8.906100000000009
 11
6.034999999999997
 21
-12.8561
  0
LINE
  5
835
100
AcDbEntity
  8
parts layout
  6
CONTINUOUS
 62
  256
370
   -1
100
AcDbLine
 10
6.034999999999997
 20
-12.8561
 11
7.914999999999992
 21
-12.8561
  0
LINE
  5
836
100
AcDbEntity
  8
parts layout
  6
CONTINUOUS
 62
  256
370
   -1
100
AcDbLine
 10
7.914999999999992
 20
-12.8561
 11
7.914999999999992
 21
-8.906100000000009
  0
LINE
  5
837
100
AcDbEntity
  8
parts layout
  6
CONTINUOUS
 62
  256
370
   -1
100
AcDbLine
 10
7.914999999999992
 20
-8.906100000000009
 11
7.919567000000001
 21
-8.883139
  0
LINE
  5
838
100
AcDbEntity
  8
parts layout
  6
CONTINUOUS
 62
  256
370
   -1
100
AcDbLine
 10
7.919567000000001
 20
-8.883139
 11
7.952038999999999
 21
-8.850667000000001
  0
LINE
  5
839
100
AcDbEntity
  8
parts layout
  6
CONTINUOUS
 62
  256
370
   -1
100
AcDbLine
 10
7.952038999999999
 20
-8.850667000000001
 11
7.997961000000004
 21
-8.850667000000001
  0
LINE
  5
83A
100
AcDbEntity
  8
parts layout
  6
CONTINUOUS
 62
  256
370
   -1
100
AcDbLine
 10
7.997961000000004
 20
-8.850667000000001
 11
8.030433000000002
 21
-8.883139
  0
LINE
  5
83B
100
AcDbEntity
  8
parts layout
  6
CONTINUOUS
 62
  256
370
   -1
100
AcDbLine
 10
8.030433000000002
 20
-8.883139
 11
8.034999999999997
 21
-8.906100000000009
  0
LINE
  5
83C
100
AcDbEntity
  8
parts layout
  6
CONTINUOUS
 62
  256
370
   -1
100
AcDbLine
 10
8.034999999999997
 20
-8.906100000000009
 11
8.034999999999997
 21
-12.9161
  0
LINE
  5
83D
100
AcDbEntity
  8
parts layout
  6
CONTINUOUS
 62
  256
370
   -1
100
AcDbLine
 10
8.034999999999997
 20
-12.9161
 11
8.030433000000002
 21
-12.939061
  0
LINE
  5
83E
100
AcDbEntity
  8
parts layout
  6
CONTINUOUS
 62
  256
370
   -1
100
AcDbLine
 10
8.030433000000002
 20
-12.939061
 11
7.997961000000004
 21
-12.97153300000001
  0
LINE
  5
83F
100
AcDbEntity
  8
parts layout
  6
CONTINUOUS
 62
  256
370
   -1
100
AcDbLine
 10
7.997961000000004
 20
-12.97153300000001
 11
7.974999999999994
 21
-12.9761
  0
LINE
  5
840
100
AcDbEntity
  8
parts layout
  6
CONTINUOUS
 62
  256
370
   -1
100
AcDbLine
 10
7.974999999999994
 20
-12.9761
 11
5.974999999999994
 21
-12.9761
  0
LINE
  5
841
100
AcDbEntity
  8
parts layout
  6
CONTINUOUS
 62
  256
370
   -1
100
AcDbLine
 10
5.974999999999994
 20
-12.9761
 11
5.952038999999999
 21
-12.97153300000001
  0
LINE
  5
842
100
AcDbEntity
  8
parts layout
  6
CONTINUOUS
 62
  256
370
   -1
100
AcDbLine
 10
5.952038999999999
 20
-12.97153300000001
 11
5.919567000000001
 21
-12.939061
  0
LINE
  5
843
100
AcDbEntity
  8
parts layout
  6
CONTINUOUS
 62
  256
370
   -1
100
AcDbLine
 10
5.919567000000001
 20
-12.939061
 11
5.914999999999992
 21
-12.9161
  0
LINE
  5
844
100
AcDbEntity
  8
parts layout
  6
CONTINUOUS
 62
  256
370
   -1
100
AcDbLine
 10
5.914999999999992
 20
-12.9161
 11
5.914999999999992
 21
-8.906100000000009
  0
LINE
  5
845
100
AcDbEntity
  8
parts layout
  6
CONTINUOUS
 62
  256
370
   -1
100
AcDbLine
 10
5.914999999999992
 20
-8.906100000000009
 11
5.919567000000001
 21
-8.883139
  0
LINE
  5
846
100
AcDbEntity
  8
parts layout
  6
CONTINUOUS
 62
  256
370
   -1
100
AcDbLine
 10
5.919567000000001
 20
-8.883139
 11
5.952038999999999
 21
-8.850667000000001
  0
LINE
  5
847
100
AcDbEntity
  8
parts layout
  6
CONTINUOUS
 62
  256
370
   -1
100
AcDbLine
 10
5.952038999999999
 20
-8.850667000000001
 11
5.997961000000004
 21
-8.850667000000001
  0
LINE
  5
848
100
AcDbEntity
  8
parts layout
  6
CONTINUOUS
 62
  256
370
   -1
100
AcDbLine
 10
5.997961000000004
 20
-8.850667000000001
 11
6.030433000000002
 21
-8.883139
  0
LINE
  5
849
100
AcDbEntity
  8
parts layout
  6
CONTINUOUS
 62
  256
370
   -1
100
AcDbLine
 10
41.689632
 20
-5.692541000000006
 11
41.71666799999998
 21
-5.703739999999996
  0
LINE
  5
84A
100
AcDbEntity
  8
parts layout
  6
CONTINUOUS
 62
  256
370
   -1
100
AcDbLine
 10
41.71666799999998
 20
-5.703739999999996
 11
41.73736000000001
 21
-5.724432000000007
  0
LINE
  5
84B
100
AcDbEntity
  8
parts layout
  6
CONTINUOUS
 62
  256
370
   -1
100
AcDbLine
 10
41.73736000000001
 20
-5.724432000000007
 11
41.74855899999999
 21
-5.751468000000003
  0
LINE
  5
84C
100
AcDbEntity
  8
parts layout
  6
CONTINUOUS
 62
  256
370
   -1
100
AcDbLine
 10
41.74855899999999
 20
-5.751468000000003
 11
41.74999999999999
 21
-5.766100000000009
  0
LINE
  5
84D
100
AcDbEntity
  8
parts layout
  6
CONTINUOUS
 62
  256
370
   -1
100
AcDbLine
 10
41.74999999999999
 20
-5.766100000000009
 11
41.74999999999999
 21
-6.116100000000003
  0
LINE
  5
84E
100
AcDbEntity
  8
parts layout
  6
CONTINUOUS
 62
  256
370
   -1
100
AcDbLine
 10
41.74999999999999
 20
-6.116100000000003
 11
41.74855899999999
 21
-6.130732000000009
  0
LINE
  5
84F
100
AcDbEntity
  8
parts layout
  6
CONTINUOUS
 62
  256
370
   -1
100
AcDbLine
 10
41.74855899999999
 20
-6.130732000000009
 11
41.73736000000001
 21
-6.157768000000004
  0
LINE
  5
850
100
AcDbEntity
  8
parts layout
  6
CONTINUOUS
 62
  256
370
   -1
100
AcDbLine
 10
41.73736000000001
 20
-6.157768000000004
 11
41.71666799999998
 21
-6.178460000000001
  0
LINE
  5
851
100
AcDbEntity
  8
parts layout
  6
CONTINUOUS
 62
  256
370
   -1
100
AcDbLine
 10
41.71666799999998
 20
-6.178460000000001
 11
41.689632
 21
-6.189659000000006
  0
LINE
  5
852
100
AcDbEntity
  8
parts layout
  6
CONTINUOUS
 62
  256
370
   -1
100
AcDbLine
 10
41.689632
 20
-6.189659000000006
 11
41.675
 21
-6.191100000000006
  0
LINE
  5
853
100
AcDbEntity
  8
parts layout
  6
CONTINUOUS
 62
  256
370
   -1
100
AcDbLine
 10
41.675
 20
-6.191100000000006
 11
41.52999999999999
 21
-6.191100000000006
  0
LINE
  5
854
100
AcDbEntity
  8
parts layout
  6
CONTINUOUS
 62
  256
370
   -1
100
AcDbLine
 10
41.52999999999999
 20
-6.191100000000006
 11
41.52999999999999
 21
-8.276561999999998
  0
LINE
  5
855
100
AcDbEntity
  8
parts layout
  6
CONTINUOUS
 62
  256
370
   -1
100
AcDbLine
 10
41.52999999999999
 20
-8.276561999999998
 11
41.565096
 21
-8.2911
  0
LINE
  5
856
100
AcDbEntity
  8
parts layout
  6
CONTINUOUS
 62
  256
370
   -1
100
AcDbLine
 10
41.565096
 20
-8.2911
 11
41.675
 21
-8.2911
  0
LINE
  5
857
100
AcDbEntity
  8
parts layout
  6
CONTINUOUS
 62
  256
370
   -1
100
AcDbLine
 10
41.675
 20
-8.2911
 11
41.689632
 21
-8.292541
  0
LINE
  5
858
100
AcDbEntity
  8
parts layout
  6
CONTINUOUS
 62
  256
370
   -1
100
AcDbLine
 10
41.689632
 20
-8.292541
 11
41.71666799999998
 21
-8.303740000000005
  0
LINE
  5
859
100
AcDbEntity
  8
parts layout
  6
CONTINUOUS
 62
  256
370
   -1
100
AcDbLine
 10
41.71666799999998
 20
-8.303740000000005
 11
41.73736000000001
 21
-8.324432000000002
  0
LINE
  5
85A
100
AcDbEntity
  8
parts layout
  6
CONTINUOUS
 62
  256
370
   -1
100
AcDbLine
 10
41.73736000000001
 20
-8.324432000000002
 11
41.74855899999999
 21
-8.351467999999997
  0
LINE
  5
85B
100
AcDbEntity
  8
parts layout
  6
CONTINUOUS
 62
  256
370
   -1
100
AcDbLine
 10
41.74855899999999
 20
-8.351467999999997
 11
41.74999999999999
 21
-8.366100000000003
  0
LINE
  5
85C
100
AcDbEntity
  8
parts layout
  6
CONTINUOUS
 62
  256
370
   -1
100
AcDbLine
 10
41.74999999999999
 20
-8.366100000000003
 11
41.74999999999999
 21
-9.366100000000003
  0
LINE
  5
85D
100
AcDbEntity
  8
parts layout
  6
CONTINUOUS
 62
  256
370
   -1
100
AcDbLine
 10
41.74999999999999
 20
-9.366100000000003
 11
41.74855899999999
 21
-9.380732000000009
  0
LINE
  5
85E
100
AcDbEntity
  8
parts layout
  6
CONTINUOUS
 62
  256
370
   -1
100
AcDbLine
 10
41.74855899999999
 20
-9.380732000000009
 11
41.73736000000001
 21
-9.407768000000004
  0
LINE
  5
85F
100
AcDbEntity
  8
parts layout
  6
CONTINUOUS
 62
  256
370
   -1
100
AcDbLine
 10
41.73736000000001
 20
-9.407768000000004
 11
41.71666799999998
 21
-9.428460000000001
  0
LINE
  5
860
100
AcDbEntity
  8
parts layout
  6
CONTINUOUS
 62
  256
370
   -1
100
AcDbLine
 10
41.71666799999998
 20
-9.428460000000001
 11
41.689632
 21
-9.439659000000006
  0
LINE
  5
861
100
AcDbEntity
  8
parts layout
  6
CONTINUOUS
 62
  256
370
   -1
100
AcDbLine
 10
41.689632
 20
-9.439659000000006
 11
41.675
 21
-9.441100000000006
  0
LINE
  5
862
100
AcDbEntity
  8
parts layout
  6
CONTINUOUS
 62
  256
370
   -1
100
AcDbLine
 10
41.675
 20
-9.441100000000006
 11
36.675
 21
-9.441100000000006
  0
LINE
  5
863
100
AcDbEntity
  8
parts layout
  6
CONTINUOUS
 62
  256
370
   -1
100
AcDbLine
 10
36.675
 20
-9.441100000000006
 11
36.673233
 21
-9.440926000000005
  0
LINE
  5
864
100
AcDbEntity
  8
parts layout
  6
CONTINUOUS
 62
  256
370
   -1
100
AcDbLine
 10
36.673233
 20
-9.440926000000005
 11
36.67275399999998
 21
-9.441066000000006
  0
LINE
  5
865
100
AcDbEntity
  8
parts layout
  6
CONTINUOUS
 62
  256
370
   -1
100
AcDbLine
 10
36.67275399999998
 20
-9.441066000000006
 11
36.54461500000001
 21
-9.437162000000001
  0
LINE
  5
866
100
AcDbEntity
  8
parts layout
  6
CONTINUOUS
 62
  256
370
   -1
100
AcDbLine
 10
36.54461500000001
 20
-9.437162000000001
 11
36.39424100000001
 21
-9.451069000000004
  0
LINE
  5
867
100
AcDbEntity
  8
parts layout
  6
CONTINUOUS
 62
  256
370
   -1
100
AcDbLine
 10
36.39424100000001
 20
-9.451069000000004
 11
36.38989099999999
 21
-9.452720999999997
  0
LINE
  5
868
100
AcDbEntity
  8
parts layout
  6
CONTINUOUS
 62
  256
370
   -1
100
AcDbLine
 10
36.38989099999999
 20
-9.452720999999997
 11
36.270968
 21
-9.464767000000009
  0
LINE
  5
869
100
AcDbEntity
  8
parts layout
  6
CONTINUOUS
 62
  256
370
   -1
100
AcDbLine
 10
36.270968
 20
-9.464767000000009
 11
36.03877799999999
 21
-9.515326999999999
  0
LINE
  5
86A
100
AcDbEntity
  8
parts layout
  6
CONTINUOUS
 62
  256
370
   -1
100
AcDbLine
 10
36.03877799999999
 20
-9.515326999999999
 11
35.79676500000001
 21
-9.600003999999998
  0
LINE
  5
86B
100
AcDbEntity
  8
parts layout
  6
CONTINUOUS
 62
  256
370
   -1
100
AcDbLine
 10
35.79676500000001
 20
-9.600003999999998
 11
35.56687599999999
 21
-9.713543999999999
  0
LINE
  5
86C
100
AcDbEntity
  8
parts layout
  6
CONTINUOUS
 62
  256
370
   -1
100
AcDbLine
 10
35.56687599999999
 20
-9.713543999999999
 11
35.352538
 21
-9.854253999999997
  0
LINE
  5
86D
100
AcDbEntity
  8
parts layout
  6
CONTINUOUS
 62
  256
370
   -1
100
AcDbLine
 10
35.352538
 20
-9.854253999999997
 11
35.15694599999999
 21
-10.020036
  0
LINE
  5
86E
100
AcDbEntity
  8
parts layout
  6
CONTINUOUS
 62
  256
370
   -1
100
AcDbLine
 10
35.15694599999999
 20
-10.020036
 11
34.98301500000001
 21
-10.20841900000001
  0
LINE
  5
86F
100
AcDbEntity
  8
parts layout
  6
CONTINUOUS
 62
  256
370
   -1
100
AcDbLine
 10
34.98301500000001
 20
-10.20841900000001
 11
34.83333799999998
 21
-10.416595
  0
LINE
  5
870
100
AcDbEntity
  8
parts layout
  6
CONTINUOUS
 62
  256
370
   -1
100
AcDbLine
 10
34.83333799999998
 20
-10.416595
 11
34.71014799999999
 21
-10.64146100000001
  0
LINE
  5
871
100
AcDbEntity
  8
parts layout
  6
CONTINUOUS
 62
  256
370
   -1
100
AcDbLine
 10
34.71014799999999
 20
-10.64146100000001
 11
34.61528
 21
-10.87966300000001
  0
LINE
  5
872
100
AcDbEntity
  8
parts layout
  6
CONTINUOUS
 62
  256
370
   -1
100
AcDbLine
 10
34.61528
 20
-10.87966300000001
 11
34.55014899999999
 21
-11.127651
  0
LINE
  5
873
100
AcDbEntity
  8
parts layout
  6
CONTINUOUS
 62
  256
370
   -1
100
AcDbLine
 10
34.55014899999999
 20
-11.127651
 11
34.53300299999999
 21
-11.254698
  0
LINE
  5
874
100
AcDbEntity
  8
parts layout
  6
CONTINUOUS
 62
  256
370
   -1
100
AcDbLine
 10
34.53300299999999
 20
-11.254698
 11
34.52855899999999
 21
-11.263925
  0
LINE
  5
875
100
AcDbEntity
  8
parts layout
  6
CONTINUOUS
 62
  256
370
   -1
100
AcDbLine
 10
34.52855899999999
 20
-11.263925
 11
34.52855899999999
 21
-11.280732
  0
LINE
  5
876
100
AcDbEntity
  8
parts layout
  6
CONTINUOUS
 62
  256
370
   -1
100
AcDbLine
 10
34.52855899999999
 20
-11.280732
 11
34.51735999999998
 21
-11.307768
  0
LINE
  5
877
100
AcDbEntity
  8
parts layout
  6
CONTINUOUS
 62
  256
370
   -1
100
AcDbLine
 10
34.51735999999998
 20
-11.307768
 11
34.49666799999999
 21
-11.32846000000001
  0
LINE
  5
878
100
AcDbEntity
  8
parts layout
  6
CONTINUOUS
 62
  256
370
   -1
100
AcDbLine
 10
34.49666799999999
 20
-11.32846000000001
 11
34.469632
 21
-11.339659
  0
LINE
  5
879
100
AcDbEntity
  8
parts layout
  6
CONTINUOUS
 62
  256
370
   -1
100
AcDbLine
 10
34.469632
 20
-11.339659
 11
34.455
 21
-11.3411
  0
LINE
  5
87A
100
AcDbEntity
  8
parts layout
  6
CONTINUOUS
 62
  256
370
   -1
100
AcDbLine
 10
34.455
 20
-11.3411
 11
31.175
 21
-11.3411
  0
LINE
  5
87B
100
AcDbEntity
  8
parts layout
  6
CONTINUOUS
 62
  256
370
   -1
100
AcDbLine
 10
31.175
 20
-11.3411
 11
31.16036799999999
 21
-11.339659
  0
LINE
  5
87C
100
AcDbEntity
  8
parts layout
  6
CONTINUOUS
 62
  256
370
   -1
100
AcDbLine
 10
31.16036799999999
 20
-11.339659
 11
31.13333200000001
 21
-11.32846000000001
  0
LINE
  5
87D
100
AcDbEntity
  8
parts layout
  6
CONTINUOUS
 62
  256
370
   -1
100
AcDbLine
 10
31.13333200000001
 20
-11.32846000000001
 11
31.11263999999998
 21
-11.307768
  0
LINE
  5
87E
100
AcDbEntity
  8
parts layout
  6
CONTINUOUS
 62
  256
370
   -1
100
AcDbLine
 10
31.11263999999998
 20
-11.307768
 11
31.10144100000001
 21
-11.280732
  0
LINE
  5
87F
100
AcDbEntity
  8
parts layout
  6
CONTINUOUS
 62
  256
370
   -1
100
AcDbLine
 10
31.10144100000001
 20
-11.280732
 11
31.10000000000001
 21
-11.26610000000001
  0
LINE
  5
880
100
AcDbEntity
  8
parts layout
  6
CONTINUOUS
 62
  256
370
   -1
100
AcDbLine
 10
31.10000000000001
 20
-11.26610000000001
 11
31.10000000000001
 21
-10.90610000000001
  0
LINE
  5
881
100
AcDbEntity
  8
parts layout
  6
CONTINUOUS
 62
  256
370
   -1
100
AcDbLine
 10
31.10000000000001
 20
-10.90610000000001
 11
31.10144100000001
 21
-10.891468
  0
LINE
  5
882
100
AcDbEntity
  8
parts layout
  6
CONTINUOUS
 62
  256
370
   -1
100
AcDbLine
 10
31.10144100000001
 20
-10.891468
 11
31.11263999999998
 21
-10.86443200000001
  0
LINE
  5
883
100
AcDbEntity
  8
parts layout
  6
CONTINUOUS
 62
  256
370
   -1
100
AcDbLine
 10
31.11263999999998
 20
-10.86443200000001
 11
31.13333200000001
 21
-10.84374
  0
LINE
  5
884
100
AcDbEntity
  8
parts layout
  6
CONTINUOUS
 62
  256
370
   -1
100
AcDbLine
 10
31.13333200000001
 20
-10.84374
 11
31.16036799999999
 21
-10.83254100000001
  0
LINE
  5
885
100
AcDbEntity
  8
parts layout
  6
CONTINUOUS
 62
  256
370
   -1
100
AcDbLine
 10
31.16036799999999
 20
-10.83254100000001
 11
31.175
 21
-10.83110000000001
  0
LINE
  5
886
100
AcDbEntity
  8
parts layout
  6
CONTINUOUS
 62
  256
370
   -1
100
AcDbLine
 10
31.175
 20
-10.83110000000001
 11
31.30161199999999
 21
-10.83110000000001
  0
LINE
  5
887
100
AcDbEntity
  8
parts layout
  6
CONTINUOUS
 62
  256
370
   -1
100
AcDbLine
 10
31.30161199999999
 20
-10.83110000000001
 11
31.326227
 21
-10.820904
  0
LINE
  5
888
100
AcDbEntity
  8
parts layout
  6
CONTINUOUS
 62
  256
370
   -1
100
AcDbLine
 10
31.326227
 20
-10.820904
 11
31.33
 21
-10.820532
  0
LINE
  5
889
100
AcDbEntity
  8
parts layout
  6
CONTINUOUS
 62
  256
370
   -1
100
AcDbLine
 10
31.33
 20
-10.820532
 11
31.33
 21
-8.741100000000003
  0
LINE
  5
88A
100
AcDbEntity
  8
parts layout
  6
CONTINUOUS
 62
  256
370
   -1
100
AcDbLine
 10
31.33
 20
-8.741100000000003
 11
31.175
 21
-8.741100000000003
  0
LINE
  5
88B
100
AcDbEntity
  8
parts layout
  6
CONTINUOUS
 62
  256
370
   -1
100
AcDbLine
 10
31.175
 20
-8.741100000000003
 11
31.16036799999999
 21
-8.739659000000003
  0
LINE
  5
88C
100
AcDbEntity
  8
parts layout
  6
CONTINUOUS
 62
  256
370
   -1
100
AcDbLine
 10
31.16036799999999
 20
-8.739659000000003
 11
31.13333200000001
 21
-8.728459999999998
  0
LINE
  5
88D
100
AcDbEntity
  8
parts layout
  6
CONTINUOUS
 62
  256
370
   -1
100
AcDbLine
 10
31.13333200000001
 20
-8.728459999999998
 11
31.11263999999998
 21
-8.707768000000002
  0
LINE
  5
88E
100
AcDbEntity
  8
parts layout
  6
CONTINUOUS
 62
  256
370
   -1
100
AcDbLine
 10
31.11263999999998
 20
-8.707768000000002
 11
31.10144100000001
 21
-8.680732000000006
  0
LINE
  5
88F
100
AcDbEntity
  8
parts layout
  6
CONTINUOUS
 62
  256
370
   -1
100
AcDbLine
 10
31.10144100000001
 20
-8.680732000000006
 11
31.10000000000001
 21
-8.6661
  0
LINE
  5
890
100
AcDbEntity
  8
parts layout
  6
CONTINUOUS
 62
  256
370
   -1
100
AcDbLine
 10
31.10000000000001
 20
-8.6661
 11
31.10000000000001
 21
-7.6661
  0
LINE
  5
891
100
AcDbEntity
  8
parts layout
  6
CONTINUOUS
 62
  256
370
   -1
100
AcDbLine
 10
31.10000000000001
 20
-7.6661
 11
31.100295
 21
-7.6631
  0
LINE
  5
892
100
AcDbEntity
  8
parts layout
  6
CONTINUOUS
 62
  256
370
   -1
100
AcDbLine
 10
31.100295
 20
-7.6631
 11
31.100094
 21
-7.662356000000003
  0
LINE
  5
893
100
AcDbEntity
  8
parts layout
  6
CONTINUOUS
 62
  256
370
   -1
100
AcDbLine
 10
31.100094
 20
-7.662356000000003
 11
31.13138600000001
 21
-7.392414000000002
  0
LINE
  5
894
100
AcDbEntity
  8
parts layout
  6
CONTINUOUS
 62
  256
370
   -1
100
AcDbLine
 10
31.13138600000001
 20
-7.392414000000002
 11
31.19764500000001
 21
-7.128865000000005
  0
LINE
  5
895
100
AcDbEntity
  8
parts layout
  6
CONTINUOUS
 62
  256
370
   -1
100
AcDbLine
 10
31.19764500000001
 20
-7.128865000000005
 11
31.297737
 21
-6.876220000000004
  0
LINE
  5
896
100
AcDbEntity
  8
parts layout
  6
CONTINUOUS
 62
  256
370
   -1
100
AcDbLine
 10
31.297737
 20
-6.876220000000004
 11
31.42995000000001
 21
-6.638801000000001
  0
LINE
  5
897
100
AcDbEntity
  8
parts layout
  6
CONTINUOUS
 62
  256
370
   -1
100
AcDbLine
 10
31.42995000000001
 20
-6.638801000000001
 11
31.592021
 21
-6.420670999999999
  0
LINE
  5
898
100
AcDbEntity
  8
parts layout
  6
CONTINUOUS
 62
  256
370
   -1
100
AcDbLine
 10
31.592021
 20
-6.420670999999999
 11
31.781177
 21
-6.225560999999999
  0
LINE
  5
899
100
AcDbEntity
  8
parts layout
  6
CONTINUOUS
 62
  256
370
   -1
100
AcDbLine
 10
31.781177
 20
-6.225560999999999
 11
31.99418300000001
 21
-6.056809999999999
  0
LINE
  5
89A
100
AcDbEntity
  8
parts layout
  6
CONTINUOUS
 62
  256
370
   -1
100
AcDbLine
 10
31.99418300000001
 20
-6.056809999999999
 11
32.22739199999999
 21
-5.917305999999996
  0
LINE
  5
89B
100
AcDbEntity
  8
parts layout
  6
CONTINUOUS
 62
  256
370
   -1
100
AcDbLine
 10
32.22739199999999
 20
-5.917305999999996
 11
32.476815
 21
-5.809435000000008
  0
LINE
  5
89C
100
AcDbEntity
  8
parts layout
  6
CONTINUOUS
 62
  256
370
   -1
100
AcDbLine
 10
32.476815
 20
-5.809435000000008
 11
32.738184
 21
-5.735043000000005
  0
LINE
  5
89D
100
AcDbEntity
  8
parts layout
  6
CONTINUOUS
 62
  256
370
   -1
100
AcDbLine
 10
32.738184
 20
-5.735043000000005
 11
33.00702700000001
 21
-5.695402999999999
  0
LINE
  5
89E
100
AcDbEntity
  8
parts layout
  6
CONTINUOUS
 62
  256
370
   -1
100
AcDbLine
 10
33.00702700000001
 20
-5.695402999999999
 11
33.27316699999999
 21
-5.691280000000006
  0
LINE
  5
89F
100
AcDbEntity
  8
parts layout
  6
CONTINUOUS
 62
  256
370
   -1
100
AcDbLine
 10
33.27316699999999
 20
-5.691280000000006
 11
33.27499899999999
 21
-5.691100000000006
  0
LINE
  5
8A0
100
AcDbEntity
  8
parts layout
  6
CONTINUOUS
 62
  256
370
   -1
100
AcDbLine
 10
33.27499899999999
 20
-5.691100000000006
 11
41.675
 21
-5.691100000000006
  0
LINE
  5
8A1
100
AcDbEntity
  8
parts layout
  6
CONTINUOUS
 62
  256
370
   -1
100
AcDbLine
 10
41.675
 20
-5.691100000000006
 11
41.689632
 21
-5.692541000000006
  0
LINE
  5
8A2
100
AcDbEntity
  8
parts layout
  6
CONTINUOUS
 62
  256
370
   -1
100
AcDbLine
 10
32.171723
 20
-10.81610000000001
 11
32.18217199999999
 21
-10.81610000000001
  0
LINE
  5
8A3
100
AcDbEntity
  8
parts layout
  6
CONTINUOUS
 62
  256
370
   -1
100
AcDbLine
 10
32.18217199999999
 20
-10.81610000000001
 11
32.17206
 21
-10.810948
  0
LINE
  5
8A4
100
AcDbEntity
  8
parts layout
  6
CONTINUOUS
 62
  256
370
   -1
100
AcDbLine
 10
32.17206
 20
-10.810948
 11
32.171723
 21
-10.81610000000001
  0
LINE
  5
8A5
100
AcDbEntity
  8
parts layout
  6
CONTINUOUS
 62
  256
370
   -1
100
AcDbLine
 10
65.61528499999999
 20
-9.149160000000009
 11
65.796397
 21
-9.224179000000007
  0
LINE
  5
8A6
100
AcDbEntity
  8
parts layout
  6
CONTINUOUS
 62
  256
370
   -1
100
AcDbLine
 10
65.796397
 20
-9.224179000000007
 11
65.95939299999999
 21
-9.333089999999999
  0
LINE
  5
8A7
100
AcDbEntity
  8
parts layout
  6
CONTINUOUS
 62
  256
370
   -1
100
AcDbLine
 10
65.95939299999999
 20
-9.333089999999999
 11
66.09801
 21
-9.471707000000009
  0
LINE
  5
8A8
100
AcDbEntity
  8
parts layout
  6
CONTINUOUS
 62
  256
370
   -1
100
AcDbLine
 10
66.09801
 20
-9.471707000000009
 11
66.20692100000001
 21
-9.634703000000002
  0
LINE
  5
8A9
100
AcDbEntity
  8
parts layout
  6
CONTINUOUS
 62
  256
370
   -1
100
AcDbLine
 10
66.20692100000001
 20
-9.634703000000002
 11
66.28194000000001
 21
-9.815815000000001
  0
LINE
  5
8AA
100
AcDbEntity
  8
parts layout
  6
CONTINUOUS
 62
  256
370
   -1
100
AcDbLine
 10
66.28194000000001
 20
-9.815815000000001
 11
66.320185
 21
-10.008083
  0
LINE
  5
8AB
100
AcDbEntity
  8
parts layout
  6
CONTINUOUS
 62
  256
370
   -1
100
AcDbLine
 10
66.320185
 20
-10.008083
 11
66.320185
 21
-10.204117
  0
LINE
  5
8AC
100
AcDbEntity
  8
parts layout
  6
CONTINUOUS
 62
  256
370
   -1
100
AcDbLine
 10
66.320185
 20
-10.204117
 11
66.28194000000001
 21
-10.39638500000001
  0
LINE
  5
8AD
100
AcDbEntity
  8
parts layout
  6
CONTINUOUS
 62
  256
370
   -1
100
AcDbLine
 10
66.28194000000001
 20
-10.39638500000001
 11
66.20692100000001
 21
-10.57749700000001
  0
LINE
  5
8AE
100
AcDbEntity
  8
parts layout
  6
CONTINUOUS
 62
  256
370
   -1
100
AcDbLine
 10
66.20692100000001
 20
-10.57749700000001
 11
66.09801
 21
-10.740493
  0
LINE
  5
8AF
100
AcDbEntity
  8
parts layout
  6
CONTINUOUS
 62
  256
370
   -1
100
AcDbLine
 10
66.09801
 20
-10.740493
 11
65.95939299999999
 21
-10.87911
  0
LINE
  5
8B0
100
AcDbEntity
  8
parts layout
  6
CONTINUOUS
 62
  256
370
   -1
100
AcDbLine
 10
65.95939299999999
 20
-10.87911
 11
65.796397
 21
-10.988021
  0
LINE
  5
8B1
100
AcDbEntity
  8
parts layout
  6
CONTINUOUS
 62
  256
370
   -1
100
AcDbLine
 10
65.796397
 20
-10.988021
 11
65.61528499999999
 21
-11.06304
  0
LINE
  5
8B2
100
AcDbEntity
  8
parts layout
  6
CONTINUOUS
 62
  256
370
   -1
100
AcDbLine
 10
65.61528499999999
 20
-11.06304
 11
65.423017
 21
-11.101285
  0
LINE
  5
8B3
100
AcDbEntity
  8
parts layout
  6
CONTINUOUS
 62
  256
370
   -1
100
AcDbLine
 10
65.423017
 20
-11.101285
 11
65.226983
 21
-11.101285
  0
LINE
  5
8B4
100
AcDbEntity
  8
parts layout
  6
CONTINUOUS
 62
  256
370
   -1
100
AcDbLine
 10
65.226983
 20
-11.101285
 11
65.03471499999999
 21
-11.06304
  0
LINE
  5
8B5
100
AcDbEntity
  8
parts layout
  6
CONTINUOUS
 62
  256
370
   -1
100
AcDbLine
 10
65.03471499999999
 20
-11.06304
 11
64.85360300000001
 21
-10.988021
  0
LINE
  5
8B6
100
AcDbEntity
  8
parts layout
  6
CONTINUOUS
 62
  256
370
   -1
100
AcDbLine
 10
64.85360300000001
 20
-10.988021
 11
64.69060699999999
 21
-10.87911
  0
LINE
  5
8B7
100
AcDbEntity
  8
parts layout
  6
CONTINUOUS
 62
  256
370
   -1
100
AcDbLine
 10
64.69060699999999
 20
-10.87911
 11
64.55199
 21
-10.740493
  0
LINE
  5
8B8
100
AcDbEntity
  8
parts layout
  6
CONTINUOUS
 62
  256
370
   -1
100
AcDbLine
 10
64.55199
 20
-10.740493
 11
64.443079
 21
-10.57749700000001
  0
LINE
  5
8B9
100
AcDbEntity
  8
parts layout
  6
CONTINUOUS
 62
  256
370
   -1
100
AcDbLine
 10
64.443079
 20
-10.57749700000001
 11
64.36806
 21
-10.39638500000001
  0
LINE
  5
8BA
100
AcDbEntity
  8
parts layout
  6
CONTINUOUS
 62
  256
370
   -1
100
AcDbLine
 10
64.36806
 20
-10.39638500000001
 11
64.32981499999998
 21
-10.204117
  0
LINE
  5
8BB
100
AcDbEntity
  8
parts layout
  6
CONTINUOUS
 62
  256
370
   -1
100
AcDbLine
 10
64.32981499999998
 20
-10.204117
 11
64.32981499999998
 21
-10.008083
  0
LINE
  5
8BC
100
AcDbEntity
  8
parts layout
  6
CONTINUOUS
 62
  256
370
   -1
100
AcDbLine
 10
64.32981499999998
 20
-10.008083
 11
64.36806
 21
-9.815815000000001
  0
LINE
  5
8BD
100
AcDbEntity
  8
parts layout
  6
CONTINUOUS
 62
  256
370
   -1
100
AcDbLine
 10
64.36806
 20
-9.815815000000001
 11
64.443079
 21
-9.634703000000002
  0
LINE
  5
8BE
100
AcDbEntity
  8
parts layout
  6
CONTINUOUS
 62
  256
370
   -1
100
AcDbLine
 10
64.443079
 20
-9.634703000000002
 11
64.55199
 21
-9.471707000000009
  0
LINE
  5
8BF
100
AcDbEntity
  8
parts layout
  6
CONTINUOUS
 62
  256
370
   -1
100
AcDbLine
 10
64.55199
 20
-9.471707000000009
 11
64.69060699999999
 21
-9.333089999999999
  0
LINE
  5
8C0
100
AcDbEntity
  8
parts layout
  6
CONTINUOUS
 62
  256
370
   -1
100
AcDbLine
 10
64.69060699999999
 20
-9.333089999999999
 11
64.85360300000001
 21
-9.224179000000007
  0
LINE
  5
8C1
100
AcDbEntity
  8
parts layout
  6
CONTINUOUS
 62
  256
370
   -1
100
AcDbLine
 10
64.85360300000001
 20
-9.224179000000007
 11
65.03471499999999
 21
-9.149160000000009
  0
LINE
  5
8C2
100
AcDbEntity
  8
parts layout
  6
CONTINUOUS
 62
  256
370
   -1
100
AcDbLine
 10
65.03471499999999
 20
-9.149160000000009
 11
65.226983
 21
-9.110915000000006
  0
LINE
  5
8C3
100
AcDbEntity
  8
parts layout
  6
CONTINUOUS
 62
  256
370
   -1
100
AcDbLine
 10
65.226983
 20
-9.110915000000006
 11
65.423017
 21
-9.110915000000006
  0
LINE
  5
8C4
100
AcDbEntity
  8
parts layout
  6
CONTINUOUS
 62
  256
370
   -1
100
AcDbLine
 10
65.423017
 20
-9.110915000000006
 11
65.61528499999999
 21
-9.149160000000009
  0
LINE
  5
8C5
100
AcDbEntity
  8
parts layout
  6
CONTINUOUS
 62
  256
370
   -1
100
AcDbLine
 10
-15.460368
 20
-3.787541000000004
 11
-15.43333200000001
 21
-3.798740000000009
  0
LINE
  5
8C6
100
AcDbEntity
  8
parts layout
  6
CONTINUOUS
 62
  256
370
   -1
100
AcDbLine
 10
-15.43333200000001
 20
-3.798740000000009
 11
-15.41264
 21
-3.819432000000006
  0
LINE
  5
8C7
100
AcDbEntity
  8
parts layout
  6
CONTINUOUS
 62
  256
370
   -1
100
AcDbLine
 10
-15.41264
 20
-3.819432000000006
 11
-15.40144100000001
 21
-3.846468000000002
  0
LINE
  5
8C8
100
AcDbEntity
  8
parts layout
  6
CONTINUOUS
 62
  256
370
   -1
100
AcDbLine
 10
-15.40144100000001
 20
-3.846468000000002
 11
-15.40000000000001
 21
-3.861100000000008
  0
LINE
  5
8C9
100
AcDbEntity
  8
parts layout
  6
CONTINUOUS
 62
  256
370
   -1
100
AcDbLine
 10
-15.40000000000001
 20
-3.861100000000008
 11
-15.40000000000001
 21
-4.211100000000002
  0
LINE
  5
8CA
100
AcDbEntity
  8
parts layout
  6
CONTINUOUS
 62
  256
370
   -1
100
AcDbLine
 10
-15.40000000000001
 20
-4.211100000000002
 11
-15.40144100000001
 21
-4.225732000000008
  0
LINE
  5
8CB
100
AcDbEntity
  8
parts layout
  6
CONTINUOUS
 62
  256
370
   -1
100
AcDbLine
 10
-15.40144100000001
 20
-4.225732000000008
 11
-15.41264
 21
-4.252768000000003
  0
LINE
  5
8CC
100
AcDbEntity
  8
parts layout
  6
CONTINUOUS
 62
  256
370
   -1
100
AcDbLine
 10
-15.41264
 20
-4.252768000000003
 11
-15.43333200000001
 21
-4.27346
  0
LINE
  5
8CD
100
AcDbEntity
  8
parts layout
  6
CONTINUOUS
 62
  256
370
   -1
100
AcDbLine
 10
-15.43333200000001
 20
-4.27346
 11
-15.460368
 21
-4.284659000000005
  0
LINE
  5
8CE
100
AcDbEntity
  8
parts layout
  6
CONTINUOUS
 62
  256
370
   -1
100
AcDbLine
 10
-15.460368
 20
-4.284659000000005
 11
-15.47499999999999
 21
-4.286100000000005
  0
LINE
  5
8CF
100
AcDbEntity
  8
parts layout
  6
CONTINUOUS
 62
  256
370
   -1
100
AcDbLine
 10
-15.47499999999999
 20
-4.286100000000005
 11
-15.62
 21
-4.286100000000005
  0
LINE
  5
8D0
100
AcDbEntity
  8
parts layout
  6
CONTINUOUS
 62
  256
370
   -1
100
AcDbLine
 10
-15.62
 20
-4.286100000000005
 11
-15.62
 21
-6.371561999999997
  0
LINE
  5
8D1
100
AcDbEntity
  8
parts layout
  6
CONTINUOUS
 62
  256
370
   -1
100
AcDbLine
 10
-15.62
 20
-6.371561999999997
 11
-15.58490399999999
 21
-6.386099999999999
  0
LINE
  5
8D2
100
AcDbEntity
  8
parts layout
  6
CONTINUOUS
 62
  256
370
   -1
100
AcDbLine
 10
-15.58490399999999
 20
-6.386099999999999
 11
-15.47499999999999
 21
-6.386099999999999
  0
LINE
  5
8D3
100
AcDbEntity
  8
parts layout
  6
CONTINUOUS
 62
  256
370
   -1
100
AcDbLine
 10
-15.47499999999999
 20
-6.386099999999999
 11
-15.460368
 21
-6.387540999999999
  0
LINE
  5
8D4
100
AcDbEntity
  8
parts layout
  6
CONTINUOUS
 62
  256
370
   -1
100
AcDbLine
 10
-15.460368
 20
-6.387540999999999
 11
-15.43333200000001
 21
-6.398740000000004
  0
LINE
  5
8D5
100
AcDbEntity
  8
parts layout
  6
CONTINUOUS
 62
  256
370
   -1
100
AcDbLine
 10
-15.43333200000001
 20
-6.398740000000004
 11
-15.41264
 21
-6.419432
  0
LINE
  5
8D6
100
AcDbEntity
  8
parts layout
  6
CONTINUOUS
 62
  256
370
   -1
100
AcDbLine
 10
-15.41264
 20
-6.419432
 11
-15.40144100000001
 21
-6.446467999999996
  0
LINE
  5
8D7
100
AcDbEntity
  8
parts layout
  6
CONTINUOUS
 62
  256
370
   -1
100
AcDbLine
 10
-15.40144100000001
 20
-6.446467999999996
 11
-15.40000000000001
 21
-6.461100000000002
  0
LINE
  5
8D8
100
AcDbEntity
  8
parts layout
  6
CONTINUOUS
 62
  256
370
   -1
100
AcDbLine
 10
-15.40000000000001
 20
-6.461100000000002
 11
-15.40000000000001
 21
-7.461100000000002
  0
LINE
  5
8D9
100
AcDbEntity
  8
parts layout
  6
CONTINUOUS
 62
  256
370
   -1
100
AcDbLine
 10
-15.40000000000001
 20
-7.461100000000002
 11
-15.40144100000001
 21
-7.475732000000008
  0
LINE
  5
8DA
100
AcDbEntity
  8
parts layout
  6
CONTINUOUS
 62
  256
370
   -1
100
AcDbLine
 10
-15.40144100000001
 20
-7.475732000000008
 11
-15.41264
 21
-7.502768000000003
  0
LINE
  5
8DB
100
AcDbEntity
  8
parts layout
  6
CONTINUOUS
 62
  256
370
   -1
100
AcDbLine
 10
-15.41264
 20
-7.502768000000003
 11
-15.43333200000001
 21
-7.52346
  0
LINE
  5
8DC
100
AcDbEntity
  8
parts layout
  6
CONTINUOUS
 62
  256
370
   -1
100
AcDbLine
 10
-15.43333200000001
 20
-7.52346
 11
-15.460368
 21
-7.534659000000005
  0
LINE
  5
8DD
100
AcDbEntity
  8
parts layout
  6
CONTINUOUS
 62
  256
370
   -1
100
AcDbLine
 10
-15.460368
 20
-7.534659000000005
 11
-15.47499999999999
 21
-7.536100000000005
  0
LINE
  5
8DE
100
AcDbEntity
  8
parts layout
  6
CONTINUOUS
 62
  256
370
   -1
100
AcDbLine
 10
-15.47499999999999
 20
-7.536100000000005
 11
-20.47499999999999
 21
-7.536100000000005
  0
LINE
  5
8DF
100
AcDbEntity
  8
parts layout
  6
CONTINUOUS
 62
  256
370
   -1
100
AcDbLine
 10
-20.47499999999999
 20
-7.536100000000005
 11
-20.476767
 21
-7.535926000000003
  0
LINE
  5
8E0
100
AcDbEntity
  8
parts layout
  6
CONTINUOUS
 62
  256
370
   -1
100
AcDbLine
 10
-20.476767
 20
-7.535926000000003
 11
-20.47724600000001
 21
-7.536066000000005
  0
LINE
  5
8E1
100
AcDbEntity
  8
parts layout
  6
CONTINUOUS
 62
  256
370
   -1
100
AcDbLine
 10
-20.47724600000001
 20
-7.536066000000005
 11
-20.605385
 21
-7.532162
  0
LINE
  5
8E2
100
AcDbEntity
  8
parts layout
  6
CONTINUOUS
 62
  256
370
   -1
100
AcDbLine
 10
-20.605385
 20
-7.532162
 11
-20.755759
 21
-7.546069000000003
  0
LINE
  5
8E3
100
AcDbEntity
  8
parts layout
  6
CONTINUOUS
 62
  256
370
   -1
100
AcDbLine
 10
-20.755759
 20
-7.546069000000003
 11
-20.760109
 21
-7.547720999999996
  0
LINE
  5
8E4
100
AcDbEntity
  8
parts layout
  6
CONTINUOUS
 62
  256
370
   -1
100
AcDbLine
 10
-20.760109
 20
-7.547720999999996
 11
-20.879032
 21
-7.559767000000008
  0
LINE
  5
8E5
100
AcDbEntity
  8
parts layout
  6
CONTINUOUS
 62
  256
370
   -1
100
AcDbLine
 10
-20.879032
 20
-7.559767000000008
 11
-21.111222
 21
-7.610326999999998
  0
LINE
  5
8E6
100
AcDbEntity
  8
parts layout
  6
CONTINUOUS
 62
  256
370
   -1
100
AcDbLine
 10
-21.111222
 20
-7.610326999999998
 11
-21.353235
 21
-7.695003999999997
  0
LINE
  5
8E7
100
AcDbEntity
  8
parts layout
  6
CONTINUOUS
 62
  256
370
   -1
100
AcDbLine
 10
-21.353235
 20
-7.695003999999997
 11
-21.583124
 21
-7.808543999999998
  0
LINE
  5
8E8
100
AcDbEntity
  8
parts layout
  6
CONTINUOUS
 62
  256
370
   -1
100
AcDbLine
 10
-21.583124
 20
-7.808543999999998
 11
-21.797462
 21
-7.949253999999996
  0
LINE
  5
8E9
100
AcDbEntity
  8
parts layout
  6
CONTINUOUS
 62
  256
370
   -1
100
AcDbLine
 10
-21.797462
 20
-7.949253999999996
 11
-21.993054
 21
-8.115036000000003
  0
LINE
  5
8EA
100
AcDbEntity
  8
parts layout
  6
CONTINUOUS
 62
  256
370
   -1
100
AcDbLine
 10
-21.993054
 20
-8.115036000000003
 11
-22.166985
 21
-8.303419000000005
  0
LINE
  5
8EB
100
AcDbEntity
  8
parts layout
  6
CONTINUOUS
 62
  256
370
   -1
100
AcDbLine
 10
-22.166985
 20
-8.303419000000005
 11
-22.31666200000001
 21
-8.511595
  0
LINE
  5
8EC
100
AcDbEntity
  8
parts layout
  6
CONTINUOUS
 62
  256
370
   -1
100
AcDbLine
 10
-22.31666200000001
 20
-8.511595
 11
-22.439852
 21
-8.736461000000006
  0
LINE
  5
8ED
100
AcDbEntity
  8
parts layout
  6
CONTINUOUS
 62
  256
370
   -1
100
AcDbLine
 10
-22.439852
 20
-8.736461000000006
 11
-22.53472000000001
 21
-8.974663000000007
  0
LINE
  5
8EE
100
AcDbEntity
  8
parts layout
  6
CONTINUOUS
 62
  256
370
   -1
100
AcDbLine
 10
-22.53472000000001
 20
-8.974663000000007
 11
-22.599851
 21
-9.222650999999999
  0
LINE
  5
8EF
100
AcDbEntity
  8
parts layout
  6
CONTINUOUS
 62
  256
370
   -1
100
AcDbLine
 10
-22.599851
 20
-9.222650999999999
 11
-22.616997
 21
-9.349698000000004
  0
LINE
  5
8F0
100
AcDbEntity
  8
parts layout
  6
CONTINUOUS
 62
  256
370
   -1
100
AcDbLine
 10
-22.616997
 20
-9.349698000000004
 11
-22.621441
 21
-9.358924999999999
  0
LINE
  5
8F1
100
AcDbEntity
  8
parts layout
  6
CONTINUOUS
 62
  256
370
   -1
100
AcDbLine
 10
-22.621441
 20
-9.358924999999999
 11
-22.621441
 21
-9.375731999999999
  0
LINE
  5
8F2
100
AcDbEntity
  8
parts layout
  6
CONTINUOUS
 62
  256
370
   -1
100
AcDbLine
 10
-22.621441
 20
-9.375731999999999
 11
-22.63263999999999
 21
-9.402768000000009
  0
LINE
  5
8F3
100
AcDbEntity
  8
parts layout
  6
CONTINUOUS
 62
  256
370
   -1
100
AcDbLine
 10
-22.63263999999999
 20
-9.402768000000009
 11
-22.65333200000001
 21
-9.423460000000006
  0
LINE
  5
8F4
100
AcDbEntity
  8
parts layout
  6
CONTINUOUS
 62
  256
370
   -1
100
AcDbLine
 10
-22.65333200000001
 20
-9.423460000000006
 11
-22.680368
 21
-9.434658999999996
  0
LINE
  5
8F5
100
AcDbEntity
  8
parts layout
  6
CONTINUOUS
 62
  256
370
   -1
100
AcDbLine
 10
-22.680368
 20
-9.434658999999996
 11
-22.69500000000001
 21
-9.436099999999996
  0
LINE
  5
8F6
100
AcDbEntity
  8
parts layout
  6
CONTINUOUS
 62
  256
370
   -1
100
AcDbLine
 10
-22.69500000000001
 20
-9.436099999999996
 11
-25.97499999999999
 21
-9.436099999999996
  0
LINE
  5
8F7
100
AcDbEntity
  8
parts layout
  6
CONTINUOUS
 62
  256
370
   -1
100
AcDbLine
 10
-25.97499999999999
 20
-9.436099999999996
 11
-25.989632
 21
-9.434658999999996
  0
LINE
  5
8F8
100
AcDbEntity
  8
parts layout
  6
CONTINUOUS
 62
  256
370
   -1
100
AcDbLine
 10
-25.989632
 20
-9.434658999999996
 11
-26.016668
 21
-9.423460000000006
  0
LINE
  5
8F9
100
AcDbEntity
  8
parts layout
  6
CONTINUOUS
 62
  256
370
   -1
100
AcDbLine
 10
-26.016668
 20
-9.423460000000006
 11
-26.03736000000001
 21
-9.402768000000009
  0
LINE
  5
8FA
100
AcDbEntity
  8
parts layout
  6
CONTINUOUS
 62
  256
370
   -1
100
AcDbLine
 10
-26.03736000000001
 20
-9.402768000000009
 11
-26.048559
 21
-9.375731999999999
  0
LINE
  5
8FB
100
AcDbEntity
  8
parts layout
  6
CONTINUOUS
 62
  256
370
   -1
100
AcDbLine
 10
-26.048559
 20
-9.375731999999999
 11
-26.05
 21
-9.361100000000008
  0
LINE
  5
8FC
100
AcDbEntity
  8
parts layout
  6
CONTINUOUS
 62
  256
370
   -1
100
AcDbLine
 10
-26.05
 20
-9.361100000000008
 11
-26.05
 21
-9.001100000000008
  0
LINE
  5
8FD
100
AcDbEntity
  8
parts layout
  6
CONTINUOUS
 62
  256
370
   -1
100
AcDbLine
 10
-26.05
 20
-9.001100000000008
 11
-26.048559
 21
-8.986468000000002
  0
LINE
  5
8FE
100
AcDbEntity
  8
parts layout
  6
CONTINUOUS
 62
  256
370
   -1
100
AcDbLine
 10
-26.048559
 20
-8.986468000000002
 11
-26.03736000000001
 21
-8.959432000000007
  0
LINE
  5
8FF
100
AcDbEntity
  8
parts layout
  6
CONTINUOUS
 62
  256
370
   -1
100
AcDbLine
 10
-26.03736000000001
 20
-8.959432000000007
 11
-26.016668
 21
-8.938739999999996
  0
LINE
  5
900
100
AcDbEntity
  8
parts layout
  6
CONTINUOUS
 62
  256
370
   -1
100
AcDbLine
 10
-26.016668
 20
-8.938739999999996
 11
-25.989632
 21
-8.927541000000005
  0
LINE
  5
901
100
AcDbEntity
  8
parts layout
  6
CONTINUOUS
 62
  256
370
   -1
100
AcDbLine
 10
-25.989632
 20
-8.927541000000005
 11
-25.97499999999999
 21
-8.926100000000005
  0
LINE
  5
902
100
AcDbEntity
  8
parts layout
  6
CONTINUOUS
 62
  256
370
   -1
100
AcDbLine
 10
-25.97499999999999
 20
-8.926100000000005
 11
-25.848388
 21
-8.926100000000005
  0
LINE
  5
903
100
AcDbEntity
  8
parts layout
  6
CONTINUOUS
 62
  256
370
   -1
100
AcDbLine
 10
-25.848388
 20
-8.926100000000005
 11
-25.823773
 21
-8.915903999999998
  0
LINE
  5
904
100
AcDbEntity
  8
parts layout
  6
CONTINUOUS
 62
  256
370
   -1
100
AcDbLine
 10
-25.823773
 20
-8.915903999999998
 11
-25.82000000000001
 21
-8.915531999999999
  0
LINE
  5
905
100
AcDbEntity
  8
parts layout
  6
CONTINUOUS
 62
  256
370
   -1
100
AcDbLine
 10
-25.82000000000001
 20
-8.915531999999999
 11
-25.82000000000001
 21
-6.836100000000002
  0
LINE
  5
906
100
AcDbEntity
  8
parts layout
  6
CONTINUOUS
 62
  256
370
   -1
100
AcDbLine
 10
-25.82000000000001
 20
-6.836100000000002
 11
-25.97499999999999
 21
-6.836100000000002
  0
LINE
  5
907
100
AcDbEntity
  8
parts layout
  6
CONTINUOUS
 62
  256
370
   -1
100
AcDbLine
 10
-25.97499999999999
 20
-6.836100000000002
 11
-25.989632
 21
-6.834659000000002
  0
LINE
  5
908
100
AcDbEntity
  8
parts layout
  6
CONTINUOUS
 62
  256
370
   -1
100
AcDbLine
 10
-25.989632
 20
-6.834659000000002
 11
-26.016668
 21
-6.823459999999997
  0
LINE
  5
909
100
AcDbEntity
  8
parts layout
  6
CONTINUOUS
 62
  256
370
   -1
100
AcDbLine
 10
-26.016668
 20
-6.823459999999997
 11
-26.03736000000001
 21
-6.802768
  0
LINE
  5
90A
100
AcDbEntity
  8
parts layout
  6
CONTINUOUS
 62
  256
370
   -1
100
AcDbLine
 10
-26.03736000000001
 20
-6.802768
 11
-26.048559
 21
-6.775732000000005
  0
LINE
  5
90B
100
AcDbEntity
  8
parts layout
  6
CONTINUOUS
 62
  256
370
   -1
100
AcDbLine
 10
-26.048559
 20
-6.775732000000005
 11
-26.05
 21
-6.761099999999999
  0
LINE
  5
90C
100
AcDbEntity
  8
parts layout
  6
CONTINUOUS
 62
  256
370
   -1
100
AcDbLine
 10
-26.05
 20
-6.761099999999999
 11
-26.05
 21
-5.761099999999999
  0
LINE
  5
90D
100
AcDbEntity
  8
parts layout
  6
CONTINUOUS
 62
  256
370
   -1
100
AcDbLine
 10
-26.05
 20
-5.761099999999999
 11
-26.049705
 21
-5.758099999999999
  0
LINE
  5
90E
100
AcDbEntity
  8
parts layout
  6
CONTINUOUS
 62
  256
370
   -1
100
AcDbLine
 10
-26.049705
 20
-5.758099999999999
 11
-26.04990600000001
 21
-5.757356000000001
  0
LINE
  5
90F
100
AcDbEntity
  8
parts layout
  6
CONTINUOUS
 62
  256
370
   -1
100
AcDbLine
 10
-26.04990600000001
 20
-5.757356000000001
 11
-26.018614
 21
-5.487414000000001
  0
LINE
  5
910
100
AcDbEntity
  8
parts layout
  6
CONTINUOUS
 62
  256
370
   -1
100
AcDbLine
 10
-26.018614
 20
-5.487414000000001
 11
-25.952355
 21
-5.223865000000004
  0
LINE
  5
911
100
AcDbEntity
  8
parts layout
  6
CONTINUOUS
 62
  256
370
   -1
100
AcDbLine
 10
-25.952355
 20
-5.223865000000004
 11
-25.85226300000001
 21
-4.971220000000002
  0
LINE
  5
912
100
AcDbEntity
  8
parts layout
  6
CONTINUOUS
 62
  256
370
   -1
100
AcDbLine
 10
-25.85226300000001
 20
-4.971220000000002
 11
-25.72005
 21
-4.733801
  0
LINE
  5
913
100
AcDbEntity
  8
parts layout
  6
CONTINUOUS
 62
  256
370
   -1
100
AcDbLine
 10
-25.72005
 20
-4.733801
 11
-25.557979
 21
-4.515670999999998
  0
LINE
  5
914
100
AcDbEntity
  8
parts layout
  6
CONTINUOUS
 62
  256
370
   -1
100
AcDbLine
 10
-25.557979
 20
-4.515670999999998
 11
-25.36882300000001
 21
-4.320560999999998
  0
LINE
  5
915
100
AcDbEntity
  8
parts layout
  6
CONTINUOUS
 62
  256
370
   -1
100
AcDbLine
 10
-25.36882300000001
 20
-4.320560999999998
 11
-25.155817
 21
-4.151809999999998
  0
LINE
  5
916
100
AcDbEntity
  8
parts layout
  6
CONTINUOUS
 62
  256
370
   -1
100
AcDbLine
 10
-25.155817
 20
-4.151809999999998
 11
-24.922608
 21
-4.012306000000009
  0
LINE
  5
917
100
AcDbEntity
  8
parts layout
  6
CONTINUOUS
 62
  256
370
   -1
100
AcDbLine
 10
-24.922608
 20
-4.012306000000009
 11
-24.673185
 21
-3.904435000000007
  0
LINE
  5
918
100
AcDbEntity
  8
parts layout
  6
CONTINUOUS
 62
  256
370
   -1
100
AcDbLine
 10
-24.673185
 20
-3.904435000000007
 11
-24.411816
 21
-3.830043000000003
  0
LINE
  5
919
100
AcDbEntity
  8
parts layout
  6
CONTINUOUS
 62
  256
370
   -1
100
AcDbLine
 10
-24.411816
 20
-3.830043000000003
 11
-24.142973
 21
-3.790402999999998
  0
LINE
  5
91A
100
AcDbEntity
  8
parts layout
  6
CONTINUOUS
 62
  256
370
   -1
100
AcDbLine
 10
-24.142973
 20
-3.790402999999998
 11
-23.876833
 21
-3.786280000000005
  0
LINE
  5
91B
100
AcDbEntity
  8
parts layout
  6
CONTINUOUS
 62
  256
370
   -1
100
AcDbLine
 10
-23.876833
 20
-3.786280000000005
 11
-23.875001
 21
-3.786100000000005
  0
LINE
  5
91C
100
AcDbEntity
  8
parts layout
  6
CONTINUOUS
 62
  256
370
   -1
100
AcDbLine
 10
-23.875001
 20
-3.786100000000005
 11
-15.47499999999999
 21
-3.786100000000005
  0
LINE
  5
91D
100
AcDbEntity
  8
parts layout
  6
CONTINUOUS
 62
  256
370
   -1
100
AcDbLine
 10
-15.47499999999999
 20
-3.786100000000005
 11
-15.460368
 21
-3.787541000000004
  0
LINE
  5
91E
100
AcDbEntity
  8
parts layout
  6
CONTINUOUS
 62
  256
370
   -1
100
AcDbLine
 10
-24.97827700000001
 20
-8.911100000000005
 11
-24.967828
 21
-8.911100000000005
  0
LINE
  5
91F
100
AcDbEntity
  8
parts layout
  6
CONTINUOUS
 62
  256
370
   -1
100
AcDbLine
 10
-24.967828
 20
-8.911100000000005
 11
-24.97794
 21
-8.905948000000009
  0
LINE
  5
920
100
AcDbEntity
  8
parts layout
  6
CONTINUOUS
 62
  256
370
   -1
100
AcDbLine
 10
-24.97794
 20
-8.905948000000009
 11
-24.97827700000001
 21
-8.911100000000005
  0
LINE
  5
921
100
AcDbEntity
  8
parts layout
  6
CONTINUOUS
 62
  256
370
   -1
100
AcDbLine
 10
22.63963199999999
 20
-3.787541000000004
 11
22.666668
 21
-3.798740000000009
  0
LINE
  5
922
100
AcDbEntity
  8
parts layout
  6
CONTINUOUS
 62
  256
370
   -1
100
AcDbLine
 10
22.666668
 20
-3.798740000000009
 11
22.68736
 21
-3.819432000000006
  0
LINE
  5
923
100
AcDbEntity
  8
parts layout
  6
CONTINUOUS
 62
  256
370
   -1
100
AcDbLine
 10
22.68736
 20
-3.819432000000006
 11
22.698559
 21
-3.846468000000002
  0
LINE
  5
924
100
AcDbEntity
  8
parts layout
  6
CONTINUOUS
 62
  256
370
   -1
100
AcDbLine
 10
22.698559
 20
-3.846468000000002
 11
22.7
 21
-3.861100000000008
  0
LINE
  5
925
100
AcDbEntity
  8
parts layout
  6
CONTINUOUS
 62
  256
370
   -1
100
AcDbLine
 10
22.7
 20
-3.861100000000008
 11
22.7
 21
-4.211100000000002
  0
LINE
  5
926
100
AcDbEntity
  8
parts layout
  6
CONTINUOUS
 62
  256
370
   -1
100
AcDbLine
 10
22.7
 20
-4.211100000000002
 11
22.698559
 21
-4.225732000000008
  0
LINE
  5
927
100
AcDbEntity
  8
parts layout
  6
CONTINUOUS
 62
  256
370
   -1
100
AcDbLine
 10
22.698559
 20
-4.225732000000008
 11
22.68736
 21
-4.252768000000003
  0
LINE
  5
928
100
AcDbEntity
  8
parts layout
  6
CONTINUOUS
 62
  256
370
   -1
100
AcDbLine
 10
22.68736
 20
-4.252768000000003
 11
22.666668
 21
-4.27346
  0
LINE
  5
929
100
AcDbEntity
  8
parts layout
  6
CONTINUOUS
 62
  256
370
   -1
100
AcDbLine
 10
22.666668
 20
-4.27346
 11
22.63963199999999
 21
-4.284659000000005
  0
LINE
  5
92A
100
AcDbEntity
  8
parts layout
  6
CONTINUOUS
 62
  256
370
   -1
100
AcDbLine
 10
22.63963199999999
 20
-4.284659000000005
 11
22.62499999999999
 21
-4.286100000000005
  0
LINE
  5
92B
100
AcDbEntity
  8
parts layout
  6
CONTINUOUS
 62
  256
370
   -1
100
AcDbLine
 10
22.62499999999999
 20
-4.286100000000005
 11
22.48
 21
-4.286100000000005
  0
LINE
  5
92C
100
AcDbEntity
  8
parts layout
  6
CONTINUOUS
 62
  256
370
   -1
100
AcDbLine
 10
22.48
 20
-4.286100000000005
 11
22.48
 21
-6.371561999999997
  0
LINE
  5
92D
100
AcDbEntity
  8
parts layout
  6
CONTINUOUS
 62
  256
370
   -1
100
AcDbLine
 10
22.48
 20
-6.371561999999997
 11
22.51509599999999
 21
-6.386099999999999
  0
LINE
  5
92E
100
AcDbEntity
  8
parts layout
  6
CONTINUOUS
 62
  256
370
   -1
100
AcDbLine
 10
22.51509599999999
 20
-6.386099999999999
 11
22.62499999999999
 21
-6.386099999999999
  0
LINE
  5
92F
100
AcDbEntity
  8
parts layout
  6
CONTINUOUS
 62
  256
370
   -1
100
AcDbLine
 10
22.62499999999999
 20
-6.386099999999999
 11
22.63963199999999
 21
-6.387540999999999
  0
LINE
  5
930
100
AcDbEntity
  8
parts layout
  6
CONTINUOUS
 62
  256
370
   -1
100
AcDbLine
 10
22.63963199999999
 20
-6.387540999999999
 11
22.666668
 21
-6.398740000000004
  0
LINE
  5
931
100
AcDbEntity
  8
parts layout
  6
CONTINUOUS
 62
  256
370
   -1
100
AcDbLine
 10
22.666668
 20
-6.398740000000004
 11
22.68736
 21
-6.419432
  0
LINE
  5
932
100
AcDbEntity
  8
parts layout
  6
CONTINUOUS
 62
  256
370
   -1
100
AcDbLine
 10
22.68736
 20
-6.419432
 11
22.698559
 21
-6.446467999999996
  0
LINE
  5
933
100
AcDbEntity
  8
parts layout
  6
CONTINUOUS
 62
  256
370
   -1
100
AcDbLine
 10
22.698559
 20
-6.446467999999996
 11
22.7
 21
-6.461100000000002
  0
LINE
  5
934
100
AcDbEntity
  8
parts layout
  6
CONTINUOUS
 62
  256
370
   -1
100
AcDbLine
 10
22.7
 20
-6.461100000000002
 11
22.7
 21
-7.461100000000002
  0
LINE
  5
935
100
AcDbEntity
  8
parts layout
  6
CONTINUOUS
 62
  256
370
   -1
100
AcDbLine
 10
22.7
 20
-7.461100000000002
 11
22.698559
 21
-7.475732000000008
  0
LINE
  5
936
100
AcDbEntity
  8
parts layout
  6
CONTINUOUS
 62
  256
370
   -1
100
AcDbLine
 10
22.698559
 20
-7.475732000000008
 11
22.68736
 21
-7.502768000000003
  0
LINE
  5
937
100
AcDbEntity
  8
parts layout
  6
CONTINUOUS
 62
  256
370
   -1
100
AcDbLine
 10
22.68736
 20
-7.502768000000003
 11
22.666668
 21
-7.52346
  0
LINE
  5
938
100
AcDbEntity
  8
parts layout
  6
CONTINUOUS
 62
  256
370
   -1
100
AcDbLine
 10
22.666668
 20
-7.52346
 11
22.63963199999999
 21
-7.534659000000005
  0
LINE
  5
939
100
AcDbEntity
  8
parts layout
  6
CONTINUOUS
 62
  256
370
   -1
100
AcDbLine
 10
22.63963199999999
 20
-7.534659000000005
 11
22.62499999999999
 21
-7.536100000000005
  0
LINE
  5
93A
100
AcDbEntity
  8
parts layout
  6
CONTINUOUS
 62
  256
370
   -1
100
AcDbLine
 10
22.62499999999999
 20
-7.536100000000005
 11
17.625
 21
-7.536100000000005
  0
LINE
  5
93B
100
AcDbEntity
  8
parts layout
  6
CONTINUOUS
 62
  256
370
   -1
100
AcDbLine
 10
17.625
 20
-7.536100000000005
 11
17.623233
 21
-7.535926000000003
  0
LINE
  5
93C
100
AcDbEntity
  8
parts layout
  6
CONTINUOUS
 62
  256
370
   -1
100
AcDbLine
 10
17.623233
 20
-7.535926000000003
 11
17.622754
 21
-7.536066000000005
  0
LINE
  5
93D
100
AcDbEntity
  8
parts layout
  6
CONTINUOUS
 62
  256
370
   -1
100
AcDbLine
 10
17.622754
 20
-7.536066000000005
 11
17.494615
 21
-7.532162
  0
LINE
  5
93E
100
AcDbEntity
  8
parts layout
  6
CONTINUOUS
 62
  256
370
   -1
100
AcDbLine
 10
17.494615
 20
-7.532162
 11
17.344241
 21
-7.546069000000003
  0
LINE
  5
93F
100
AcDbEntity
  8
parts layout
  6
CONTINUOUS
 62
  256
370
   -1
100
AcDbLine
 10
17.344241
 20
-7.546069000000003
 11
17.33989099999999
 21
-7.547720999999996
  0
LINE
  5
940
100
AcDbEntity
  8
parts layout
  6
CONTINUOUS
 62
  256
370
   -1
100
AcDbLine
 10
17.33989099999999
 20
-7.547720999999996
 11
17.220968
 21
-7.559767000000008
  0
LINE
  5
941
100
AcDbEntity
  8
parts layout
  6
CONTINUOUS
 62
  256
370
   -1
100
AcDbLine
 10
17.220968
 20
-7.559767000000008
 11
16.988778
 21
-7.610326999999998
  0
LINE
  5
942
100
AcDbEntity
  8
parts layout
  6
CONTINUOUS
 62
  256
370
   -1
100
AcDbLine
 10
16.988778
 20
-7.610326999999998
 11
16.746765
 21
-7.695003999999997
  0
LINE
  5
943
100
AcDbEntity
  8
parts layout
  6
CONTINUOUS
 62
  256
370
   -1
100
AcDbLine
 10
16.746765
 20
-7.695003999999997
 11
16.516876
 21
-7.808543999999998
  0
LINE
  5
944
100
AcDbEntity
  8
parts layout
  6
CONTINUOUS
 62
  256
370
   -1
100
AcDbLine
 10
16.516876
 20
-7.808543999999998
 11
16.302538
 21
-7.949253999999996
  0
LINE
  5
945
100
AcDbEntity
  8
parts layout
  6
CONTINUOUS
 62
  256
370
   -1
100
AcDbLine
 10
16.302538
 20
-7.949253999999996
 11
16.10694599999999
 21
-8.115036000000003
  0
LINE
  5
946
100
AcDbEntity
  8
parts layout
  6
CONTINUOUS
 62
  256
370
   -1
100
AcDbLine
 10
16.10694599999999
 20
-8.115036000000003
 11
15.933015
 21
-8.303419000000005
  0
LINE
  5
947
100
AcDbEntity
  8
parts layout
  6
CONTINUOUS
 62
  256
370
   -1
100
AcDbLine
 10
15.933015
 20
-8.303419000000005
 11
15.783338
 21
-8.511595
  0
LINE
  5
948
100
AcDbEntity
  8
parts layout
  6
CONTINUOUS
 62
  256
370
   -1
100
AcDbLine
 10
15.783338
 20
-8.511595
 11
15.66014799999999
 21
-8.736461000000006
  0
LINE
  5
949
100
AcDbEntity
  8
parts layout
  6
CONTINUOUS
 62
  256
370
   -1
100
AcDbLine
 10
15.66014799999999
 20
-8.736461000000006
 11
15.56528
 21
-8.974663000000007
  0
LINE
  5
94A
100
AcDbEntity
  8
parts layout
  6
CONTINUOUS
 62
  256
370
   -1
100
AcDbLine
 10
15.56528
 20
-8.974663000000007
 11
15.50014899999999
 21
-9.222650999999999
  0
LINE
  5
94B
100
AcDbEntity
  8
parts layout
  6
CONTINUOUS
 62
  256
370
   -1
100
AcDbLine
 10
15.50014899999999
 20
-9.222650999999999
 11
15.483003
 21
-9.349698000000004
  0
LINE
  5
94C
100
AcDbEntity
  8
parts layout
  6
CONTINUOUS
 62
  256
370
   -1
100
AcDbLine
 10
15.483003
 20
-9.349698000000004
 11
15.478559
 21
-9.358924999999999
  0
LINE
  5
94D
100
AcDbEntity
  8
parts layout
  6
CONTINUOUS
 62
  256
370
   -1
100
AcDbLine
 10
15.478559
 20
-9.358924999999999
 11
15.478559
 21
-9.375731999999999
  0
LINE
  5
94E
100
AcDbEntity
  8
parts layout
  6
CONTINUOUS
 62
  256
370
   -1
100
AcDbLine
 10
15.478559
 20
-9.375731999999999
 11
15.46736
 21
-9.402768000000009
  0
LINE
  5
94F
100
AcDbEntity
  8
parts layout
  6
CONTINUOUS
 62
  256
370
   -1
100
AcDbLine
 10
15.46736
 20
-9.402768000000009
 11
15.446668
 21
-9.423460000000006
  0
LINE
  5
950
100
AcDbEntity
  8
parts layout
  6
CONTINUOUS
 62
  256
370
   -1
100
AcDbLine
 10
15.446668
 20
-9.423460000000006
 11
15.41963199999999
 21
-9.434658999999996
  0
LINE
  5
951
100
AcDbEntity
  8
parts layout
  6
CONTINUOUS
 62
  256
370
   -1
100
AcDbLine
 10
15.41963199999999
 20
-9.434658999999996
 11
15.405
 21
-9.436099999999996
  0
LINE
  5
952
100
AcDbEntity
  8
parts layout
  6
CONTINUOUS
 62
  256
370
   -1
100
AcDbLine
 10
15.405
 20
-9.436099999999996
 11
12.125
 21
-9.436099999999996
  0
LINE
  5
953
100
AcDbEntity
  8
parts layout
  6
CONTINUOUS
 62
  256
370
   -1
100
AcDbLine
 10
12.125
 20
-9.436099999999996
 11
12.11036799999999
 21
-9.434658999999996
  0
LINE
  5
954
100
AcDbEntity
  8
parts layout
  6
CONTINUOUS
 62
  256
370
   -1
100
AcDbLine
 10
12.11036799999999
 20
-9.434658999999996
 11
12.083332
 21
-9.423460000000006
  0
LINE
  5
955
100
AcDbEntity
  8
parts layout
  6
CONTINUOUS
 62
  256
370
   -1
100
AcDbLine
 10
12.083332
 20
-9.423460000000006
 11
12.06264
 21
-9.402768000000009
  0
LINE
  5
956
100
AcDbEntity
  8
parts layout
  6
CONTINUOUS
 62
  256
370
   -1
100
AcDbLine
 10
12.06264
 20
-9.402768000000009
 11
12.051441
 21
-9.375731999999999
  0
LINE
  5
957
100
AcDbEntity
  8
parts layout
  6
CONTINUOUS
 62
  256
370
   -1
100
AcDbLine
 10
12.051441
 20
-9.375731999999999
 11
12.05
 21
-9.361100000000008
  0
LINE
  5
958
100
AcDbEntity
  8
parts layout
  6
CONTINUOUS
 62
  256
370
   -1
100
AcDbLine
 10
12.05
 20
-9.361100000000008
 11
12.05
 21
-9.001100000000008
  0
LINE
  5
959
100
AcDbEntity
  8
parts layout
  6
CONTINUOUS
 62
  256
370
   -1
100
AcDbLine
 10
12.05
 20
-9.001100000000008
 11
12.051441
 21
-8.986468000000002
  0
LINE
  5
95A
100
AcDbEntity
  8
parts layout
  6
CONTINUOUS
 62
  256
370
   -1
100
AcDbLine
 10
12.051441
 20
-8.986468000000002
 11
12.06264
 21
-8.959432000000007
  0
LINE
  5
95B
100
AcDbEntity
  8
parts layout
  6
CONTINUOUS
 62
  256
370
   -1
100
AcDbLine
 10
12.06264
 20
-8.959432000000007
 11
12.083332
 21
-8.938739999999996
  0
LINE
  5
95C
100
AcDbEntity
  8
parts layout
  6
CONTINUOUS
 62
  256
370
   -1
100
AcDbLine
 10
12.083332
 20
-8.938739999999996
 11
12.11036799999999
 21
-8.927541000000005
  0
LINE
  5
95D
100
AcDbEntity
  8
parts layout
  6
CONTINUOUS
 62
  256
370
   -1
100
AcDbLine
 10
12.11036799999999
 20
-8.927541000000005
 11
12.125
 21
-8.926100000000005
  0
LINE
  5
95E
100
AcDbEntity
  8
parts layout
  6
CONTINUOUS
 62
  256
370
   -1
100
AcDbLine
 10
12.125
 20
-8.926100000000005
 11
12.25161199999999
 21
-8.926100000000005
  0
LINE
  5
95F
100
AcDbEntity
  8
parts layout
  6
CONTINUOUS
 62
  256
370
   -1
100
AcDbLine
 10
12.25161199999999
 20
-8.926100000000005
 11
12.27622699999999
 21
-8.915903999999998
  0
LINE
  5
960
100
AcDbEntity
  8
parts layout
  6
CONTINUOUS
 62
  256
370
   -1
100
AcDbLine
 10
12.27622699999999
 20
-8.915903999999998
 11
12.28
 21
-8.915531999999999
  0
LINE
  5
961
100
AcDbEntity
  8
parts layout
  6
CONTINUOUS
 62
  256
370
   -1
100
AcDbLine
 10
12.28
 20
-8.915531999999999
 11
12.28
 21
-6.836100000000002
  0
LINE
  5
962
100
AcDbEntity
  8
parts layout
  6
CONTINUOUS
 62
  256
370
   -1
100
AcDbLine
 10
12.28
 20
-6.836100000000002
 11
12.125
 21
-6.836100000000002
  0
LINE
  5
963
100
AcDbEntity
  8
parts layout
  6
CONTINUOUS
 62
  256
370
   -1
100
AcDbLine
 10
12.125
 20
-6.836100000000002
 11
12.11036799999999
 21
-6.834659000000002
  0
LINE
  5
964
100
AcDbEntity
  8
parts layout
  6
CONTINUOUS
 62
  256
370
   -1
100
AcDbLine
 10
12.11036799999999
 20
-6.834659000000002
 11
12.083332
 21
-6.823459999999997
  0
LINE
  5
965
100
AcDbEntity
  8
parts layout
  6
CONTINUOUS
 62
  256
370
   -1
100
AcDbLine
 10
12.083332
 20
-6.823459999999997
 11
12.06264
 21
-6.802768
  0
LINE
  5
966
100
AcDbEntity
  8
parts layout
  6
CONTINUOUS
 62
  256
370
   -1
100
AcDbLine
 10
12.06264
 20
-6.802768
 11
12.051441
 21
-6.775732000000005
  0
LINE
  5
967
100
AcDbEntity
  8
parts layout
  6
CONTINUOUS
 62
  256
370
   -1
100
AcDbLine
 10
12.051441
 20
-6.775732000000005
 11
12.05
 21
-6.761099999999999
  0
LINE
  5
968
100
AcDbEntity
  8
parts layout
  6
CONTINUOUS
 62
  256
370
   -1
100
AcDbLine
 10
12.05
 20
-6.761099999999999
 11
12.05
 21
-5.761099999999999
  0
LINE
  5
969
100
AcDbEntity
  8
parts layout
  6
CONTINUOUS
 62
  256
370
   -1
100
AcDbLine
 10
12.05
 20
-5.761099999999999
 11
12.05029499999999
 21
-5.758099999999999
  0
LINE
  5
96A
100
AcDbEntity
  8
parts layout
  6
CONTINUOUS
 62
  256
370
   -1
100
AcDbLine
 10
12.05029499999999
 20
-5.758099999999999
 11
12.050094
 21
-5.757356000000001
  0
LINE
  5
96B
100
AcDbEntity
  8
parts layout
  6
CONTINUOUS
 62
  256
370
   -1
100
AcDbLine
 10
12.050094
 20
-5.757356000000001
 11
12.08138599999999
 21
-5.487414000000001
  0
LINE
  5
96C
100
AcDbEntity
  8
parts layout
  6
CONTINUOUS
 62
  256
370
   -1
100
AcDbLine
 10
12.08138599999999
 20
-5.487414000000001
 11
12.147645
 21
-5.223865000000004
  0
LINE
  5
96D
100
AcDbEntity
  8
parts layout
  6
CONTINUOUS
 62
  256
370
   -1
100
AcDbLine
 10
12.147645
 20
-5.223865000000004
 11
12.247737
 21
-4.971220000000002
  0
LINE
  5
96E
100
AcDbEntity
  8
parts layout
  6
CONTINUOUS
 62
  256
370
   -1
100
AcDbLine
 10
12.247737
 20
-4.971220000000002
 11
12.37994999999999
 21
-4.733801
  0
LINE
  5
96F
100
AcDbEntity
  8
parts layout
  6
CONTINUOUS
 62
  256
370
   -1
100
AcDbLine
 10
12.37994999999999
 20
-4.733801
 11
12.54202099999999
 21
-4.515670999999998
  0
LINE
  5
970
100
AcDbEntity
  8
parts layout
  6
CONTINUOUS
 62
  256
370
   -1
100
AcDbLine
 10
12.54202099999999
 20
-4.515670999999998
 11
12.731177
 21
-4.320560999999998
  0
LINE
  5
971
100
AcDbEntity
  8
parts layout
  6
CONTINUOUS
 62
  256
370
   -1
100
AcDbLine
 10
12.731177
 20
-4.320560999999998
 11
12.944183
 21
-4.151809999999998
  0
LINE
  5
972
100
AcDbEntity
  8
parts layout
  6
CONTINUOUS
 62
  256
370
   -1
100
AcDbLine
 10
12.944183
 20
-4.151809999999998
 11
13.177392
 21
-4.012306000000009
  0
LINE
  5
973
100
AcDbEntity
  8
parts layout
  6
CONTINUOUS
 62
  256
370
   -1
100
AcDbLine
 10
13.177392
 20
-4.012306000000009
 11
13.42681499999999
 21
-3.904435000000007
  0
LINE
  5
974
100
AcDbEntity
  8
parts layout
  6
CONTINUOUS
 62
  256
370
   -1
100
AcDbLine
 10
13.42681499999999
 20
-3.904435000000007
 11
13.68818399999999
 21
-3.830043000000003
  0
LINE
  5
975
100
AcDbEntity
  8
parts layout
  6
CONTINUOUS
 62
  256
370
   -1
100
AcDbLine
 10
13.68818399999999
 20
-3.830043000000003
 11
13.957027
 21
-3.790402999999998
  0
LINE
  5
976
100
AcDbEntity
  8
parts layout
  6
CONTINUOUS
 62
  256
370
   -1
100
AcDbLine
 10
13.957027
 20
-3.790402999999998
 11
14.223167
 21
-3.786280000000005
  0
LINE
  5
977
100
AcDbEntity
  8
parts layout
  6
CONTINUOUS
 62
  256
370
   -1
100
AcDbLine
 10
14.223167
 20
-3.786280000000005
 11
14.224999
 21
-3.786100000000005
  0
LINE
  5
978
100
AcDbEntity
  8
parts layout
  6
CONTINUOUS
 62
  256
370
   -1
100
AcDbLine
 10
14.224999
 20
-3.786100000000005
 11
22.62499999999999
 21
-3.786100000000005
  0
LINE
  5
979
100
AcDbEntity
  8
parts layout
  6
CONTINUOUS
 62
  256
370
   -1
100
AcDbLine
 10
22.62499999999999
 20
-3.786100000000005
 11
22.63963199999999
 21
-3.787541000000004
  0
LINE
  5
97A
100
AcDbEntity
  8
parts layout
  6
CONTINUOUS
 62
  256
370
   -1
100
AcDbLine
 10
13.121723
 20
-8.911100000000005
 11
13.132172
 21
-8.911100000000005
  0
LINE
  5
97B
100
AcDbEntity
  8
parts layout
  6
CONTINUOUS
 62
  256
370
   -1
100
AcDbLine
 10
13.132172
 20
-8.911100000000005
 11
13.12205999999999
 21
-8.905948000000009
  0
LINE
  5
97C
100
AcDbEntity
  8
parts layout
  6
CONTINUOUS
 62
  256
370
   -1
100
AcDbLine
 10
13.12205999999999
 20
-8.905948000000009
 11
13.121723
 21
-8.911100000000005
  0
LINE
  5
97D
100
AcDbEntity
  8
parts layout
  6
CONTINUOUS
 62
  256
370
   -1
100
AcDbLine
 10
3.589631999999995
 20
-1.882541000000003
 11
3.616668000000004
 21
-1.893740000000008
  0
LINE
  5
97E
100
AcDbEntity
  8
parts layout
  6
CONTINUOUS
 62
  256
370
   -1
100
AcDbLine
 10
3.616668000000004
 20
-1.893740000000008
 11
3.637360000000001
 21
-1.914432000000005
  0
LINE
  5
97F
100
AcDbEntity
  8
parts layout
  6
CONTINUOUS
 62
  256
370
   -1
100
AcDbLine
 10
3.637360000000001
 20
-1.914432000000005
 11
3.648558999999992
 21
-1.941468
  0
LINE
  5
980
100
AcDbEntity
  8
parts layout
  6
CONTINUOUS
 62
  256
370
   -1
100
AcDbLine
 10
3.648558999999992
 20
-1.941468
 11
3.649999999999991
 21
-1.956100000000006
  0
LINE
  5
981
100
AcDbEntity
  8
parts layout
  6
CONTINUOUS
 62
  256
370
   -1
100
AcDbLine
 10
3.649999999999991
 20
-1.956100000000006
 11
3.649999999999991
 21
-2.306100000000001
  0
LINE
  5
982
100
AcDbEntity
  8
parts layout
  6
CONTINUOUS
 62
  256
370
   -1
100
AcDbLine
 10
3.649999999999991
 20
-2.306100000000001
 11
3.648558999999992
 21
-2.320732000000007
  0
LINE
  5
983
100
AcDbEntity
  8
parts layout
  6
CONTINUOUS
 62
  256
370
   -1
100
AcDbLine
 10
3.648558999999992
 20
-2.320732000000007
 11
3.637360000000001
 21
-2.347768000000002
  0
LINE
  5
984
100
AcDbEntity
  8
parts layout
  6
CONTINUOUS
 62
  256
370
   -1
100
AcDbLine
 10
3.637360000000001
 20
-2.347768000000002
 11
3.616668000000004
 21
-2.368459999999999
  0
LINE
  5
985
100
AcDbEntity
  8
parts layout
  6
CONTINUOUS
 62
  256
370
   -1
100
AcDbLine
 10
3.616668000000004
 20
-2.368459999999999
 11
3.589631999999995
 21
-2.379659000000004
  0
LINE
  5
986
100
AcDbEntity
  8
parts layout
  6
CONTINUOUS
 62
  256
370
   -1
100
AcDbLine
 10
3.589631999999995
 20
-2.379659000000004
 11
3.575000000000003
 21
-2.381100000000004
  0
LINE
  5
987
100
AcDbEntity
  8
parts layout
  6
CONTINUOUS
 62
  256
370
   -1
100
AcDbLine
 10
3.575000000000003
 20
-2.381100000000004
 11
3.429999999999993
 21
-2.381100000000004
  0
LINE
  5
988
100
AcDbEntity
  8
parts layout
  6
CONTINUOUS
 62
  256
370
   -1
100
AcDbLine
 10
3.429999999999993
 20
-2.381100000000004
 11
3.429999999999993
 21
-4.466561999999996
  0
LINE
  5
989
100
AcDbEntity
  8
parts layout
  6
CONTINUOUS
 62
  256
370
   -1
100
AcDbLine
 10
3.429999999999993
 20
-4.466561999999996
 11
3.465096000000003
 21
-4.481099999999998
  0
LINE
  5
98A
100
AcDbEntity
  8
parts layout
  6
CONTINUOUS
 62
  256
370
   -1
100
AcDbLine
 10
3.465096000000003
 20
-4.481099999999998
 11
3.575000000000003
 21
-4.481099999999998
  0
LINE
  5
98B
100
AcDbEntity
  8
parts layout
  6
CONTINUOUS
 62
  256
370
   -1
100
AcDbLine
 10
3.575000000000003
 20
-4.481099999999998
 11
3.589631999999995
 21
-4.482540999999998
  0
LINE
  5
98C
100
AcDbEntity
  8
parts layout
  6
CONTINUOUS
 62
  256
370
   -1
100
AcDbLine
 10
3.589631999999995
 20
-4.482540999999998
 11
3.616668000000004
 21
-4.493740000000003
  0
LINE
  5
98D
100
AcDbEntity
  8
parts layout
  6
CONTINUOUS
 62
  256
370
   -1
100
AcDbLine
 10
3.616668000000004
 20
-4.493740000000003
 11
3.637360000000001
 21
-4.514431999999999
  0
LINE
  5
98E
100
AcDbEntity
  8
parts layout
  6
CONTINUOUS
 62
  256
370
   -1
100
AcDbLine
 10
3.637360000000001
 20
-4.514431999999999
 11
3.648558999999992
 21
-4.541468000000009
  0
LINE
  5
98F
100
AcDbEntity
  8
parts layout
  6
CONTINUOUS
 62
  256
370
   -1
100
AcDbLine
 10
3.648558999999992
 20
-4.541468000000009
 11
3.649999999999991
 21
-4.556100000000001
  0
LINE
  5
990
100
AcDbEntity
  8
parts layout
  6
CONTINUOUS
 62
  256
370
   -1
100
AcDbLine
 10
3.649999999999991
 20
-4.556100000000001
 11
3.649999999999991
 21
-5.556100000000001
  0
LINE
  5
991
100
AcDbEntity
  8
parts layout
  6
CONTINUOUS
 62
  256
370
   -1
100
AcDbLine
 10
3.649999999999991
 20
-5.556100000000001
 11
3.648558999999992
 21
-5.570732000000007
  0
LINE
  5
992
100
AcDbEntity
  8
parts layout
  6
CONTINUOUS
 62
  256
370
   -1
100
AcDbLine
 10
3.648558999999992
 20
-5.570732000000007
 11
3.637360000000001
 21
-5.597768000000002
  0
LINE
  5
993
100
AcDbEntity
  8
parts layout
  6
CONTINUOUS
 62
  256
370
   -1
100
AcDbLine
 10
3.637360000000001
 20
-5.597768000000002
 11
3.616668000000004
 21
-5.618459999999999
  0
LINE
  5
994
100
AcDbEntity
  8
parts layout
  6
CONTINUOUS
 62
  256
370
   -1
100
AcDbLine
 10
3.616668000000004
 20
-5.618459999999999
 11
3.589631999999995
 21
-5.629659000000004
  0
LINE
  5
995
100
AcDbEntity
  8
parts layout
  6
CONTINUOUS
 62
  256
370
   -1
100
AcDbLine
 10
3.589631999999995
 20
-5.629659000000004
 11
3.575000000000003
 21
-5.631100000000004
  0
LINE
  5
996
100
AcDbEntity
  8
parts layout
  6
CONTINUOUS
 62
  256
370
   -1
100
AcDbLine
 10
3.575000000000003
 20
-5.631100000000004
 11
-1.424999999999997
 21
-5.631100000000004
  0
LINE
  5
997
100
AcDbEntity
  8
parts layout
  6
CONTINUOUS
 62
  256
370
   -1
100
AcDbLine
 10
-1.424999999999997
 20
-5.631100000000004
 11
-1.426766999999998
 21
-5.630926000000002
  0
LINE
  5
998
100
AcDbEntity
  8
parts layout
  6
CONTINUOUS
 62
  256
370
   -1
100
AcDbLine
 10
-1.426766999999998
 20
-5.630926000000002
 11
-1.427245999999997
 21
-5.631066000000004
  0
LINE
  5
999
100
AcDbEntity
  8
parts layout
  6
CONTINUOUS
 62
  256
370
   -1
100
AcDbLine
 10
-1.427245999999997
 20
-5.631066000000004
 11
-1.555385000000001
 21
-5.627161999999998
  0
LINE
  5
99A
100
AcDbEntity
  8
parts layout
  6
CONTINUOUS
 62
  256
370
   -1
100
AcDbLine
 10
-1.555385000000001
 20
-5.627161999999998
 11
-1.705759
 21
-5.641069000000002
  0
LINE
  5
99B
100
AcDbEntity
  8
parts layout
  6
CONTINUOUS
 62
  256
370
   -1
100
AcDbLine
 10
-1.705759
 20
-5.641069000000002
 11
-1.710109000000003
 21
-5.642721000000009
  0
LINE
  5
99C
100
AcDbEntity
  8
parts layout
  6
CONTINUOUS
 62
  256
370
   -1
100
AcDbLine
 10
-1.710109000000003
 20
-5.642721000000009
 11
-1.829031999999998
 21
-5.654767000000007
  0
LINE
  5
99D
100
AcDbEntity
  8
parts layout
  6
CONTINUOUS
 62
  256
370
   -1
100
AcDbLine
 10
-1.829031999999998
 20
-5.654767000000007
 11
-2.061222000000001
 21
-5.705326999999997
  0
LINE
  5
99E
100
AcDbEntity
  8
parts layout
  6
CONTINUOUS
 62
  256
370
   -1
100
AcDbLine
 10
-2.061222000000001
 20
-5.705326999999997
 11
-2.303235000000001
 21
-5.790003999999996
  0
LINE
  5
99F
100
AcDbEntity
  8
parts layout
  6
CONTINUOUS
 62
  256
370
   -1
100
AcDbLine
 10
-2.303235000000001
 20
-5.790003999999996
 11
-2.533124000000001
 21
-5.903543999999997
  0
LINE
  5
9A0
100
AcDbEntity
  8
parts layout
  6
CONTINUOUS
 62
  256
370
   -1
100
AcDbLine
 10
-2.533124000000001
 20
-5.903543999999997
 11
-2.747461999999999
 21
-6.044254000000009
  0
LINE
  5
9A1
100
AcDbEntity
  8
parts layout
  6
CONTINUOUS
 62
  256
370
   -1
100
AcDbLine
 10
-2.747461999999999
 20
-6.044254000000009
 11
-2.943054000000004
 21
-6.210036000000002
  0
LINE
  5
9A2
100
AcDbEntity
  8
parts layout
  6
CONTINUOUS
 62
  256
370
   -1
100
AcDbLine
 10
-2.943054000000004
 20
-6.210036000000002
 11
-3.116985
 21
-6.398419000000004
  0
LINE
  5
9A3
100
AcDbEntity
  8
parts layout
  6
CONTINUOUS
 62
  256
370
   -1
100
AcDbLine
 10
-3.116985
 20
-6.398419000000004
 11
-3.266661999999997
 21
-6.606594999999999
  0
LINE
  5
9A4
100
AcDbEntity
  8
parts layout
  6
CONTINUOUS
 62
  256
370
   -1
100
AcDbLine
 10
-3.266661999999997
 20
-6.606594999999999
 11
-3.389852000000005
 21
-6.831461000000004
  0
LINE
  5
9A5
100
AcDbEntity
  8
parts layout
  6
CONTINUOUS
 62
  256
370
   -1
100
AcDbLine
 10
-3.389852000000005
 20
-6.831461000000004
 11
-3.484719999999996
 21
-7.069663000000006
  0
LINE
  5
9A6
100
AcDbEntity
  8
parts layout
  6
CONTINUOUS
 62
  256
370
   -1
100
AcDbLine
 10
-3.484719999999996
 20
-7.069663000000006
 11
-3.549851000000004
 21
-7.317650999999998
  0
LINE
  5
9A7
100
AcDbEntity
  8
parts layout
  6
CONTINUOUS
 62
  256
370
   -1
100
AcDbLine
 10
-3.549851000000004
 20
-7.317650999999998
 11
-3.566997000000001
 21
-7.444698000000002
  0
LINE
  5
9A8
100
AcDbEntity
  8
parts layout
  6
CONTINUOUS
 62
  256
370
   -1
100
AcDbLine
 10
-3.566997000000001
 20
-7.444698000000002
 11
-3.571441000000007
 21
-7.453924999999998
  0
LINE
  5
9A9
100
AcDbEntity
  8
parts layout
  6
CONTINUOUS
 62
  256
370
   -1
100
AcDbLine
 10
-3.571441000000007
 20
-7.453924999999998
 11
-3.571441000000007
 21
-7.470731999999998
  0
LINE
  5
9AA
100
AcDbEntity
  8
parts layout
  6
CONTINUOUS
 62
  256
370
   -1
100
AcDbLine
 10
-3.571441000000007
 20
-7.470731999999998
 11
-3.582639999999998
 21
-7.497768000000008
  0
LINE
  5
9AB
100
AcDbEntity
  8
parts layout
  6
CONTINUOUS
 62
  256
370
   -1
100
AcDbLine
 10
-3.582639999999998
 20
-7.497768000000008
 11
-3.603332000000009
 21
-7.518460000000005
  0
LINE
  5
9AC
100
AcDbEntity
  8
parts layout
  6
CONTINUOUS
 62
  256
370
   -1
100
AcDbLine
 10
-3.603332000000009
 20
-7.518460000000005
 11
-3.630368000000004
 21
-7.529659000000009
  0
LINE
  5
9AD
100
AcDbEntity
  8
parts layout
  6
CONTINUOUS
 62
  256
370
   -1
100
AcDbLine
 10
-3.630368000000004
 20
-7.529659000000009
 11
-3.644999999999996
 21
-7.531100000000009
  0
LINE
  5
9AE
100
AcDbEntity
  8
parts layout
  6
CONTINUOUS
 62
  256
370
   -1
100
AcDbLine
 10
-3.644999999999996
 20
-7.531100000000009
 11
-6.924999999999997
 21
-7.531100000000009
  0
LINE
  5
9AF
100
AcDbEntity
  8
parts layout
  6
CONTINUOUS
 62
  256
370
   -1
100
AcDbLine
 10
-6.924999999999997
 20
-7.531100000000009
 11
-6.939632000000003
 21
-7.529659000000009
  0
LINE
  5
9B0
100
AcDbEntity
  8
parts layout
  6
CONTINUOUS
 62
  256
370
   -1
100
AcDbLine
 10
-6.939632000000003
 20
-7.529659000000009
 11
-6.966667999999999
 21
-7.518460000000005
  0
LINE
  5
9B1
100
AcDbEntity
  8
parts layout
  6
CONTINUOUS
 62
  256
370
   -1
100
AcDbLine
 10
-6.966667999999999
 20
-7.518460000000005
 11
-6.987359999999995
 21
-7.497768000000008
  0
LINE
  5
9B2
100
AcDbEntity
  8
parts layout
  6
CONTINUOUS
 62
  256
370
   -1
100
AcDbLine
 10
-6.987359999999995
 20
-7.497768000000008
 11
-6.998559
 21
-7.470731999999998
  0
LINE
  5
9B3
100
AcDbEntity
  8
parts layout
  6
CONTINUOUS
 62
  256
370
   -1
100
AcDbLine
 10
-6.998559
 20
-7.470731999999998
 11
-7
 21
-7.456100000000006
  0
LINE
  5
9B4
100
AcDbEntity
  8
parts layout
  6
CONTINUOUS
 62
  256
370
   -1
100
AcDbLine
 10
-7
 20
-7.456100000000006
 11
-7
 21
-7.096100000000007
  0
LINE
  5
9B5
100
AcDbEntity
  8
parts layout
  6
CONTINUOUS
 62
  256
370
   -1
100
AcDbLine
 10
-7
 20
-7.096100000000007
 11
-6.998559
 21
-7.081468000000001
  0
LINE
  5
9B6
100
AcDbEntity
  8
parts layout
  6
CONTINUOUS
 62
  256
370
   -1
100
AcDbLine
 10
-6.998559
 20
-7.081468000000001
 11
-6.987359999999995
 21
-7.054432000000006
  0
LINE
  5
9B7
100
AcDbEntity
  8
parts layout
  6
CONTINUOUS
 62
  256
370
   -1
100
AcDbLine
 10
-6.987359999999995
 20
-7.054432000000006
 11
-6.966667999999999
 21
-7.033740000000009
  0
LINE
  5
9B8
100
AcDbEntity
  8
parts layout
  6
CONTINUOUS
 62
  256
370
   -1
100
AcDbLine
 10
-6.966667999999999
 20
-7.033740000000009
 11
-6.939632000000003
 21
-7.022541000000004
  0
LINE
  5
9B9
100
AcDbEntity
  8
parts layout
  6
CONTINUOUS
 62
  256
370
   -1
100
AcDbLine
 10
-6.939632000000003
 20
-7.022541000000004
 11
-6.924999999999997
 21
-7.021100000000004
  0
LINE
  5
9BA
100
AcDbEntity
  8
parts layout
  6
CONTINUOUS
 62
  256
370
   -1
100
AcDbLine
 10
-6.924999999999997
 20
-7.021100000000004
 11
-6.798388000000003
 21
-7.021100000000004
  0
LINE
  5
9BB
100
AcDbEntity
  8
parts layout
  6
CONTINUOUS
 62
  256
370
   -1
100
AcDbLine
 10
-6.798388000000003
 20
-7.021100000000004
 11
-6.773773000000006
 21
-7.010903999999996
  0
LINE
  5
9BC
100
AcDbEntity
  8
parts layout
  6
CONTINUOUS
 62
  256
370
   -1
100
AcDbLine
 10
-6.773773000000006
 20
-7.010903999999996
 11
-6.769999999999996
 21
-7.010531999999998
  0
LINE
  5
9BD
100
AcDbEntity
  8
parts layout
  6
CONTINUOUS
 62
  256
370
   -1
100
AcDbLine
 10
-6.769999999999996
 20
-7.010531999999998
 11
-6.769999999999996
 21
-4.931100000000001
  0
LINE
  5
9BE
100
AcDbEntity
  8
parts layout
  6
CONTINUOUS
 62
  256
370
   -1
100
AcDbLine
 10
-6.769999999999996
 20
-4.931100000000001
 11
-6.924999999999997
 21
-4.931100000000001
  0
LINE
  5
9BF
100
AcDbEntity
  8
parts layout
  6
CONTINUOUS
 62
  256
370
   -1
100
AcDbLine
 10
-6.924999999999997
 20
-4.931100000000001
 11
-6.939632000000003
 21
-4.929659000000001
  0
LINE
  5
9C0
100
AcDbEntity
  8
parts layout
  6
CONTINUOUS
 62
  256
370
   -1
100
AcDbLine
 10
-6.939632000000003
 20
-4.929659000000001
 11
-6.966667999999999
 21
-4.918459999999996
  0
LINE
  5
9C1
100
AcDbEntity
  8
parts layout
  6
CONTINUOUS
 62
  256
370
   -1
100
AcDbLine
 10
-6.966667999999999
 20
-4.918459999999996
 11
-6.987359999999995
 21
-4.897767999999999
  0
LINE
  5
9C2
100
AcDbEntity
  8
parts layout
  6
CONTINUOUS
 62
  256
370
   -1
100
AcDbLine
 10
-6.987359999999995
 20
-4.897767999999999
 11
-6.998559
 21
-4.870732000000004
  0
LINE
  5
9C3
100
AcDbEntity
  8
parts layout
  6
CONTINUOUS
 62
  256
370
   -1
100
AcDbLine
 10
-6.998559
 20
-4.870732000000004
 11
-7
 21
-4.856099999999998
  0
LINE
  5
9C4
100
AcDbEntity
  8
parts layout
  6
CONTINUOUS
 62
  256
370
   -1
100
AcDbLine
 10
-7
 20
-4.856099999999998
 11
-7
 21
-3.856099999999998
  0
LINE
  5
9C5
100
AcDbEntity
  8
parts layout
  6
CONTINUOUS
 62
  256
370
   -1
100
AcDbLine
 10
-7
 20
-3.856099999999998
 11
-6.999705000000006
 21
-3.853099999999998
  0
LINE
  5
9C6
100
AcDbEntity
  8
parts layout
  6
CONTINUOUS
 62
  256
370
   -1
100
AcDbLine
 10
-6.999705000000006
 20
-3.853099999999998
 11
-6.999905999999996
 21
-3.852356
  0
LINE
  5
9C7
100
AcDbEntity
  8
parts layout
  6
CONTINUOUS
 62
  256
370
   -1
100
AcDbLine
 10
-6.999905999999996
 20
-3.852356
 11
-6.968614000000002
 21
-3.582414
  0
LINE
  5
9C8
100
AcDbEntity
  8
parts layout
  6
CONTINUOUS
 62
  256
370
   -1
100
AcDbLine
 10
-6.968614000000002
 20
-3.582414
 11
-6.902355
 21
-3.318865000000002
  0
LINE
  5
9C9
100
AcDbEntity
  8
parts layout
  6
CONTINUOUS
 62
  256
370
   -1
100
AcDbLine
 10
-6.902355
 20
-3.318865000000002
 11
-6.802262999999996
 21
-3.066220000000001
  0
LINE
  5
9CA
100
AcDbEntity
  8
parts layout
  6
CONTINUOUS
 62
  256
370
   -1
100
AcDbLine
 10
-6.802262999999996
 20
-3.066220000000001
 11
-6.670050000000003
 21
-2.828800999999999
  0
LINE
  5
9CB
100
AcDbEntity
  8
parts layout
  6
CONTINUOUS
 62
  256
370
   -1
100
AcDbLine
 10
-6.670050000000003
 20
-2.828800999999999
 11
-6.507979000000006
 21
-2.610670999999996
  0
LINE
  5
9CC
100
AcDbEntity
  8
parts layout
  6
CONTINUOUS
 62
  256
370
   -1
100
AcDbLine
 10
-6.507979000000006
 20
-2.610670999999996
 11
-6.318822999999995
 21
-2.415560999999997
  0
LINE
  5
9CD
100
AcDbEntity
  8
parts layout
  6
CONTINUOUS
 62
  256
370
   -1
100
AcDbLine
 10
-6.318822999999995
 20
-2.415560999999997
 11
-6.105817000000002
 21
-2.246809999999996
  0
LINE
  5
9CE
100
AcDbEntity
  8
parts layout
  6
CONTINUOUS
 62
  256
370
   -1
100
AcDbLine
 10
-6.105817000000002
 20
-2.246809999999996
 11
-5.872608
 21
-2.107306000000008
  0
LINE
  5
9CF
100
AcDbEntity
  8
parts layout
  6
CONTINUOUS
 62
  256
370
   -1
100
AcDbLine
 10
-5.872608
 20
-2.107306000000008
 11
-5.623185000000007
 21
-1.999435000000005
  0
LINE
  5
9D0
100
AcDbEntity
  8
parts layout
  6
CONTINUOUS
 62
  256
370
   -1
100
AcDbLine
 10
-5.623185000000007
 20
-1.999435000000005
 11
-5.361816000000005
 21
-1.925043000000002
  0
LINE
  5
9D1
100
AcDbEntity
  8
parts layout
  6
CONTINUOUS
 62
  256
370
   -1
100
AcDbLine
 10
-5.361816000000005
 20
-1.925043000000002
 11
-5.092973000000001
 21
-1.885402999999997
  0
LINE
  5
9D2
100
AcDbEntity
  8
parts layout
  6
CONTINUOUS
 62
  256
370
   -1
100
AcDbLine
 10
-5.092973000000001
 20
-1.885402999999997
 11
-4.826833000000008
 21
-1.881280000000004
  0
LINE
  5
9D3
100
AcDbEntity
  8
parts layout
  6
CONTINUOUS
 62
  256
370
   -1
100
AcDbLine
 10
-4.826833000000008
 20
-1.881280000000004
 11
-4.825001
 21
-1.881100000000004
  0
LINE
  5
9D4
100
AcDbEntity
  8
parts layout
  6
CONTINUOUS
 62
  256
370
   -1
100
AcDbLine
 10
-4.825001
 20
-1.881100000000004
 11
3.575000000000003
 21
-1.881100000000004
  0
LINE
  5
9D5
100
AcDbEntity
  8
parts layout
  6
CONTINUOUS
 62
  256
370
   -1
100
AcDbLine
 10
3.575000000000003
 20
-1.881100000000004
 11
3.589631999999995
 21
-1.882541000000003
  0
LINE
  5
9D6
100
AcDbEntity
  8
parts layout
  6
CONTINUOUS
 62
  256
370
   -1
100
AcDbLine
 10
-5.928277000000008
 20
-7.006100000000004
 11
-5.917828
 21
-7.006100000000004
  0
LINE
  5
9D7
100
AcDbEntity
  8
parts layout
  6
CONTINUOUS
 62
  256
370
   -1
100
AcDbLine
 10
-5.917828
 20
-7.006100000000004
 11
-5.927940000000007
 21
-7.000948000000008
  0
LINE
  5
9D8
100
AcDbEntity
  8
parts layout
  6
CONTINUOUS
 62
  256
370
   -1
100
AcDbLine
 10
-5.927940000000007
 20
-7.000948000000008
 11
-5.928277000000008
 21
-7.006100000000004
  0
LINE
  5
9D9
100
AcDbEntity
  8
parts layout
  6
CONTINUOUS
 62
  256
370
   -1
100
AcDbLine
 10
65.61528499999999
 20
-2.649160000000009
 11
65.796397
 21
-2.724179000000007
  0
LINE
  5
9DA
100
AcDbEntity
  8
parts layout
  6
CONTINUOUS
 62
  256
370
   -1
100
AcDbLine
 10
65.796397
 20
-2.724179000000007
 11
65.95939299999999
 21
-2.833089999999999
  0
LINE
  5
9DB
100
AcDbEntity
  8
parts layout
  6
CONTINUOUS
 62
  256
370
   -1
100
AcDbLine
 10
65.95939299999999
 20
-2.833089999999999
 11
66.09801
 21
-2.971707000000009
  0
LINE
  5
9DC
100
AcDbEntity
  8
parts layout
  6
CONTINUOUS
 62
  256
370
   -1
100
AcDbLine
 10
66.09801
 20
-2.971707000000009
 11
66.20692100000001
 21
-3.134703000000002
  0
LINE
  5
9DD
100
AcDbEntity
  8
parts layout
  6
CONTINUOUS
 62
  256
370
   -1
100
AcDbLine
 10
66.20692100000001
 20
-3.134703000000002
 11
66.28194000000001
 21
-3.315815000000001
  0
LINE
  5
9DE
100
AcDbEntity
  8
parts layout
  6
CONTINUOUS
 62
  256
370
   -1
100
AcDbLine
 10
66.28194000000001
 20
-3.315815000000001
 11
66.320185
 21
-3.508082999999999
  0
LINE
  5
9DF
100
AcDbEntity
  8
parts layout
  6
CONTINUOUS
 62
  256
370
   -1
100
AcDbLine
 10
66.320185
 20
-3.508082999999999
 11
66.320185
 21
-3.704116999999997
  0
LINE
  5
9E0
100
AcDbEntity
  8
parts layout
  6
CONTINUOUS
 62
  256
370
   -1
100
AcDbLine
 10
66.320185
 20
-3.704116999999997
 11
66.28194000000001
 21
-3.896385000000009
  0
LINE
  5
9E1
100
AcDbEntity
  8
parts layout
  6
CONTINUOUS
 62
  256
370
   -1
100
AcDbLine
 10
66.28194000000001
 20
-3.896385000000009
 11
66.20692100000001
 21
-4.077497000000008
  0
LINE
  5
9E2
100
AcDbEntity
  8
parts layout
  6
CONTINUOUS
 62
  256
370
   -1
100
AcDbLine
 10
66.20692100000001
 20
-4.077497000000008
 11
66.09801
 21
-4.240493000000001
  0
LINE
  5
9E3
100
AcDbEntity
  8
parts layout
  6
CONTINUOUS
 62
  256
370
   -1
100
AcDbLine
 10
66.09801
 20
-4.240493000000001
 11
65.95939299999999
 21
-4.379109999999997
  0
LINE
  5
9E4
100
AcDbEntity
  8
parts layout
  6
CONTINUOUS
 62
  256
370
   -1
100
AcDbLine
 10
65.95939299999999
 20
-4.379109999999997
 11
65.796397
 21
-4.488021000000003
  0
LINE
  5
9E5
100
AcDbEntity
  8
parts layout
  6
CONTINUOUS
 62
  256
370
   -1
100
AcDbLine
 10
65.796397
 20
-4.488021000000003
 11
65.61528499999999
 21
-4.563040000000001
  0
LINE
  5
9E6
100
AcDbEntity
  8
parts layout
  6
CONTINUOUS
 62
  256
370
   -1
100
AcDbLine
 10
65.61528499999999
 20
-4.563040000000001
 11
65.423017
 21
-4.601285000000004
  0
LINE
  5
9E7
100
AcDbEntity
  8
parts layout
  6
CONTINUOUS
 62
  256
370
   -1
100
AcDbLine
 10
65.423017
 20
-4.601285000000004
 11
65.226983
 21
-4.601285000000004
  0
LINE
  5
9E8
100
AcDbEntity
  8
parts layout
  6
CONTINUOUS
 62
  256
370
   -1
100
AcDbLine
 10
65.226983
 20
-4.601285000000004
 11
65.03471499999999
 21
-4.563040000000001
  0
LINE
  5
9E9
100
AcDbEntity
  8
parts layout
  6
CONTINUOUS
 62
  256
370
   -1
100
AcDbLine
 10
65.03471499999999
 20
-4.563040000000001
 11
64.85360300000001
 21
-4.488021000000003
  0
LINE
  5
9EA
100
AcDbEntity
  8
parts layout
  6
CONTINUOUS
 62
  256
370
   -1
100
AcDbLine
 10
64.85360300000001
 20
-4.488021000000003
 11
64.69060699999999
 21
-4.379109999999997
  0
LINE
  5
9EB
100
AcDbEntity
  8
parts layout
  6
CONTINUOUS
 62
  256
370
   -1
100
AcDbLine
 10
64.69060699999999
 20
-4.379109999999997
 11
64.55199
 21
-4.240493000000001
  0
LINE
  5
9EC
100
AcDbEntity
  8
parts layout
  6
CONTINUOUS
 62
  256
370
   -1
100
AcDbLine
 10
64.55199
 20
-4.240493000000001
 11
64.443079
 21
-4.077497000000008
  0
LINE
  5
9ED
100
AcDbEntity
  8
parts layout
  6
CONTINUOUS
 62
  256
370
   -1
100
AcDbLine
 10
64.443079
 20
-4.077497000000008
 11
64.36806
 21
-3.896385000000009
  0
LINE
  5
9EE
100
AcDbEntity
  8
parts layout
  6
CONTINUOUS
 62
  256
370
   -1
100
AcDbLine
 10
64.36806
 20
-3.896385000000009
 11
64.32981499999998
 21
-3.704116999999997
  0
LINE
  5
9EF
100
AcDbEntity
  8
parts layout
  6
CONTINUOUS
 62
  256
370
   -1
100
AcDbLine
 10
64.32981499999998
 20
-3.704116999999997
 11
64.32981499999998
 21
-3.508082999999999
  0
LINE
  5
9F0
100
AcDbEntity
  8
parts layout
  6
CONTINUOUS
 62
  256
370
   -1
100
AcDbLine
 10
64.32981499999998
 20
-3.508082999999999
 11
64.36806
 21
-3.315815000000001
  0
LINE
  5
9F1
100
AcDbEntity
  8
parts layout
  6
CONTINUOUS
 62
  256
370
   -1
100
AcDbLine
 10
64.36806
 20
-3.315815000000001
 11
64.443079
 21
-3.134703000000002
  0
LINE
  5
9F2
100
AcDbEntity
  8
parts layout
  6
CONTINUOUS
 62
  256
370
   -1
100
AcDbLine
 10
64.443079
 20
-3.134703000000002
 11
64.55199
 21
-2.971707000000009
  0
LINE
  5
9F3
100
AcDbEntity
  8
parts layout
  6
CONTINUOUS
 62
  256
370
   -1
100
AcDbLine
 10
64.55199
 20
-2.971707000000009
 11
64.69060699999999
 21
-2.833089999999999
  0
LINE
  5
9F4
100
AcDbEntity
  8
parts layout
  6
CONTINUOUS
 62
  256
370
   -1
100
AcDbLine
 10
64.69060699999999
 20
-2.833089999999999
 11
64.85360300000001
 21
-2.724179000000007
  0
LINE
  5
9F5
100
AcDbEntity
  8
parts layout
  6
CONTINUOUS
 62
  256
370
   -1
100
AcDbLine
 10
64.85360300000001
 20
-2.724179000000007
 11
65.03471499999999
 21
-2.649160000000009
  0
LINE
  5
9F6
100
AcDbEntity
  8
parts layout
  6
CONTINUOUS
 62
  256
370
   -1
100
AcDbLine
 10
65.03471499999999
 20
-2.649160000000009
 11
65.226983
 21
-2.610915000000006
  0
LINE
  5
9F7
100
AcDbEntity
  8
parts layout
  6
CONTINUOUS
 62
  256
370
   -1
100
AcDbLine
 10
65.226983
 20
-2.610915000000006
 11
65.423017
 21
-2.610915000000006
  0
LINE
  5
9F8
100
AcDbEntity
  8
parts layout
  6
CONTINUOUS
 62
  256
370
   -1
100
AcDbLine
 10
65.423017
 20
-2.610915000000006
 11
65.61528499999999
 21
-2.649160000000009
  0
LINE
  5
9F9
100
AcDbEntity
  8
parts layout
  6
CONTINUOUS
 62
  256
370
   -1
100
AcDbLine
 10
-51.119567
 20
2.546860999999993
 11
-51.115
 21
2.523899999999998
  0
LINE
  5
9FA
100
AcDbEntity
  8
parts layout
  6
CONTINUOUS
 62
  256
370
   -1
100
AcDbLine
 10
-51.115
 20
2.523899999999998
 11
-51.115
 21
-1.426100000000005
  0
LINE
  5
9FB
100
AcDbEntity
  8
parts layout
  6
CONTINUOUS
 62
  256
370
   -1
100
AcDbLine
 10
-51.115
 20
-1.426100000000005
 11
-49.235
 21
-1.426100000000005
  0
LINE
  5
9FC
100
AcDbEntity
  8
parts layout
  6
CONTINUOUS
 62
  256
370
   -1
100
AcDbLine
 10
-49.235
 20
-1.426100000000005
 11
-49.235
 21
2.523899999999998
  0
LINE
  5
9FD
100
AcDbEntity
  8
parts layout
  6
CONTINUOUS
 62
  256
370
   -1
100
AcDbLine
 10
-49.235
 20
2.523899999999998
 11
-49.230433
 21
2.546860999999993
  0
LINE
  5
9FE
100
AcDbEntity
  8
parts layout
  6
CONTINUOUS
 62
  256
370
   -1
100
AcDbLine
 10
-49.230433
 20
2.546860999999993
 11
-49.197961
 21
2.579332999999991
  0
LINE
  5
9FF
100
AcDbEntity
  8
parts layout
  6
CONTINUOUS
 62
  256
370
   -1
100
AcDbLine
 10
-49.197961
 20
2.579332999999991
 11
-49.152039
 21
2.579332999999991
  0
LINE
  5
A00
100
AcDbEntity
  8
parts layout
  6
CONTINUOUS
 62
  256
370
   -1
100
AcDbLine
 10
-49.152039
 20
2.579332999999991
 11
-49.119567
 21
2.546860999999993
  0
LINE
  5
A01
100
AcDbEntity
  8
parts layout
  6
CONTINUOUS
 62
  256
370
   -1
100
AcDbLine
 10
-49.119567
 20
2.546860999999993
 11
-49.115
 21
2.523899999999998
  0
LINE
  5
A02
100
AcDbEntity
  8
parts layout
  6
CONTINUOUS
 62
  256
370
   -1
100
AcDbLine
 10
-49.115
 20
2.523899999999998
 11
-49.115
 21
-1.486100000000008
  0
LINE
  5
A03
100
AcDbEntity
  8
parts layout
  6
CONTINUOUS
 62
  256
370
   -1
100
AcDbLine
 10
-49.115
 20
-1.486100000000008
 11
-49.119567
 21
-1.509061000000003
  0
LINE
  5
A04
100
AcDbEntity
  8
parts layout
  6
CONTINUOUS
 62
  256
370
   -1
100
AcDbLine
 10
-49.119567
 20
-1.509061000000003
 11
-49.152039
 21
-1.541533000000001
  0
LINE
  5
A05
100
AcDbEntity
  8
parts layout
  6
CONTINUOUS
 62
  256
370
   -1
100
AcDbLine
 10
-49.152039
 20
-1.541533000000001
 11
-49.175
 21
-1.54610000000001
  0
LINE
  5
A06
100
AcDbEntity
  8
parts layout
  6
CONTINUOUS
 62
  256
370
   -1
100
AcDbLine
 10
-49.175
 20
-1.54610000000001
 11
-51.175
 21
-1.54610000000001
  0
LINE
  5
A07
100
AcDbEntity
  8
parts layout
  6
CONTINUOUS
 62
  256
370
   -1
100
AcDbLine
 10
-51.175
 20
-1.54610000000001
 11
-51.197961
 21
-1.541533000000001
  0
LINE
  5
A08
100
AcDbEntity
  8
parts layout
  6
CONTINUOUS
 62
  256
370
   -1
100
AcDbLine
 10
-51.197961
 20
-1.541533000000001
 11
-51.230433
 21
-1.509061000000003
  0
LINE
  5
A09
100
AcDbEntity
  8
parts layout
  6
CONTINUOUS
 62
  256
370
   -1
100
AcDbLine
 10
-51.230433
 20
-1.509061000000003
 11
-51.235
 21
-1.486100000000008
  0
LINE
  5
A0A
100
AcDbEntity
  8
parts layout
  6
CONTINUOUS
 62
  256
370
   -1
100
AcDbLine
 10
-51.235
 20
-1.486100000000008
 11
-51.235
 21
2.523899999999998
  0
LINE
  5
A0B
100
AcDbEntity
  8
parts layout
  6
CONTINUOUS
 62
  256
370
   -1
100
AcDbLine
 10
-51.235
 20
2.523899999999998
 11
-51.230433
 21
2.546860999999993
  0
LINE
  5
A0C
100
AcDbEntity
  8
parts layout
  6
CONTINUOUS
 62
  256
370
   -1
100
AcDbLine
 10
-51.230433
 20
2.546860999999993
 11
-51.197961
 21
2.579332999999991
  0
LINE
  5
A0D
100
AcDbEntity
  8
parts layout
  6
CONTINUOUS
 62
  256
370
   -1
100
AcDbLine
 10
-51.197961
 20
2.579332999999991
 11
-51.152039
 21
2.579332999999991
  0
LINE
  5
A0E
100
AcDbEntity
  8
parts layout
  6
CONTINUOUS
 62
  256
370
   -1
100
AcDbLine
 10
-51.152039
 20
2.579332999999991
 11
-51.119567
 21
2.546860999999993
  0
LINE
  5
A0F
100
AcDbEntity
  8
parts layout
  6
CONTINUOUS
 62
  256
370
   -1
100
AcDbLine
 10
-32.06956700000001
 20
2.546860999999993
 11
-32.065
 21
2.523899999999998
  0
LINE
  5
A10
100
AcDbEntity
  8
parts layout
  6
CONTINUOUS
 62
  256
370
   -1
100
AcDbLine
 10
-32.065
 20
2.523899999999998
 11
-32.065
 21
-1.426100000000005
  0
LINE
  5
A11
100
AcDbEntity
  8
parts layout
  6
CONTINUOUS
 62
  256
370
   -1
100
AcDbLine
 10
-32.065
 20
-1.426100000000005
 11
-30.185
 21
-1.426100000000005
  0
LINE
  5
A12
100
AcDbEntity
  8
parts layout
  6
CONTINUOUS
 62
  256
370
   -1
100
AcDbLine
 10
-30.185
 20
-1.426100000000005
 11
-30.185
 21
2.523899999999998
  0
LINE
  5
A13
100
AcDbEntity
  8
parts layout
  6
CONTINUOUS
 62
  256
370
   -1
100
AcDbLine
 10
-30.185
 20
2.523899999999998
 11
-30.18043299999999
 21
2.546860999999993
  0
LINE
  5
A14
100
AcDbEntity
  8
parts layout
  6
CONTINUOUS
 62
  256
370
   -1
100
AcDbLine
 10
-30.18043299999999
 20
2.546860999999993
 11
-30.147961
 21
2.579332999999991
  0
LINE
  5
A15
100
AcDbEntity
  8
parts layout
  6
CONTINUOUS
 62
  256
370
   -1
100
AcDbLine
 10
-30.147961
 20
2.579332999999991
 11
-30.102039
 21
2.579332999999991
  0
LINE
  5
A16
100
AcDbEntity
  8
parts layout
  6
CONTINUOUS
 62
  256
370
   -1
100
AcDbLine
 10
-30.102039
 20
2.579332999999991
 11
-30.06956700000001
 21
2.546860999999993
  0
LINE
  5
A17
100
AcDbEntity
  8
parts layout
  6
CONTINUOUS
 62
  256
370
   -1
100
AcDbLine
 10
-30.06956700000001
 20
2.546860999999993
 11
-30.065
 21
2.523899999999998
  0
LINE
  5
A18
100
AcDbEntity
  8
parts layout
  6
CONTINUOUS
 62
  256
370
   -1
100
AcDbLine
 10
-30.065
 20
2.523899999999998
 11
-30.065
 21
-1.486100000000008
  0
LINE
  5
A19
100
AcDbEntity
  8
parts layout
  6
CONTINUOUS
 62
  256
370
   -1
100
AcDbLine
 10
-30.065
 20
-1.486100000000008
 11
-30.06956700000001
 21
-1.509061000000003
  0
LINE
  5
A1A
100
AcDbEntity
  8
parts layout
  6
CONTINUOUS
 62
  256
370
   -1
100
AcDbLine
 10
-30.06956700000001
 20
-1.509061000000003
 11
-30.102039
 21
-1.541533000000001
  0
LINE
  5
A1B
100
AcDbEntity
  8
parts layout
  6
CONTINUOUS
 62
  256
370
   -1
100
AcDbLine
 10
-30.102039
 20
-1.541533000000001
 11
-30.125
 21
-1.54610000000001
  0
LINE
  5
A1C
100
AcDbEntity
  8
parts layout
  6
CONTINUOUS
 62
  256
370
   -1
100
AcDbLine
 10
-30.125
 20
-1.54610000000001
 11
-32.125
 21
-1.54610000000001
  0
LINE
  5
A1D
100
AcDbEntity
  8
parts layout
  6
CONTINUOUS
 62
  256
370
   -1
100
AcDbLine
 10
-32.125
 20
-1.54610000000001
 11
-32.147961
 21
-1.541533000000001
  0
LINE
  5
A1E
100
AcDbEntity
  8
parts layout
  6
CONTINUOUS
 62
  256
370
   -1
100
AcDbLine
 10
-32.147961
 20
-1.541533000000001
 11
-32.18043299999999
 21
-1.509061000000003
  0
LINE
  5
A1F
100
AcDbEntity
  8
parts layout
  6
CONTINUOUS
 62
  256
370
   -1
100
AcDbLine
 10
-32.18043299999999
 20
-1.509061000000003
 11
-32.185
 21
-1.486100000000008
  0
LINE
  5
A20
100
AcDbEntity
  8
parts layout
  6
CONTINUOUS
 62
  256
370
   -1
100
AcDbLine
 10
-32.185
 20
-1.486100000000008
 11
-32.185
 21
2.523899999999998
  0
LINE
  5
A21
100
AcDbEntity
  8
parts layout
  6
CONTINUOUS
 62
  256
370
   -1
100
AcDbLine
 10
-32.185
 20
2.523899999999998
 11
-32.18043299999999
 21
2.546860999999993
  0
LINE
  5
A22
100
AcDbEntity
  8
parts layout
  6
CONTINUOUS
 62
  256
370
   -1
100
AcDbLine
 10
-32.18043299999999
 20
2.546860999999993
 11
-32.147961
 21
2.579332999999991
  0
LINE
  5
A23
100
AcDbEntity
  8
parts layout
  6
CONTINUOUS
 62
  256
370
   -1
100
AcDbLine
 10
-32.147961
 20
2.579332999999991
 11
-32.102039
 21
2.579332999999991
  0
LINE
  5
A24
100
AcDbEntity
  8
parts layout
  6
CONTINUOUS
 62
  256
370
   -1
100
AcDbLine
 10
-32.102039
 20
2.579332999999991
 11
-32.06956700000001
 21
2.546860999999993
  0
LINE
  5
A25
100
AcDbEntity
  8
parts layout
  6
CONTINUOUS
 62
  256
370
   -1
100
AcDbLine
 10
44.130433
 20
6.356860999999995
 11
44.13500000000001
 21
6.3339
  0
LINE
  5
A26
100
AcDbEntity
  8
parts layout
  6
CONTINUOUS
 62
  256
370
   -1
100
AcDbLine
 10
44.13500000000001
 20
6.3339
 11
44.13500000000001
 21
2.383899999999997
  0
LINE
  5
A27
100
AcDbEntity
  8
parts layout
  6
CONTINUOUS
 62
  256
370
   -1
100
AcDbLine
 10
44.13500000000001
 20
2.383899999999997
 11
46.015
 21
2.383899999999997
  0
LINE
  5
A28
100
AcDbEntity
  8
parts layout
  6
CONTINUOUS
 62
  256
370
   -1
100
AcDbLine
 10
46.015
 20
2.383899999999997
 11
46.015
 21
6.3339
  0
LINE
  5
A29
100
AcDbEntity
  8
parts layout
  6
CONTINUOUS
 62
  256
370
   -1
100
AcDbLine
 10
46.015
 20
6.3339
 11
46.01956700000001
 21
6.356860999999995
  0
LINE
  5
A2A
100
AcDbEntity
  8
parts layout
  6
CONTINUOUS
 62
  256
370
   -1
100
AcDbLine
 10
46.01956700000001
 20
6.356860999999995
 11
46.05203899999999
 21
6.389332999999993
  0
LINE
  5
A2B
100
AcDbEntity
  8
parts layout
  6
CONTINUOUS
 62
  256
370
   -1
100
AcDbLine
 10
46.05203899999999
 20
6.389332999999993
 11
46.09796099999998
 21
6.389332999999993
  0
LINE
  5
A2C
100
AcDbEntity
  8
parts layout
  6
CONTINUOUS
 62
  256
370
   -1
100
AcDbLine
 10
46.09796099999998
 20
6.389332999999993
 11
46.130433
 21
6.356860999999995
  0
LINE
  5
A2D
100
AcDbEntity
  8
parts layout
  6
CONTINUOUS
 62
  256
370
   -1
100
AcDbLine
 10
46.130433
 20
6.356860999999995
 11
46.13500000000001
 21
6.3339
  0
LINE
  5
A2E
100
AcDbEntity
  8
parts layout
  6
CONTINUOUS
 62
  256
370
   -1
100
AcDbLine
 10
46.13500000000001
 20
6.3339
 11
46.13500000000001
 21
2.323899999999995
  0
LINE
  5
A2F
100
AcDbEntity
  8
parts layout
  6
CONTINUOUS
 62
  256
370
   -1
100
AcDbLine
 10
46.13500000000001
 20
2.323899999999995
 11
46.130433
 21
2.300939
  0
LINE
  5
A30
100
AcDbEntity
  8
parts layout
  6
CONTINUOUS
 62
  256
370
   -1
100
AcDbLine
 10
46.130433
 20
2.300939
 11
46.09796099999998
 21
2.268467000000001
  0
LINE
  5
A31
100
AcDbEntity
  8
parts layout
  6
CONTINUOUS
 62
  256
370
   -1
100
AcDbLine
 10
46.09796099999998
 20
2.268467000000001
 11
46.075
 21
2.263899999999992
  0
LINE
  5
A32
100
AcDbEntity
  8
parts layout
  6
CONTINUOUS
 62
  256
370
   -1
100
AcDbLine
 10
46.075
 20
2.263899999999992
 11
44.075
 21
2.263899999999992
  0
LINE
  5
A33
100
AcDbEntity
  8
parts layout
  6
CONTINUOUS
 62
  256
370
   -1
100
AcDbLine
 10
44.075
 20
2.263899999999992
 11
44.05203899999999
 21
2.268467000000001
  0
LINE
  5
A34
100
AcDbEntity
  8
parts layout
  6
CONTINUOUS
 62
  256
370
   -1
100
AcDbLine
 10
44.05203899999999
 20
2.268467000000001
 11
44.01956700000001
 21
2.300939
  0
LINE
  5
A35
100
AcDbEntity
  8
parts layout
  6
CONTINUOUS
 62
  256
370
   -1
100
AcDbLine
 10
44.01956700000001
 20
2.300939
 11
44.015
 21
2.323899999999995
  0
LINE
  5
A36
100
AcDbEntity
  8
parts layout
  6
CONTINUOUS
 62
  256
370
   -1
100
AcDbLine
 10
44.015
 20
2.323899999999995
 11
44.015
 21
6.3339
  0
LINE
  5
A37
100
AcDbEntity
  8
parts layout
  6
CONTINUOUS
 62
  256
370
   -1
100
AcDbLine
 10
44.015
 20
6.3339
 11
44.01956700000001
 21
6.356860999999995
  0
LINE
  5
A38
100
AcDbEntity
  8
parts layout
  6
CONTINUOUS
 62
  256
370
   -1
100
AcDbLine
 10
44.01956700000001
 20
6.356860999999995
 11
44.05203899999999
 21
6.389332999999993
  0
LINE
  5
A39
100
AcDbEntity
  8
parts layout
  6
CONTINUOUS
 62
  256
370
   -1
100
AcDbLine
 10
44.05203899999999
 20
6.389332999999993
 11
44.09796099999998
 21
6.389332999999993
  0
LINE
  5
A3A
100
AcDbEntity
  8
parts layout
  6
CONTINUOUS
 62
  256
370
   -1
100
AcDbLine
 10
44.09796099999998
 20
6.389332999999993
 11
44.130433
 21
6.356860999999995
  0
LINE
  5
A3B
100
AcDbEntity
  8
parts layout
  6
CONTINUOUS
 62
  256
370
   -1
100
AcDbLine
 10
-53.560368
 20
9.547459000000003
 11
-53.533332
 21
9.536259999999999
  0
LINE
  5
A3C
100
AcDbEntity
  8
parts layout
  6
CONTINUOUS
 62
  256
370
   -1
100
AcDbLine
 10
-53.533332
 20
9.536259999999999
 11
-53.51264
 21
9.515568000000002
  0
LINE
  5
A3D
100
AcDbEntity
  8
parts layout
  6
CONTINUOUS
 62
  256
370
   -1
100
AcDbLine
 10
-53.51264
 20
9.515568000000002
 11
-53.501441
 21
9.488531999999992
  0
LINE
  5
A3E
100
AcDbEntity
  8
parts layout
  6
CONTINUOUS
 62
  256
370
   -1
100
AcDbLine
 10
-53.501441
 20
9.488531999999992
 11
-53.5
 21
9.4739
  0
LINE
  5
A3F
100
AcDbEntity
  8
parts layout
  6
CONTINUOUS
 62
  256
370
   -1
100
AcDbLine
 10
-53.5
 20
9.4739
 11
-53.5
 21
9.123899999999992
  0
LINE
  5
A40
100
AcDbEntity
  8
parts layout
  6
CONTINUOUS
 62
  256
370
   -1
100
AcDbLine
 10
-53.5
 20
9.123899999999992
 11
-53.501441
 21
9.109268
  0
LINE
  5
A41
100
AcDbEntity
  8
parts layout
  6
CONTINUOUS
 62
  256
370
   -1
100
AcDbLine
 10
-53.501441
 20
9.109268
 11
-53.51264
 21
9.082231999999991
  0
LINE
  5
A42
100
AcDbEntity
  8
parts layout
  6
CONTINUOUS
 62
  256
370
   -1
100
AcDbLine
 10
-53.51264
 20
9.082231999999991
 11
-53.533332
 21
9.061539999999994
  0
LINE
  5
A43
100
AcDbEntity
  8
parts layout
  6
CONTINUOUS
 62
  256
370
   -1
100
AcDbLine
 10
-53.533332
 20
9.061539999999994
 11
-53.560368
 21
9.050341000000003
  0
LINE
  5
A44
100
AcDbEntity
  8
parts layout
  6
CONTINUOUS
 62
  256
370
   -1
100
AcDbLine
 10
-53.560368
 20
9.050341000000003
 11
-53.575
 21
9.048900000000003
  0
LINE
  5
A45
100
AcDbEntity
  8
parts layout
  6
CONTINUOUS
 62
  256
370
   -1
100
AcDbLine
 10
-53.575
 20
9.048900000000003
 11
-53.72
 21
9.048900000000003
  0
LINE
  5
A46
100
AcDbEntity
  8
parts layout
  6
CONTINUOUS
 62
  256
370
   -1
100
AcDbLine
 10
-53.72
 20
9.048900000000003
 11
-53.72
 21
6.963437999999996
  0
LINE
  5
A47
100
AcDbEntity
  8
parts layout
  6
CONTINUOUS
 62
  256
370
   -1
100
AcDbLine
 10
-53.72
 20
6.963437999999996
 11
-53.684904
 21
6.948899999999995
  0
LINE
  5
A48
100
AcDbEntity
  8
parts layout
  6
CONTINUOUS
 62
  256
370
   -1
100
AcDbLine
 10
-53.684904
 20
6.948899999999995
 11
-53.575
 21
6.948899999999995
  0
LINE
  5
A49
100
AcDbEntity
  8
parts layout
  6
CONTINUOUS
 62
  256
370
   -1
100
AcDbLine
 10
-53.575
 20
6.948899999999995
 11
-53.560368
 21
6.947458999999995
  0
LINE
  5
A4A
100
AcDbEntity
  8
parts layout
  6
CONTINUOUS
 62
  256
370
   -1
100
AcDbLine
 10
-53.560368
 20
6.947458999999995
 11
-53.533332
 21
6.93625999999999
  0
LINE
  5
A4B
100
AcDbEntity
  8
parts layout
  6
CONTINUOUS
 62
  256
370
   -1
100
AcDbLine
 10
-53.533332
 20
6.93625999999999
 11
-53.51264
 21
6.915567999999993
  0
LINE
  5
A4C
100
AcDbEntity
  8
parts layout
  6
CONTINUOUS
 62
  256
370
   -1
100
AcDbLine
 10
-53.51264
 20
6.915567999999993
 11
-53.501441
 21
6.888531999999998
  0
LINE
  5
A4D
100
AcDbEntity
  8
parts layout
  6
CONTINUOUS
 62
  256
370
   -1
100
AcDbLine
 10
-53.501441
 20
6.888531999999998
 11
-53.5
 21
6.873899999999992
  0
LINE
  5
A4E
100
AcDbEntity
  8
parts layout
  6
CONTINUOUS
 62
  256
370
   -1
100
AcDbLine
 10
-53.5
 20
6.873899999999992
 11
-53.5
 21
5.873899999999992
  0
LINE
  5
A4F
100
AcDbEntity
  8
parts layout
  6
CONTINUOUS
 62
  256
370
   -1
100
AcDbLine
 10
-53.5
 20
5.873899999999992
 11
-53.501441
 21
5.859268
  0
LINE
  5
A50
100
AcDbEntity
  8
parts layout
  6
CONTINUOUS
 62
  256
370
   -1
100
AcDbLine
 10
-53.501441
 20
5.859268
 11
-53.51264
 21
5.832231999999991
  0
LINE
  5
A51
100
AcDbEntity
  8
parts layout
  6
CONTINUOUS
 62
  256
370
   -1
100
AcDbLine
 10
-53.51264
 20
5.832231999999991
 11
-53.533332
 21
5.811539999999994
  0
LINE
  5
A52
100
AcDbEntity
  8
parts layout
  6
CONTINUOUS
 62
  256
370
   -1
100
AcDbLine
 10
-53.533332
 20
5.811539999999994
 11
-53.560368
 21
5.800341000000003
  0
LINE
  5
A53
100
AcDbEntity
  8
parts layout
  6
CONTINUOUS
 62
  256
370
   -1
100
AcDbLine
 10
-53.560368
 20
5.800341000000003
 11
-53.575
 21
5.798900000000003
  0
LINE
  5
A54
100
AcDbEntity
  8
parts layout
  6
CONTINUOUS
 62
  256
370
   -1
100
AcDbLine
 10
-53.575
 20
5.798900000000003
 11
-58.575
 21
5.798900000000003
  0
LINE
  5
A55
100
AcDbEntity
  8
parts layout
  6
CONTINUOUS
 62
  256
370
   -1
100
AcDbLine
 10
-58.575
 20
5.798900000000003
 11
-58.576767
 21
5.79907399999999
  0
LINE
  5
A56
100
AcDbEntity
  8
parts layout
  6
CONTINUOUS
 62
  256
370
   -1
100
AcDbLine
 10
-58.576767
 20
5.79907399999999
 11
-58.577246
 21
5.798934000000003
  0
LINE
  5
A57
100
AcDbEntity
  8
parts layout
  6
CONTINUOUS
 62
  256
370
   -1
100
AcDbLine
 10
-58.577246
 20
5.798934000000003
 11
-58.705385
 21
5.802837999999994
  0
LINE
  5
A58
100
AcDbEntity
  8
parts layout
  6
CONTINUOUS
 62
  256
370
   -1
100
AcDbLine
 10
-58.705385
 20
5.802837999999994
 11
-58.855759
 21
5.788930999999991
  0
LINE
  5
A59
100
AcDbEntity
  8
parts layout
  6
CONTINUOUS
 62
  256
370
   -1
100
AcDbLine
 10
-58.855759
 20
5.788930999999991
 11
-58.860109
 21
5.787278999999998
  0
LINE
  5
A5A
100
AcDbEntity
  8
parts layout
  6
CONTINUOUS
 62
  256
370
   -1
100
AcDbLine
 10
-58.860109
 20
5.787278999999998
 11
-58.979032
 21
5.775233
  0
LINE
  5
A5B
100
AcDbEntity
  8
parts layout
  6
CONTINUOUS
 62
  256
370
   -1
100
AcDbLine
 10
-58.979032
 20
5.775233
 11
-59.211222
 21
5.724672999999996
  0
LINE
  5
A5C
100
AcDbEntity
  8
parts layout
  6
CONTINUOUS
 62
  256
370
   -1
100
AcDbLine
 10
-59.211222
 20
5.724672999999996
 11
-59.453235
 21
5.639995999999996
  0
LINE
  5
A5D
100
AcDbEntity
  8
parts layout
  6
CONTINUOUS
 62
  256
370
   -1
100
AcDbLine
 10
-59.453235
 20
5.639995999999996
 11
-59.683124
 21
5.526455999999996
  0
LINE
  5
A5E
100
AcDbEntity
  8
parts layout
  6
CONTINUOUS
 62
  256
370
   -1
100
AcDbLine
 10
-59.683124
 20
5.526455999999996
 11
-59.897462
 21
5.385745999999997
  0
LINE
  5
A5F
100
AcDbEntity
  8
parts layout
  6
CONTINUOUS
 62
  256
370
   -1
100
AcDbLine
 10
-59.897462
 20
5.385745999999997
 11
-60.093054
 21
5.21996399999999
  0
LINE
  5
A60
100
AcDbEntity
  8
parts layout
  6
CONTINUOUS
 62
  256
370
   -1
100
AcDbLine
 10
-60.093054
 20
5.21996399999999
 11
-60.266985
 21
5.031581000000003
  0
LINE
  5
A61
100
AcDbEntity
  8
parts layout
  6
CONTINUOUS
 62
  256
370
   -1
100
AcDbLine
 10
-60.266985
 20
5.031581000000003
 11
-60.416662
 21
4.823404999999994
  0
LINE
  5
A62
100
AcDbEntity
  8
parts layout
  6
CONTINUOUS
 62
  256
370
   -1
100
AcDbLine
 10
-60.416662
 20
4.823404999999994
 11
-60.539852
 21
4.598539000000002
  0
LINE
  5
A63
100
AcDbEntity
  8
parts layout
  6
CONTINUOUS
 62
  256
370
   -1
100
AcDbLine
 10
-60.539852
 20
4.598539000000002
 11
-60.63472
 21
4.360337000000001
  0
LINE
  5
A64
100
AcDbEntity
  8
parts layout
  6
CONTINUOUS
 62
  256
370
   -1
100
AcDbLine
 10
-60.63472
 20
4.360337000000001
 11
-60.699851
 21
4.112348999999995
  0
LINE
  5
A65
100
AcDbEntity
  8
parts layout
  6
CONTINUOUS
 62
  256
370
   -1
100
AcDbLine
 10
-60.699851
 20
4.112348999999995
 11
-60.716997
 21
3.98530199999999
  0
LINE
  5
A66
100
AcDbEntity
  8
parts layout
  6
CONTINUOUS
 62
  256
370
   -1
100
AcDbLine
 10
-60.716997
 20
3.98530199999999
 11
-60.721441
 21
3.976074999999994
  0
LINE
  5
A67
100
AcDbEntity
  8
parts layout
  6
CONTINUOUS
 62
  256
370
   -1
100
AcDbLine
 10
-60.721441
 20
3.976074999999994
 11
-60.721441
 21
3.959267999999994
  0
LINE
  5
A68
100
AcDbEntity
  8
parts layout
  6
CONTINUOUS
 62
  256
370
   -1
100
AcDbLine
 10
-60.721441
 20
3.959267999999994
 11
-60.73264
 21
3.932231999999999
  0
LINE
  5
A69
100
AcDbEntity
  8
parts layout
  6
CONTINUOUS
 62
  256
370
   -1
100
AcDbLine
 10
-60.73264
 20
3.932231999999999
 11
-60.753332
 21
3.911540000000002
  0
LINE
  5
A6A
100
AcDbEntity
  8
parts layout
  6
CONTINUOUS
 62
  256
370
   -1
100
AcDbLine
 10
-60.753332
 20
3.911540000000002
 11
-60.780368
 21
3.900340999999997
  0
LINE
  5
A6B
100
AcDbEntity
  8
parts layout
  6
CONTINUOUS
 62
  256
370
   -1
100
AcDbLine
 10
-60.780368
 20
3.900340999999997
 11
-60.795
 21
3.898899999999998
  0
LINE
  5
A6C
100
AcDbEntity
  8
parts layout
  6
CONTINUOUS
 62
  256
370
   -1
100
AcDbLine
 10
-60.795
 20
3.898899999999998
 11
-64.07499999999999
 21
3.898899999999998
  0
LINE
  5
A6D
100
AcDbEntity
  8
parts layout
  6
CONTINUOUS
 62
  256
370
   -1
100
AcDbLine
 10
-64.07499999999999
 20
3.898899999999998
 11
-64.08963199999999
 21
3.900340999999997
  0
LINE
  5
A6E
100
AcDbEntity
  8
parts layout
  6
CONTINUOUS
 62
  256
370
   -1
100
AcDbLine
 10
-64.08963199999999
 20
3.900340999999997
 11
-64.116668
 21
3.911540000000002
  0
LINE
  5
A6F
100
AcDbEntity
  8
parts layout
  6
CONTINUOUS
 62
  256
370
   -1
100
AcDbLine
 10
-64.116668
 20
3.911540000000002
 11
-64.13736
 21
3.932231999999999
  0
LINE
  5
A70
100
AcDbEntity
  8
parts layout
  6
CONTINUOUS
 62
  256
370
   -1
100
AcDbLine
 10
-64.13736
 20
3.932231999999999
 11
-64.14855900000001
 21
3.959267999999994
  0
LINE
  5
A71
100
AcDbEntity
  8
parts layout
  6
CONTINUOUS
 62
  256
370
   -1
100
AcDbLine
 10
-64.14855900000001
 20
3.959267999999994
 11
-64.15000000000001
 21
3.9739
  0
LINE
  5
A72
100
AcDbEntity
  8
parts layout
  6
CONTINUOUS
 62
  256
370
   -1
100
AcDbLine
 10
-64.15000000000001
 20
3.9739
 11
-64.15000000000001
 21
4.3339
  0
LINE
  5
A73
100
AcDbEntity
  8
parts layout
  6
CONTINUOUS
 62
  256
370
   -1
100
AcDbLine
 10
-64.15000000000001
 20
4.3339
 11
-64.14855900000001
 21
4.348531999999992
  0
LINE
  5
A74
100
AcDbEntity
  8
parts layout
  6
CONTINUOUS
 62
  256
370
   -1
100
AcDbLine
 10
-64.14855900000001
 20
4.348531999999992
 11
-64.13736
 21
4.375568000000001
  0
LINE
  5
A75
100
AcDbEntity
  8
parts layout
  6
CONTINUOUS
 62
  256
370
   -1
100
AcDbLine
 10
-64.13736
 20
4.375568000000001
 11
-64.116668
 21
4.396259999999998
  0
LINE
  5
A76
100
AcDbEntity
  8
parts layout
  6
CONTINUOUS
 62
  256
370
   -1
100
AcDbLine
 10
-64.116668
 20
4.396259999999998
 11
-64.08963199999999
 21
4.407459000000003
  0
LINE
  5
A77
100
AcDbEntity
  8
parts layout
  6
CONTINUOUS
 62
  256
370
   -1
100
AcDbLine
 10
-64.08963199999999
 20
4.407459000000003
 11
-64.07499999999999
 21
4.408900000000003
  0
LINE
  5
A78
100
AcDbEntity
  8
parts layout
  6
CONTINUOUS
 62
  256
370
   -1
100
AcDbLine
 10
-64.07499999999999
 20
4.408900000000003
 11
-63.948388
 21
4.408900000000003
  0
LINE
  5
A79
100
AcDbEntity
  8
parts layout
  6
CONTINUOUS
 62
  256
370
   -1
100
AcDbLine
 10
-63.948388
 20
4.408900000000003
 11
-63.923773
 21
4.419095999999996
  0
LINE
  5
A7A
100
AcDbEntity
  8
parts layout
  6
CONTINUOUS
 62
  256
370
   -1
100
AcDbLine
 10
-63.923773
 20
4.419095999999996
 11
-63.92
 21
4.419467999999995
  0
LINE
  5
A7B
100
AcDbEntity
  8
parts layout
  6
CONTINUOUS
 62
  256
370
   -1
100
AcDbLine
 10
-63.92
 20
4.419467999999995
 11
-63.92
 21
6.498899999999992
  0
LINE
  5
A7C
100
AcDbEntity
  8
parts layout
  6
CONTINUOUS
 62
  256
370
   -1
100
AcDbLine
 10
-63.92
 20
6.498899999999992
 11
-64.07499999999999
 21
6.498899999999992
  0
LINE
  5
A7D
100
AcDbEntity
  8
parts layout
  6
CONTINUOUS
 62
  256
370
   -1
100
AcDbLine
 10
-64.07499999999999
 20
6.498899999999992
 11
-64.08963199999999
 21
6.500340999999992
  0
LINE
  5
A7E
100
AcDbEntity
  8
parts layout
  6
CONTINUOUS
 62
  256
370
   -1
100
AcDbLine
 10
-64.08963199999999
 20
6.500340999999992
 11
-64.116668
 21
6.511539999999997
  0
LINE
  5
A7F
100
AcDbEntity
  8
parts layout
  6
CONTINUOUS
 62
  256
370
   -1
100
AcDbLine
 10
-64.116668
 20
6.511539999999997
 11
-64.13736
 21
6.532231999999993
  0
LINE
  5
A80
100
AcDbEntity
  8
parts layout
  6
CONTINUOUS
 62
  256
370
   -1
100
AcDbLine
 10
-64.13736
 20
6.532231999999993
 11
-64.14855900000001
 21
6.559268000000003
  0
LINE
  5
A81
100
AcDbEntity
  8
parts layout
  6
CONTINUOUS
 62
  256
370
   -1
100
AcDbLine
 10
-64.14855900000001
 20
6.559268000000003
 11
-64.15000000000001
 21
6.573899999999995
  0
LINE
  5
A82
100
AcDbEntity
  8
parts layout
  6
CONTINUOUS
 62
  256
370
   -1
100
AcDbLine
 10
-64.15000000000001
 20
6.573899999999995
 11
-64.15000000000001
 21
7.573899999999995
  0
LINE
  5
A83
100
AcDbEntity
  8
parts layout
  6
CONTINUOUS
 62
  256
370
   -1
100
AcDbLine
 10
-64.15000000000001
 20
7.573899999999995
 11
-64.149705
 21
7.576899999999995
  0
LINE
  5
A84
100
AcDbEntity
  8
parts layout
  6
CONTINUOUS
 62
  256
370
   -1
100
AcDbLine
 10
-64.149705
 20
7.576899999999995
 11
-64.149906
 21
7.577643999999992
  0
LINE
  5
A85
100
AcDbEntity
  8
parts layout
  6
CONTINUOUS
 62
  256
370
   -1
100
AcDbLine
 10
-64.149906
 20
7.577643999999992
 11
-64.11861400000001
 21
7.847585999999993
  0
LINE
  5
A86
100
AcDbEntity
  8
parts layout
  6
CONTINUOUS
 62
  256
370
   -1
100
AcDbLine
 10
-64.11861400000001
 20
7.847585999999993
 11
-64.05235500000001
 21
8.11113499999999
  0
LINE
  5
A87
100
AcDbEntity
  8
parts layout
  6
CONTINUOUS
 62
  256
370
   -1
100
AcDbLine
 10
-64.05235500000001
 20
8.11113499999999
 11
-63.952263
 21
8.363779999999991
  0
LINE
  5
A88
100
AcDbEntity
  8
parts layout
  6
CONTINUOUS
 62
  256
370
   -1
100
AcDbLine
 10
-63.952263
 20
8.363779999999991
 11
-63.82005
 21
8.601198999999994
  0
LINE
  5
A89
100
AcDbEntity
  8
parts layout
  6
CONTINUOUS
 62
  256
370
   -1
100
AcDbLine
 10
-63.82005
 20
8.601198999999994
 11
-63.657979
 21
8.819328999999996
  0
LINE
  5
A8A
100
AcDbEntity
  8
parts layout
  6
CONTINUOUS
 62
  256
370
   -1
100
AcDbLine
 10
-63.657979
 20
8.819328999999996
 11
-63.468823
 21
9.014438999999996
  0
LINE
  5
A8B
100
AcDbEntity
  8
parts layout
  6
CONTINUOUS
 62
  256
370
   -1
100
AcDbLine
 10
-63.468823
 20
9.014438999999996
 11
-63.255817
 21
9.183189999999996
  0
LINE
  5
A8C
100
AcDbEntity
  8
parts layout
  6
CONTINUOUS
 62
  256
370
   -1
100
AcDbLine
 10
-63.255817
 20
9.183189999999996
 11
-63.022608
 21
9.322693999999998
  0
LINE
  5
A8D
100
AcDbEntity
  8
parts layout
  6
CONTINUOUS
 62
  256
370
   -1
100
AcDbLine
 10
-63.022608
 20
9.322693999999998
 11
-62.773185
 21
9.430565000000001
  0
LINE
  5
A8E
100
AcDbEntity
  8
parts layout
  6
CONTINUOUS
 62
  256
370
   -1
100
AcDbLine
 10
-62.773185
 20
9.430565000000001
 11
-62.511816
 21
9.50495699999999
  0
LINE
  5
A8F
100
AcDbEntity
  8
parts layout
  6
CONTINUOUS
 62
  256
370
   -1
100
AcDbLine
 10
-62.511816
 20
9.50495699999999
 11
-62.242973
 21
9.544596999999996
  0
LINE
  5
A90
100
AcDbEntity
  8
parts layout
  6
CONTINUOUS
 62
  256
370
   -1
100
AcDbLine
 10
-62.242973
 20
9.544596999999996
 11
-61.976833
 21
9.548720000000003
  0
LINE
  5
A91
100
AcDbEntity
  8
parts layout
  6
CONTINUOUS
 62
  256
370
   -1
100
AcDbLine
 10
-61.976833
 20
9.548720000000003
 11
-61.975001
 21
9.548900000000003
  0
LINE
  5
A92
100
AcDbEntity
  8
parts layout
  6
CONTINUOUS
 62
  256
370
   -1
100
AcDbLine
 10
-61.975001
 20
9.548900000000003
 11
-53.575
 21
9.548900000000003
  0
LINE
  5
A93
100
AcDbEntity
  8
parts layout
  6
CONTINUOUS
 62
  256
370
   -1
100
AcDbLine
 10
-53.575
 20
9.548900000000003
 11
-53.560368
 21
9.547459000000003
  0
LINE
  5
A94
100
AcDbEntity
  8
parts layout
  6
CONTINUOUS
 62
  256
370
   -1
100
AcDbLine
 10
-63.078277
 20
4.423900000000003
 11
-63.067828
 21
4.423900000000003
  0
LINE
  5
A95
100
AcDbEntity
  8
parts layout
  6
CONTINUOUS
 62
  256
370
   -1
100
AcDbLine
 10
-63.067828
 20
4.423900000000003
 11
-63.07794
 21
4.429051999999999
  0
LINE
  5
A96
100
AcDbEntity
  8
parts layout
  6
CONTINUOUS
 62
  256
370
   -1
100
AcDbLine
 10
-63.07794
 20
4.429051999999999
 11
-63.078277
 21
4.423900000000003
  0
LINE
  5
A97
100
AcDbEntity
  8
parts layout
  6
CONTINUOUS
 62
  256
370
   -1
100
AcDbLine
 10
-34.510368
 20
9.547459000000003
 11
-34.483332
 21
9.536259999999999
  0
LINE
  5
A98
100
AcDbEntity
  8
parts layout
  6
CONTINUOUS
 62
  256
370
   -1
100
AcDbLine
 10
-34.483332
 20
9.536259999999999
 11
-34.46264000000001
 21
9.515568000000002
  0
LINE
  5
A99
100
AcDbEntity
  8
parts layout
  6
CONTINUOUS
 62
  256
370
   -1
100
AcDbLine
 10
-34.46264000000001
 20
9.515568000000002
 11
-34.451441
 21
9.488531999999992
  0
LINE
  5
A9A
100
AcDbEntity
  8
parts layout
  6
CONTINUOUS
 62
  256
370
   -1
100
AcDbLine
 10
-34.451441
 20
9.488531999999992
 11
-34.45
 21
9.4739
  0
LINE
  5
A9B
100
AcDbEntity
  8
parts layout
  6
CONTINUOUS
 62
  256
370
   -1
100
AcDbLine
 10
-34.45
 20
9.4739
 11
-34.45
 21
9.123899999999992
  0
LINE
  5
A9C
100
AcDbEntity
  8
parts layout
  6
CONTINUOUS
 62
  256
370
   -1
100
AcDbLine
 10
-34.45
 20
9.123899999999992
 11
-34.451441
 21
9.109268
  0
LINE
  5
A9D
100
AcDbEntity
  8
parts layout
  6
CONTINUOUS
 62
  256
370
   -1
100
AcDbLine
 10
-34.451441
 20
9.109268
 11
-34.46264000000001
 21
9.082231999999991
  0
LINE
  5
A9E
100
AcDbEntity
  8
parts layout
  6
CONTINUOUS
 62
  256
370
   -1
100
AcDbLine
 10
-34.46264000000001
 20
9.082231999999991
 11
-34.483332
 21
9.061539999999994
  0
LINE
  5
A9F
100
AcDbEntity
  8
parts layout
  6
CONTINUOUS
 62
  256
370
   -1
100
AcDbLine
 10
-34.483332
 20
9.061539999999994
 11
-34.510368
 21
9.050341000000003
  0
LINE
  5
AA0
100
AcDbEntity
  8
parts layout
  6
CONTINUOUS
 62
  256
370
   -1
100
AcDbLine
 10
-34.510368
 20
9.050341000000003
 11
-34.52500000000001
 21
9.048900000000003
  0
LINE
  5
AA1
100
AcDbEntity
  8
parts layout
  6
CONTINUOUS
 62
  256
370
   -1
100
AcDbLine
 10
-34.52500000000001
 20
9.048900000000003
 11
-34.67
 21
9.048900000000003
  0
LINE
  5
AA2
100
AcDbEntity
  8
parts layout
  6
CONTINUOUS
 62
  256
370
   -1
100
AcDbLine
 10
-34.67
 20
9.048900000000003
 11
-34.67
 21
6.963437999999996
  0
LINE
  5
AA3
100
AcDbEntity
  8
parts layout
  6
CONTINUOUS
 62
  256
370
   -1
100
AcDbLine
 10
-34.67
 20
6.963437999999996
 11
-34.63490400000001
 21
6.948899999999995
  0
LINE
  5
AA4
100
AcDbEntity
  8
parts layout
  6
CONTINUOUS
 62
  256
370
   -1
100
AcDbLine
 10
-34.63490400000001
 20
6.948899999999995
 11
-34.52500000000001
 21
6.948899999999995
  0
LINE
  5
AA5
100
AcDbEntity
  8
parts layout
  6
CONTINUOUS
 62
  256
370
   -1
100
AcDbLine
 10
-34.52500000000001
 20
6.948899999999995
 11
-34.510368
 21
6.947458999999995
  0
LINE
  5
AA6
100
AcDbEntity
  8
parts layout
  6
CONTINUOUS
 62
  256
370
   -1
100
AcDbLine
 10
-34.510368
 20
6.947458999999995
 11
-34.483332
 21
6.93625999999999
  0
LINE
  5
AA7
100
AcDbEntity
  8
parts layout
  6
CONTINUOUS
 62
  256
370
   -1
100
AcDbLine
 10
-34.483332
 20
6.93625999999999
 11
-34.46264000000001
 21
6.915567999999993
  0
LINE
  5
AA8
100
AcDbEntity
  8
parts layout
  6
CONTINUOUS
 62
  256
370
   -1
100
AcDbLine
 10
-34.46264000000001
 20
6.915567999999993
 11
-34.451441
 21
6.888531999999998
  0
LINE
  5
AA9
100
AcDbEntity
  8
parts layout
  6
CONTINUOUS
 62
  256
370
   -1
100
AcDbLine
 10
-34.451441
 20
6.888531999999998
 11
-34.45
 21
6.873899999999992
  0
LINE
  5
AAA
100
AcDbEntity
  8
parts layout
  6
CONTINUOUS
 62
  256
370
   -1
100
AcDbLine
 10
-34.45
 20
6.873899999999992
 11
-34.45
 21
5.873899999999992
  0
LINE
  5
AAB
100
AcDbEntity
  8
parts layout
  6
CONTINUOUS
 62
  256
370
   -1
100
AcDbLine
 10
-34.45
 20
5.873899999999992
 11
-34.451441
 21
5.859268
  0
LINE
  5
AAC
100
AcDbEntity
  8
parts layout
  6
CONTINUOUS
 62
  256
370
   -1
100
AcDbLine
 10
-34.451441
 20
5.859268
 11
-34.46264000000001
 21
5.832231999999991
  0
LINE
  5
AAD
100
AcDbEntity
  8
parts layout
  6
CONTINUOUS
 62
  256
370
   -1
100
AcDbLine
 10
-34.46264000000001
 20
5.832231999999991
 11
-34.483332
 21
5.811539999999994
  0
LINE
  5
AAE
100
AcDbEntity
  8
parts layout
  6
CONTINUOUS
 62
  256
370
   -1
100
AcDbLine
 10
-34.483332
 20
5.811539999999994
 11
-34.510368
 21
5.800341000000003
  0
LINE
  5
AAF
100
AcDbEntity
  8
parts layout
  6
CONTINUOUS
 62
  256
370
   -1
100
AcDbLine
 10
-34.510368
 20
5.800341000000003
 11
-34.52500000000001
 21
5.798900000000003
  0
LINE
  5
AB0
100
AcDbEntity
  8
parts layout
  6
CONTINUOUS
 62
  256
370
   -1
100
AcDbLine
 10
-34.52500000000001
 20
5.798900000000003
 11
-39.52500000000001
 21
5.798900000000003
  0
LINE
  5
AB1
100
AcDbEntity
  8
parts layout
  6
CONTINUOUS
 62
  256
370
   -1
100
AcDbLine
 10
-39.52500000000001
 20
5.798900000000003
 11
-39.52676700000001
 21
5.79907399999999
  0
LINE
  5
AB2
100
AcDbEntity
  8
parts layout
  6
CONTINUOUS
 62
  256
370
   -1
100
AcDbLine
 10
-39.52676700000001
 20
5.79907399999999
 11
-39.52724600000001
 21
5.798934000000003
  0
LINE
  5
AB3
100
AcDbEntity
  8
parts layout
  6
CONTINUOUS
 62
  256
370
   -1
100
AcDbLine
 10
-39.52724600000001
 20
5.798934000000003
 11
-39.655385
 21
5.802837999999994
  0
LINE
  5
AB4
100
AcDbEntity
  8
parts layout
  6
CONTINUOUS
 62
  256
370
   -1
100
AcDbLine
 10
-39.655385
 20
5.802837999999994
 11
-39.80575899999999
 21
5.788930999999991
  0
LINE
  5
AB5
100
AcDbEntity
  8
parts layout
  6
CONTINUOUS
 62
  256
370
   -1
100
AcDbLine
 10
-39.80575899999999
 20
5.788930999999991
 11
-39.810109
 21
5.787278999999998
  0
LINE
  5
AB6
100
AcDbEntity
  8
parts layout
  6
CONTINUOUS
 62
  256
370
   -1
100
AcDbLine
 10
-39.810109
 20
5.787278999999998
 11
-39.92903200000001
 21
5.775233
  0
LINE
  5
AB7
100
AcDbEntity
  8
parts layout
  6
CONTINUOUS
 62
  256
370
   -1
100
AcDbLine
 10
-39.92903200000001
 20
5.775233
 11
-40.161222
 21
5.724672999999996
  0
LINE
  5
AB8
100
AcDbEntity
  8
parts layout
  6
CONTINUOUS
 62
  256
370
   -1
100
AcDbLine
 10
-40.161222
 20
5.724672999999996
 11
-40.403235
 21
5.639995999999996
  0
LINE
  5
AB9
100
AcDbEntity
  8
parts layout
  6
CONTINUOUS
 62
  256
370
   -1
100
AcDbLine
 10
-40.403235
 20
5.639995999999996
 11
-40.633124
 21
5.526455999999996
  0
LINE
  5
ABA
100
AcDbEntity
  8
parts layout
  6
CONTINUOUS
 62
  256
370
   -1
100
AcDbLine
 10
-40.633124
 20
5.526455999999996
 11
-40.84746200000001
 21
5.385745999999997
  0
LINE
  5
ABB
100
AcDbEntity
  8
parts layout
  6
CONTINUOUS
 62
  256
370
   -1
100
AcDbLine
 10
-40.84746200000001
 20
5.385745999999997
 11
-41.043054
 21
5.21996399999999
  0
LINE
  5
ABC
100
AcDbEntity
  8
parts layout
  6
CONTINUOUS
 62
  256
370
   -1
100
AcDbLine
 10
-41.043054
 20
5.21996399999999
 11
-41.21698499999999
 21
5.031581000000003
  0
LINE
  5
ABD
100
AcDbEntity
  8
parts layout
  6
CONTINUOUS
 62
  256
370
   -1
100
AcDbLine
 10
-41.21698499999999
 20
5.031581000000003
 11
-41.36666200000001
 21
4.823404999999994
  0
LINE
  5
ABE
100
AcDbEntity
  8
parts layout
  6
CONTINUOUS
 62
  256
370
   -1
100
AcDbLine
 10
-41.36666200000001
 20
4.823404999999994
 11
-41.489852
 21
4.598539000000002
  0
LINE
  5
ABF
100
AcDbEntity
  8
parts layout
  6
CONTINUOUS
 62
  256
370
   -1
100
AcDbLine
 10
-41.489852
 20
4.598539000000002
 11
-41.58472
 21
4.360337000000001
  0
LINE
  5
AC0
100
AcDbEntity
  8
parts layout
  6
CONTINUOUS
 62
  256
370
   -1
100
AcDbLine
 10
-41.58472
 20
4.360337000000001
 11
-41.649851
 21
4.112348999999995
  0
LINE
  5
AC1
100
AcDbEntity
  8
parts layout
  6
CONTINUOUS
 62
  256
370
   -1
100
AcDbLine
 10
-41.649851
 20
4.112348999999995
 11
-41.66699699999999
 21
3.98530199999999
  0
LINE
  5
AC2
100
AcDbEntity
  8
parts layout
  6
CONTINUOUS
 62
  256
370
   -1
100
AcDbLine
 10
-41.66699699999999
 20
3.98530199999999
 11
-41.671441
 21
3.976074999999994
  0
LINE
  5
AC3
100
AcDbEntity
  8
parts layout
  6
CONTINUOUS
 62
  256
370
   -1
100
AcDbLine
 10
-41.671441
 20
3.976074999999994
 11
-41.671441
 21
3.959267999999994
  0
LINE
  5
AC4
100
AcDbEntity
  8
parts layout
  6
CONTINUOUS
 62
  256
370
   -1
100
AcDbLine
 10
-41.671441
 20
3.959267999999994
 11
-41.68264000000001
 21
3.932231999999999
  0
LINE
  5
AC5
100
AcDbEntity
  8
parts layout
  6
CONTINUOUS
 62
  256
370
   -1
100
AcDbLine
 10
-41.68264000000001
 20
3.932231999999999
 11
-41.703332
 21
3.911540000000002
  0
LINE
  5
AC6
100
AcDbEntity
  8
parts layout
  6
CONTINUOUS
 62
  256
370
   -1
100
AcDbLine
 10
-41.703332
 20
3.911540000000002
 11
-41.730368
 21
3.900340999999997
  0
LINE
  5
AC7
100
AcDbEntity
  8
parts layout
  6
CONTINUOUS
 62
  256
370
   -1
100
AcDbLine
 10
-41.730368
 20
3.900340999999997
 11
-41.745
 21
3.898899999999998
  0
LINE
  5
AC8
100
AcDbEntity
  8
parts layout
  6
CONTINUOUS
 62
  256
370
   -1
100
AcDbLine
 10
-41.745
 20
3.898899999999998
 11
-45.025
 21
3.898899999999998
  0
LINE
  5
AC9
100
AcDbEntity
  8
parts layout
  6
CONTINUOUS
 62
  256
370
   -1
100
AcDbLine
 10
-45.025
 20
3.898899999999998
 11
-45.039632
 21
3.900340999999997
  0
LINE
  5
ACA
100
AcDbEntity
  8
parts layout
  6
CONTINUOUS
 62
  256
370
   -1
100
AcDbLine
 10
-45.039632
 20
3.900340999999997
 11
-45.066668
 21
3.911540000000002
  0
LINE
  5
ACB
100
AcDbEntity
  8
parts layout
  6
CONTINUOUS
 62
  256
370
   -1
100
AcDbLine
 10
-45.066668
 20
3.911540000000002
 11
-45.08736
 21
3.932231999999999
  0
LINE
  5
ACC
100
AcDbEntity
  8
parts layout
  6
CONTINUOUS
 62
  256
370
   -1
100
AcDbLine
 10
-45.08736
 20
3.932231999999999
 11
-45.098559
 21
3.959267999999994
  0
LINE
  5
ACD
100
AcDbEntity
  8
parts layout
  6
CONTINUOUS
 62
  256
370
   -1
100
AcDbLine
 10
-45.098559
 20
3.959267999999994
 11
-45.1
 21
3.9739
  0
LINE
  5
ACE
100
AcDbEntity
  8
parts layout
  6
CONTINUOUS
 62
  256
370
   -1
100
AcDbLine
 10
-45.1
 20
3.9739
 11
-45.1
 21
4.3339
  0
LINE
  5
ACF
100
AcDbEntity
  8
parts layout
  6
CONTINUOUS
 62
  256
370
   -1
100
AcDbLine
 10
-45.1
 20
4.3339
 11
-45.098559
 21
4.348531999999992
  0
LINE
  5
AD0
100
AcDbEntity
  8
parts layout
  6
CONTINUOUS
 62
  256
370
   -1
100
AcDbLine
 10
-45.098559
 20
4.348531999999992
 11
-45.08736
 21
4.375568000000001
  0
LINE
  5
AD1
100
AcDbEntity
  8
parts layout
  6
CONTINUOUS
 62
  256
370
   -1
100
AcDbLine
 10
-45.08736
 20
4.375568000000001
 11
-45.066668
 21
4.396259999999998
  0
LINE
  5
AD2
100
AcDbEntity
  8
parts layout
  6
CONTINUOUS
 62
  256
370
   -1
100
AcDbLine
 10
-45.066668
 20
4.396259999999998
 11
-45.039632
 21
4.407459000000003
  0
LINE
  5
AD3
100
AcDbEntity
  8
parts layout
  6
CONTINUOUS
 62
  256
370
   -1
100
AcDbLine
 10
-45.039632
 20
4.407459000000003
 11
-45.025
 21
4.408900000000003
  0
LINE
  5
AD4
100
AcDbEntity
  8
parts layout
  6
CONTINUOUS
 62
  256
370
   -1
100
AcDbLine
 10
-45.025
 20
4.408900000000003
 11
-44.898388
 21
4.408900000000003
  0
LINE
  5
AD5
100
AcDbEntity
  8
parts layout
  6
CONTINUOUS
 62
  256
370
   -1
100
AcDbLine
 10
-44.898388
 20
4.408900000000003
 11
-44.873773
 21
4.419095999999996
  0
LINE
  5
AD6
100
AcDbEntity
  8
parts layout
  6
CONTINUOUS
 62
  256
370
   -1
100
AcDbLine
 10
-44.873773
 20
4.419095999999996
 11
-44.87
 21
4.419467999999995
  0
LINE
  5
AD7
100
AcDbEntity
  8
parts layout
  6
CONTINUOUS
 62
  256
370
   -1
100
AcDbLine
 10
-44.87
 20
4.419467999999995
 11
-44.87
 21
6.498899999999992
  0
LINE
  5
AD8
100
AcDbEntity
  8
parts layout
  6
CONTINUOUS
 62
  256
370
   -1
100
AcDbLine
 10
-44.87
 20
6.498899999999992
 11
-45.025
 21
6.498899999999992
  0
LINE
  5
AD9
100
AcDbEntity
  8
parts layout
  6
CONTINUOUS
 62
  256
370
   -1
100
AcDbLine
 10
-45.025
 20
6.498899999999992
 11
-45.039632
 21
6.500340999999992
  0
LINE
  5
ADA
100
AcDbEntity
  8
parts layout
  6
CONTINUOUS
 62
  256
370
   -1
100
AcDbLine
 10
-45.039632
 20
6.500340999999992
 11
-45.066668
 21
6.511539999999997
  0
LINE
  5
ADB
100
AcDbEntity
  8
parts layout
  6
CONTINUOUS
 62
  256
370
   -1
100
AcDbLine
 10
-45.066668
 20
6.511539999999997
 11
-45.08736
 21
6.532231999999993
  0
LINE
  5
ADC
100
AcDbEntity
  8
parts layout
  6
CONTINUOUS
 62
  256
370
   -1
100
AcDbLine
 10
-45.08736
 20
6.532231999999993
 11
-45.098559
 21
6.559268000000003
  0
LINE
  5
ADD
100
AcDbEntity
  8
parts layout
  6
CONTINUOUS
 62
  256
370
   -1
100
AcDbLine
 10
-45.098559
 20
6.559268000000003
 11
-45.1
 21
6.573899999999995
  0
LINE
  5
ADE
100
AcDbEntity
  8
parts layout
  6
CONTINUOUS
 62
  256
370
   -1
100
AcDbLine
 10
-45.1
 20
6.573899999999995
 11
-45.1
 21
7.573899999999995
  0
LINE
  5
ADF
100
AcDbEntity
  8
parts layout
  6
CONTINUOUS
 62
  256
370
   -1
100
AcDbLine
 10
-45.1
 20
7.573899999999995
 11
-45.099705
 21
7.576899999999995
  0
LINE
  5
AE0
100
AcDbEntity
  8
parts layout
  6
CONTINUOUS
 62
  256
370
   -1
100
AcDbLine
 10
-45.099705
 20
7.576899999999995
 11
-45.099906
 21
7.577643999999992
  0
LINE
  5
AE1
100
AcDbEntity
  8
parts layout
  6
CONTINUOUS
 62
  256
370
   -1
100
AcDbLine
 10
-45.099906
 20
7.577643999999992
 11
-45.068614
 21
7.847585999999993
  0
LINE
  5
AE2
100
AcDbEntity
  8
parts layout
  6
CONTINUOUS
 62
  256
370
   -1
100
AcDbLine
 10
-45.068614
 20
7.847585999999993
 11
-45.002355
 21
8.11113499999999
  0
LINE
  5
AE3
100
AcDbEntity
  8
parts layout
  6
CONTINUOUS
 62
  256
370
   -1
100
AcDbLine
 10
-45.002355
 20
8.11113499999999
 11
-44.902263
 21
8.363779999999991
  0
LINE
  5
AE4
100
AcDbEntity
  8
parts layout
  6
CONTINUOUS
 62
  256
370
   -1
100
AcDbLine
 10
-44.902263
 20
8.363779999999991
 11
-44.77005
 21
8.601198999999994
  0
LINE
  5
AE5
100
AcDbEntity
  8
parts layout
  6
CONTINUOUS
 62
  256
370
   -1
100
AcDbLine
 10
-44.77005
 20
8.601198999999994
 11
-44.607979
 21
8.819328999999996
  0
LINE
  5
AE6
100
AcDbEntity
  8
parts layout
  6
CONTINUOUS
 62
  256
370
   -1
100
AcDbLine
 10
-44.607979
 20
8.819328999999996
 11
-44.418823
 21
9.014438999999996
  0
LINE
  5
AE7
100
AcDbEntity
  8
parts layout
  6
CONTINUOUS
 62
  256
370
   -1
100
AcDbLine
 10
-44.418823
 20
9.014438999999996
 11
-44.205817
 21
9.183189999999996
  0
LINE
  5
AE8
100
AcDbEntity
  8
parts layout
  6
CONTINUOUS
 62
  256
370
   -1
100
AcDbLine
 10
-44.205817
 20
9.183189999999996
 11
-43.97260799999999
 21
9.322693999999998
  0
LINE
  5
AE9
100
AcDbEntity
  8
parts layout
  6
CONTINUOUS
 62
  256
370
   -1
100
AcDbLine
 10
-43.97260799999999
 20
9.322693999999998
 11
-43.723185
 21
9.430565000000001
  0
LINE
  5
AEA
100
AcDbEntity
  8
parts layout
  6
CONTINUOUS
 62
  256
370
   -1
100
AcDbLine
 10
-43.723185
 20
9.430565000000001
 11
-43.461816
 21
9.50495699999999
  0
LINE
  5
AEB
100
AcDbEntity
  8
parts layout
  6
CONTINUOUS
 62
  256
370
   -1
100
AcDbLine
 10
-43.461816
 20
9.50495699999999
 11
-43.19297299999999
 21
9.544596999999996
  0
LINE
  5
AEC
100
AcDbEntity
  8
parts layout
  6
CONTINUOUS
 62
  256
370
   -1
100
AcDbLine
 10
-43.19297299999999
 20
9.544596999999996
 11
-42.926833
 21
9.548720000000003
  0
LINE
  5
AED
100
AcDbEntity
  8
parts layout
  6
CONTINUOUS
 62
  256
370
   -1
100
AcDbLine
 10
-42.926833
 20
9.548720000000003
 11
-42.92500099999999
 21
9.548900000000003
  0
LINE
  5
AEE
100
AcDbEntity
  8
parts layout
  6
CONTINUOUS
 62
  256
370
   -1
100
AcDbLine
 10
-42.92500099999999
 20
9.548900000000003
 11
-34.52500000000001
 21
9.548900000000003
  0
LINE
  5
AEF
100
AcDbEntity
  8
parts layout
  6
CONTINUOUS
 62
  256
370
   -1
100
AcDbLine
 10
-34.52500000000001
 20
9.548900000000003
 11
-34.510368
 21
9.547459000000003
  0
LINE
  5
AF0
100
AcDbEntity
  8
parts layout
  6
CONTINUOUS
 62
  256
370
   -1
100
AcDbLine
 10
-44.028277
 20
4.423900000000003
 11
-44.01782799999999
 21
4.423900000000003
  0
LINE
  5
AF1
100
AcDbEntity
  8
parts layout
  6
CONTINUOUS
 62
  256
370
   -1
100
AcDbLine
 10
-44.01782799999999
 20
4.423900000000003
 11
-44.02794
 21
4.429051999999999
  0
LINE
  5
AF2
100
AcDbEntity
  8
parts layout
  6
CONTINUOUS
 62
  256
370
   -1
100
AcDbLine
 10
-44.02794
 20
4.429051999999999
 11
-44.028277
 21
4.423900000000003
  0
LINE
  5
AF3
100
AcDbEntity
  8
parts layout
  6
CONTINUOUS
 62
  256
370
   -1
100
AcDbLine
 10
-13.019567
 20
8.22186099999999
 11
-13.015
 21
8.198899999999995
  0
LINE
  5
AF4
100
AcDbEntity
  8
parts layout
  6
CONTINUOUS
 62
  256
370
   -1
100
AcDbLine
 10
-13.015
 20
8.198899999999995
 11
-13.015
 21
4.248899999999992
  0
LINE
  5
AF5
100
AcDbEntity
  8
parts layout
  6
CONTINUOUS
 62
  256
370
   -1
100
AcDbLine
 10
-13.015
 20
4.248899999999992
 11
-11.13500000000001
 21
4.248899999999992
  0
LINE
  5
AF6
100
AcDbEntity
  8
parts layout
  6
CONTINUOUS
 62
  256
370
   -1
100
AcDbLine
 10
-11.13500000000001
 20
4.248899999999992
 11
-11.13500000000001
 21
8.198899999999995
  0
LINE
  5
AF7
100
AcDbEntity
  8
parts layout
  6
CONTINUOUS
 62
  256
370
   -1
100
AcDbLine
 10
-11.13500000000001
 20
8.198899999999995
 11
-11.130433
 21
8.22186099999999
  0
LINE
  5
AF8
100
AcDbEntity
  8
parts layout
  6
CONTINUOUS
 62
  256
370
   -1
100
AcDbLine
 10
-11.130433
 20
8.22186099999999
 11
-11.097961
 21
8.254333000000003
  0
LINE
  5
AF9
100
AcDbEntity
  8
parts layout
  6
CONTINUOUS
 62
  256
370
   -1
100
AcDbLine
 10
-11.097961
 20
8.254333000000003
 11
-11.05203900000001
 21
8.254333000000003
  0
LINE
  5
AFA
100
AcDbEntity
  8
parts layout
  6
CONTINUOUS
 62
  256
370
   -1
100
AcDbLine
 10
-11.05203900000001
 20
8.254333000000003
 11
-11.019567
 21
8.22186099999999
  0
LINE
  5
AFB
100
AcDbEntity
  8
parts layout
  6
CONTINUOUS
 62
  256
370
   -1
100
AcDbLine
 10
-11.019567
 20
8.22186099999999
 11
-11.015
 21
8.198899999999995
  0
LINE
  5
AFC
100
AcDbEntity
  8
parts layout
  6
CONTINUOUS
 62
  256
370
   -1
100
AcDbLine
 10
-11.015
 20
8.198899999999995
 11
-11.015
 21
4.188900000000004
  0
LINE
  5
AFD
100
AcDbEntity
  8
parts layout
  6
CONTINUOUS
 62
  256
370
   -1
100
AcDbLine
 10
-11.015
 20
4.188900000000004
 11
-11.019567
 21
4.165938999999995
  0
LINE
  5
AFE
100
AcDbEntity
  8
parts layout
  6
CONTINUOUS
 62
  256
370
   -1
100
AcDbLine
 10
-11.019567
 20
4.165938999999995
 11
-11.05203900000001
 21
4.133466999999996
  0
LINE
  5
AFF
100
AcDbEntity
  8
parts layout
  6
CONTINUOUS
 62
  256
370
   -1
100
AcDbLine
 10
-11.05203900000001
 20
4.133466999999996
 11
-11.075
 21
4.128900000000002
  0
LINE
  5
B00
100
AcDbEntity
  8
parts layout
  6
CONTINUOUS
 62
  256
370
   -1
100
AcDbLine
 10
-11.075
 20
4.128900000000002
 11
-13.075
 21
4.128900000000002
  0
LINE
  5
B01
100
AcDbEntity
  8
parts layout
  6
CONTINUOUS
 62
  256
370
   -1
100
AcDbLine
 10
-13.075
 20
4.128900000000002
 11
-13.097961
 21
4.133466999999996
  0
LINE
  5
B02
100
AcDbEntity
  8
parts layout
  6
CONTINUOUS
 62
  256
370
   -1
100
AcDbLine
 10
-13.097961
 20
4.133466999999996
 11
-13.130433
 21
4.165938999999995
  0
LINE
  5
B03
100
AcDbEntity
  8
parts layout
  6
CONTINUOUS
 62
  256
370
   -1
100
AcDbLine
 10
-13.130433
 20
4.165938999999995
 11
-13.13500000000001
 21
4.188900000000004
  0
LINE
  5
B04
100
AcDbEntity
  8
parts layout
  6
CONTINUOUS
 62
  256
370
   -1
100
AcDbLine
 10
-13.13500000000001
 20
4.188900000000004
 11
-13.13500000000001
 21
8.198899999999995
  0
LINE
  5
B05
100
AcDbEntity
  8
parts layout
  6
CONTINUOUS
 62
  256
370
   -1
100
AcDbLine
 10
-13.13500000000001
 20
8.198899999999995
 11
-13.130433
 21
8.22186099999999
  0
LINE
  5
B06
100
AcDbEntity
  8
parts layout
  6
CONTINUOUS
 62
  256
370
   -1
100
AcDbLine
 10
-13.130433
 20
8.22186099999999
 11
-13.097961
 21
8.254333000000003
  0
LINE
  5
B07
100
AcDbEntity
  8
parts layout
  6
CONTINUOUS
 62
  256
370
   -1
100
AcDbLine
 10
-13.097961
 20
8.254333000000003
 11
-13.05203900000001
 21
8.254333000000003
  0
LINE
  5
B08
100
AcDbEntity
  8
parts layout
  6
CONTINUOUS
 62
  256
370
   -1
100
AcDbLine
 10
-13.05203900000001
 20
8.254333000000003
 11
-13.019567
 21
8.22186099999999
  0
LINE
  5
B09
100
AcDbEntity
  8
parts layout
  6
CONTINUOUS
 62
  256
370
   -1
100
AcDbLine
 10
25.08043299999999
 20
8.22186099999999
 11
25.08499999999999
 21
8.198899999999995
  0
LINE
  5
B0A
100
AcDbEntity
  8
parts layout
  6
CONTINUOUS
 62
  256
370
   -1
100
AcDbLine
 10
25.08499999999999
 20
8.198899999999995
 11
25.08499999999999
 21
4.248899999999992
  0
LINE
  5
B0B
100
AcDbEntity
  8
parts layout
  6
CONTINUOUS
 62
  256
370
   -1
100
AcDbLine
 10
25.08499999999999
 20
4.248899999999992
 11
26.96499999999999
 21
4.248899999999992
  0
LINE
  5
B0C
100
AcDbEntity
  8
parts layout
  6
CONTINUOUS
 62
  256
370
   -1
100
AcDbLine
 10
26.96499999999999
 20
4.248899999999992
 11
26.96499999999999
 21
8.198899999999995
  0
LINE
  5
B0D
100
AcDbEntity
  8
parts layout
  6
CONTINUOUS
 62
  256
370
   -1
100
AcDbLine
 10
26.96499999999999
 20
8.198899999999995
 11
26.969567
 21
8.22186099999999
  0
LINE
  5
B0E
100
AcDbEntity
  8
parts layout
  6
CONTINUOUS
 62
  256
370
   -1
100
AcDbLine
 10
26.969567
 20
8.22186099999999
 11
27.00203900000001
 21
8.254333000000003
  0
LINE
  5
B0F
100
AcDbEntity
  8
parts layout
  6
CONTINUOUS
 62
  256
370
   -1
100
AcDbLine
 10
27.00203900000001
 20
8.254333000000003
 11
27.047961
 21
8.254333000000003
  0
LINE
  5
B10
100
AcDbEntity
  8
parts layout
  6
CONTINUOUS
 62
  256
370
   -1
100
AcDbLine
 10
27.047961
 20
8.254333000000003
 11
27.08043299999999
 21
8.22186099999999
  0
LINE
  5
B11
100
AcDbEntity
  8
parts layout
  6
CONTINUOUS
 62
  256
370
   -1
100
AcDbLine
 10
27.08043299999999
 20
8.22186099999999
 11
27.08499999999999
 21
8.198899999999995
  0
LINE
  5
B12
100
AcDbEntity
  8
parts layout
  6
CONTINUOUS
 62
  256
370
   -1
100
AcDbLine
 10
27.08499999999999
 20
8.198899999999995
 11
27.08499999999999
 21
4.188900000000004
  0
LINE
  5
B13
100
AcDbEntity
  8
parts layout
  6
CONTINUOUS
 62
  256
370
   -1
100
AcDbLine
 10
27.08499999999999
 20
4.188900000000004
 11
27.08043299999999
 21
4.165938999999995
  0
LINE
  5
B14
100
AcDbEntity
  8
parts layout
  6
CONTINUOUS
 62
  256
370
   -1
100
AcDbLine
 10
27.08043299999999
 20
4.165938999999995
 11
27.047961
 21
4.133466999999996
  0
LINE
  5
B15
100
AcDbEntity
  8
parts layout
  6
CONTINUOUS
 62
  256
370
   -1
100
AcDbLine
 10
27.047961
 20
4.133466999999996
 11
27.02499999999999
 21
4.128900000000002
  0
LINE
  5
B16
100
AcDbEntity
  8
parts layout
  6
CONTINUOUS
 62
  256
370
   -1
100
AcDbLine
 10
27.02499999999999
 20
4.128900000000002
 11
25.02499999999999
 21
4.128900000000002
  0
LINE
  5
B17
100
AcDbEntity
  8
parts layout
  6
CONTINUOUS
 62
  256
370
   -1
100
AcDbLine
 10
25.02499999999999
 20
4.128900000000002
 11
25.00203900000001
 21
4.133466999999996
  0
LINE
  5
B18
100
AcDbEntity
  8
parts layout
  6
CONTINUOUS
 62
  256
370
   -1
100
AcDbLine
 10
25.00203900000001
 20
4.133466999999996
 11
24.969567
 21
4.165938999999995
  0
LINE
  5
B19
100
AcDbEntity
  8
parts layout
  6
CONTINUOUS
 62
  256
370
   -1
100
AcDbLine
 10
24.969567
 20
4.165938999999995
 11
24.96499999999999
 21
4.188900000000004
  0
LINE
  5
B1A
100
AcDbEntity
  8
parts layout
  6
CONTINUOUS
 62
  256
370
   -1
100
AcDbLine
 10
24.96499999999999
 20
4.188900000000004
 11
24.96499999999999
 21
8.198899999999995
  0
LINE
  5
B1B
100
AcDbEntity
  8
parts layout
  6
CONTINUOUS
 62
  256
370
   -1
100
AcDbLine
 10
24.96499999999999
 20
8.198899999999995
 11
24.969567
 21
8.22186099999999
  0
LINE
  5
B1C
100
AcDbEntity
  8
parts layout
  6
CONTINUOUS
 62
  256
370
   -1
100
AcDbLine
 10
24.969567
 20
8.22186099999999
 11
25.00203900000001
 21
8.254333000000003
  0
LINE
  5
B1D
100
AcDbEntity
  8
parts layout
  6
CONTINUOUS
 62
  256
370
   -1
100
AcDbLine
 10
25.00203900000001
 20
8.254333000000003
 11
25.047961
 21
8.254333000000003
  0
LINE
  5
B1E
100
AcDbEntity
  8
parts layout
  6
CONTINUOUS
 62
  256
370
   -1
100
AcDbLine
 10
25.047961
 20
8.254333000000003
 11
25.08043299999999
 21
8.22186099999999
  0
LINE
  5
B1F
100
AcDbEntity
  8
parts layout
  6
CONTINUOUS
 62
  256
370
   -1
100
AcDbLine
 10
6.030433000000002
 20
10.166861
 11
6.034999999999997
 21
10.1439
  0
LINE
  5
B20
100
AcDbEntity
  8
parts layout
  6
CONTINUOUS
 62
  256
370
   -1
100
AcDbLine
 10
6.034999999999997
 20
10.1439
 11
6.034999999999997
 21
6.193899999999999
  0
LINE
  5
B21
100
AcDbEntity
  8
parts layout
  6
CONTINUOUS
 62
  256
370
   -1
100
AcDbLine
 10
6.034999999999997
 20
6.193899999999999
 11
7.914999999999992
 21
6.193899999999999
  0
LINE
  5
B22
100
AcDbEntity
  8
parts layout
  6
CONTINUOUS
 62
  256
370
   -1
100
AcDbLine
 10
7.914999999999992
 20
6.193899999999999
 11
7.914999999999992
 21
10.1439
  0
LINE
  5
B23
100
AcDbEntity
  8
parts layout
  6
CONTINUOUS
 62
  256
370
   -1
100
AcDbLine
 10
7.914999999999992
 20
10.1439
 11
7.919567000000001
 21
10.166861
  0
LINE
  5
B24
100
AcDbEntity
  8
parts layout
  6
CONTINUOUS
 62
  256
370
   -1
100
AcDbLine
 10
7.919567000000001
 20
10.166861
 11
7.952038999999999
 21
10.199333
  0
LINE
  5
B25
100
AcDbEntity
  8
parts layout
  6
CONTINUOUS
 62
  256
370
   -1
100
AcDbLine
 10
7.952038999999999
 20
10.199333
 11
7.997961000000004
 21
10.199333
  0
LINE
  5
B26
100
AcDbEntity
  8
parts layout
  6
CONTINUOUS
 62
  256
370
   -1
100
AcDbLine
 10
7.997961000000004
 20
10.199333
 11
8.030433000000002
 21
10.166861
  0
LINE
  5
B27
100
AcDbEntity
  8
parts layout
  6
CONTINUOUS
 62
  256
370
   -1
100
AcDbLine
 10
8.030433000000002
 20
10.166861
 11
8.034999999999997
 21
10.1439
  0
LINE
  5
B28
100
AcDbEntity
  8
parts layout
  6
CONTINUOUS
 62
  256
370
   -1
100
AcDbLine
 10
8.034999999999997
 20
10.1439
 11
8.034999999999997
 21
6.133899999999997
  0
LINE
  5
B29
100
AcDbEntity
  8
parts layout
  6
CONTINUOUS
 62
  256
370
   -1
100
AcDbLine
 10
8.034999999999997
 20
6.133899999999997
 11
8.030433000000002
 21
6.110939000000002
  0
LINE
  5
B2A
100
AcDbEntity
  8
parts layout
  6
CONTINUOUS
 62
  256
370
   -1
100
AcDbLine
 10
8.030433000000002
 20
6.110939000000002
 11
7.997961000000004
 21
6.078467000000003
  0
LINE
  5
B2B
100
AcDbEntity
  8
parts layout
  6
CONTINUOUS
 62
  256
370
   -1
100
AcDbLine
 10
7.997961000000004
 20
6.078467000000003
 11
7.974999999999994
 21
6.073899999999995
  0
LINE
  5
B2C
100
AcDbEntity
  8
parts layout
  6
CONTINUOUS
 62
  256
370
   -1
100
AcDbLine
 10
7.974999999999994
 20
6.073899999999995
 11
5.974999999999994
 21
6.073899999999995
  0
LINE
  5
B2D
100
AcDbEntity
  8
parts layout
  6
CONTINUOUS
 62
  256
370
   -1
100
AcDbLine
 10
5.974999999999994
 20
6.073899999999995
 11
5.952038999999999
 21
6.078467000000003
  0
LINE
  5
B2E
100
AcDbEntity
  8
parts layout
  6
CONTINUOUS
 62
  256
370
   -1
100
AcDbLine
 10
5.952038999999999
 20
6.078467000000003
 11
5.919567000000001
 21
6.110939000000002
  0
LINE
  5
B2F
100
AcDbEntity
  8
parts layout
  6
CONTINUOUS
 62
  256
370
   -1
100
AcDbLine
 10
5.919567000000001
 20
6.110939000000002
 11
5.914999999999992
 21
6.133899999999997
  0
LINE
  5
B30
100
AcDbEntity
  8
parts layout
  6
CONTINUOUS
 62
  256
370
   -1
100
AcDbLine
 10
5.914999999999992
 20
6.133899999999997
 11
5.914999999999992
 21
10.1439
  0
LINE
  5
B31
100
AcDbEntity
  8
parts layout
  6
CONTINUOUS
 62
  256
370
   -1
100
AcDbLine
 10
5.914999999999992
 20
10.1439
 11
5.919567000000001
 21
10.166861
  0
LINE
  5
B32
100
AcDbEntity
  8
parts layout
  6
CONTINUOUS
 62
  256
370
   -1
100
AcDbLine
 10
5.919567000000001
 20
10.166861
 11
5.952038999999999
 21
10.199333
  0
LINE
  5
B33
100
AcDbEntity
  8
parts layout
  6
CONTINUOUS
 62
  256
370
   -1
100
AcDbLine
 10
5.952038999999999
 20
10.199333
 11
5.997961000000004
 21
10.199333
  0
LINE
  5
B34
100
AcDbEntity
  8
parts layout
  6
CONTINUOUS
 62
  256
370
   -1
100
AcDbLine
 10
5.997961000000004
 20
10.199333
 11
6.030433000000002
 21
10.166861
  0
LINE
  5
B35
100
AcDbEntity
  8
parts layout
  6
CONTINUOUS
 62
  256
370
   -1
100
AcDbLine
 10
41.689632
 20
13.35745899999999
 11
41.71666799999998
 21
13.34626
  0
LINE
  5
B36
100
AcDbEntity
  8
parts layout
  6
CONTINUOUS
 62
  256
370
   -1
100
AcDbLine
 10
41.71666799999998
 20
13.34626
 11
41.73736000000001
 21
13.32556799999999
  0
LINE
  5
B37
100
AcDbEntity
  8
parts layout
  6
CONTINUOUS
 62
  256
370
   -1
100
AcDbLine
 10
41.73736000000001
 20
13.32556799999999
 11
41.74855899999999
 21
13.29853199999999
  0
LINE
  5
B38
100
AcDbEntity
  8
parts layout
  6
CONTINUOUS
 62
  256
370
   -1
100
AcDbLine
 10
41.74855899999999
 20
13.29853199999999
 11
41.74999999999999
 21
13.2839
  0
LINE
  5
B39
100
AcDbEntity
  8
parts layout
  6
CONTINUOUS
 62
  256
370
   -1
100
AcDbLine
 10
41.74999999999999
 20
13.2839
 11
41.74999999999999
 21
12.93389999999999
  0
LINE
  5
B3A
100
AcDbEntity
  8
parts layout
  6
CONTINUOUS
 62
  256
370
   -1
100
AcDbLine
 10
41.74999999999999
 20
12.93389999999999
 11
41.74855899999999
 21
12.919268
  0
LINE
  5
B3B
100
AcDbEntity
  8
parts layout
  6
CONTINUOUS
 62
  256
370
   -1
100
AcDbLine
 10
41.74855899999999
 20
12.919268
 11
41.73736000000001
 21
12.89223199999999
  0
LINE
  5
B3C
100
AcDbEntity
  8
parts layout
  6
CONTINUOUS
 62
  256
370
   -1
100
AcDbLine
 10
41.73736000000001
 20
12.89223199999999
 11
41.71666799999998
 21
12.87154
  0
LINE
  5
B3D
100
AcDbEntity
  8
parts layout
  6
CONTINUOUS
 62
  256
370
   -1
100
AcDbLine
 10
41.71666799999998
 20
12.87154
 11
41.689632
 21
12.86034099999999
  0
LINE
  5
B3E
100
AcDbEntity
  8
parts layout
  6
CONTINUOUS
 62
  256
370
   -1
100
AcDbLine
 10
41.689632
 20
12.86034099999999
 11
41.675
 21
12.85889999999999
  0
LINE
  5
B3F
100
AcDbEntity
  8
parts layout
  6
CONTINUOUS
 62
  256
370
   -1
100
AcDbLine
 10
41.675
 20
12.85889999999999
 11
41.52999999999999
 21
12.85889999999999
  0
LINE
  5
B40
100
AcDbEntity
  8
parts layout
  6
CONTINUOUS
 62
  256
370
   -1
100
AcDbLine
 10
41.52999999999999
 20
12.85889999999999
 11
41.52999999999999
 21
10.773438
  0
LINE
  5
B41
100
AcDbEntity
  8
parts layout
  6
CONTINUOUS
 62
  256
370
   -1
100
AcDbLine
 10
41.52999999999999
 20
10.773438
 11
41.565096
 21
10.7589
  0
LINE
  5
B42
100
AcDbEntity
  8
parts layout
  6
CONTINUOUS
 62
  256
370
   -1
100
AcDbLine
 10
41.565096
 20
10.7589
 11
41.675
 21
10.7589
  0
LINE
  5
B43
100
AcDbEntity
  8
parts layout
  6
CONTINUOUS
 62
  256
370
   -1
100
AcDbLine
 10
41.675
 20
10.7589
 11
41.689632
 21
10.757459
  0
LINE
  5
B44
100
AcDbEntity
  8
parts layout
  6
CONTINUOUS
 62
  256
370
   -1
100
AcDbLine
 10
41.689632
 20
10.757459
 11
41.71666799999998
 21
10.74625999999999
  0
LINE
  5
B45
100
AcDbEntity
  8
parts layout
  6
CONTINUOUS
 62
  256
370
   -1
100
AcDbLine
 10
41.71666799999998
 20
10.74625999999999
 11
41.73736000000001
 21
10.725568
  0
LINE
  5
B46
100
AcDbEntity
  8
parts layout
  6
CONTINUOUS
 62
  256
370
   -1
100
AcDbLine
 10
41.73736000000001
 20
10.725568
 11
41.74855899999999
 21
10.698532
  0
LINE
  5
B47
100
AcDbEntity
  8
parts layout
  6
CONTINUOUS
 62
  256
370
   -1
100
AcDbLine
 10
41.74855899999999
 20
10.698532
 11
41.74999999999999
 21
10.68389999999999
  0
LINE
  5
B48
100
AcDbEntity
  8
parts layout
  6
CONTINUOUS
 62
  256
370
   -1
100
AcDbLine
 10
41.74999999999999
 20
10.68389999999999
 11
41.74999999999999
 21
9.683899999999994
  0
LINE
  5
B49
100
AcDbEntity
  8
parts layout
  6
CONTINUOUS
 62
  256
370
   -1
100
AcDbLine
 10
41.74999999999999
 20
9.683899999999994
 11
41.74855899999999
 21
9.669268000000002
  0
LINE
  5
B4A
100
AcDbEntity
  8
parts layout
  6
CONTINUOUS
 62
  256
370
   -1
100
AcDbLine
 10
41.74855899999999
 20
9.669268000000002
 11
41.73736000000001
 21
9.642231999999993
  0
LINE
  5
B4B
100
AcDbEntity
  8
parts layout
  6
CONTINUOUS
 62
  256
370
   -1
100
AcDbLine
 10
41.73736000000001
 20
9.642231999999993
 11
41.71666799999998
 21
9.621539999999996
  0
LINE
  5
B4C
100
AcDbEntity
  8
parts layout
  6
CONTINUOUS
 62
  256
370
   -1
100
AcDbLine
 10
41.71666799999998
 20
9.621539999999996
 11
41.689632
 21
9.610340999999991
  0
LINE
  5
B4D
100
AcDbEntity
  8
parts layout
  6
CONTINUOUS
 62
  256
370
   -1
100
AcDbLine
 10
41.689632
 20
9.610340999999991
 11
41.675
 21
9.608899999999991
  0
LINE
  5
B4E
100
AcDbEntity
  8
parts layout
  6
CONTINUOUS
 62
  256
370
   -1
100
AcDbLine
 10
41.675
 20
9.608899999999991
 11
36.675
 21
9.608899999999991
  0
LINE
  5
B4F
100
AcDbEntity
  8
parts layout
  6
CONTINUOUS
 62
  256
370
   -1
100
AcDbLine
 10
36.675
 20
9.608899999999991
 11
36.673233
 21
9.609073999999993
  0
LINE
  5
B50
100
AcDbEntity
  8
parts layout
  6
CONTINUOUS
 62
  256
370
   -1
100
AcDbLine
 10
36.673233
 20
9.609073999999993
 11
36.67275399999998
 21
9.608933999999991
  0
LINE
  5
B51
100
AcDbEntity
  8
parts layout
  6
CONTINUOUS
 62
  256
370
   -1
100
AcDbLine
 10
36.67275399999998
 20
9.608933999999991
 11
36.54461500000001
 21
9.612837999999996
  0
LINE
  5
B52
100
AcDbEntity
  8
parts layout
  6
CONTINUOUS
 62
  256
370
   -1
100
AcDbLine
 10
36.54461500000001
 20
9.612837999999996
 11
36.39424100000001
 21
9.598930999999993
  0
LINE
  5
B53
100
AcDbEntity
  8
parts layout
  6
CONTINUOUS
 62
  256
370
   -1
100
AcDbLine
 10
36.39424100000001
 20
9.598930999999993
 11
36.38989099999999
 21
9.597279
  0
LINE
  5
B54
100
AcDbEntity
  8
parts layout
  6
CONTINUOUS
 62
  256
370
   -1
100
AcDbLine
 10
36.38989099999999
 20
9.597279
 11
36.270968
 21
9.585233000000002
  0
LINE
  5
B55
100
AcDbEntity
  8
parts layout
  6
CONTINUOUS
 62
  256
370
   -1
100
AcDbLine
 10
36.270968
 20
9.585233000000002
 11
36.03877799999999
 21
9.534672999999998
  0
LINE
  5
B56
100
AcDbEntity
  8
parts layout
  6
CONTINUOUS
 62
  256
370
   -1
100
AcDbLine
 10
36.03877799999999
 20
9.534672999999998
 11
35.79676500000001
 21
9.449995999999999
  0
LINE
  5
B57
100
AcDbEntity
  8
parts layout
  6
CONTINUOUS
 62
  256
370
   -1
100
AcDbLine
 10
35.79676500000001
 20
9.449995999999999
 11
35.56687599999999
 21
9.336455999999998
  0
LINE
  5
B58
100
AcDbEntity
  8
parts layout
  6
CONTINUOUS
 62
  256
370
   -1
100
AcDbLine
 10
35.56687599999999
 20
9.336455999999998
 11
35.352538
 21
9.195746
  0
LINE
  5
B59
100
AcDbEntity
  8
parts layout
  6
CONTINUOUS
 62
  256
370
   -1
100
AcDbLine
 10
35.352538
 20
9.195746
 11
35.15694599999999
 21
9.029963999999993
  0
LINE
  5
B5A
100
AcDbEntity
  8
parts layout
  6
CONTINUOUS
 62
  256
370
   -1
100
AcDbLine
 10
35.15694599999999
 20
9.029963999999993
 11
34.98301500000001
 21
8.841580999999991
  0
LINE
  5
B5B
100
AcDbEntity
  8
parts layout
  6
CONTINUOUS
 62
  256
370
   -1
100
AcDbLine
 10
34.98301500000001
 20
8.841580999999991
 11
34.83333799999998
 21
8.633404999999996
  0
LINE
  5
B5C
100
AcDbEntity
  8
parts layout
  6
CONTINUOUS
 62
  256
370
   -1
100
AcDbLine
 10
34.83333799999998
 20
8.633404999999996
 11
34.71014799999999
 21
8.40853899999999
  0
LINE
  5
B5D
100
AcDbEntity
  8
parts layout
  6
CONTINUOUS
 62
  256
370
   -1
100
AcDbLine
 10
34.71014799999999
 20
8.40853899999999
 11
34.61528
 21
8.170337000000004
  0
LINE
  5
B5E
100
AcDbEntity
  8
parts layout
  6
CONTINUOUS
 62
  256
370
   -1
100
AcDbLine
 10
34.61528
 20
8.170337000000004
 11
34.55014899999999
 21
7.922348999999997
  0
LINE
  5
B5F
100
AcDbEntity
  8
parts layout
  6
CONTINUOUS
 62
  256
370
   -1
100
AcDbLine
 10
34.55014899999999
 20
7.922348999999997
 11
34.53300299999999
 21
7.795301999999992
  0
LINE
  5
B60
100
AcDbEntity
  8
parts layout
  6
CONTINUOUS
 62
  256
370
   -1
100
AcDbLine
 10
34.53300299999999
 20
7.795301999999992
 11
34.52855899999999
 21
7.786074999999997
  0
LINE
  5
B61
100
AcDbEntity
  8
parts layout
  6
CONTINUOUS
 62
  256
370
   -1
100
AcDbLine
 10
34.52855899999999
 20
7.786074999999997
 11
34.52855899999999
 21
7.769267999999997
  0
LINE
  5
B62
100
AcDbEntity
  8
parts layout
  6
CONTINUOUS
 62
  256
370
   -1
100
AcDbLine
 10
34.52855899999999
 20
7.769267999999997
 11
34.51735999999998
 21
7.742232000000001
  0
LINE
  5
B63
100
AcDbEntity
  8
parts layout
  6
CONTINUOUS
 62
  256
370
   -1
100
AcDbLine
 10
34.51735999999998
 20
7.742232000000001
 11
34.49666799999999
 21
7.72153999999999
  0
LINE
  5
B64
100
AcDbEntity
  8
parts layout
  6
CONTINUOUS
 62
  256
370
   -1
100
AcDbLine
 10
34.49666799999999
 20
7.72153999999999
 11
34.469632
 21
7.710341
  0
LINE
  5
B65
100
AcDbEntity
  8
parts layout
  6
CONTINUOUS
 62
  256
370
   -1
100
AcDbLine
 10
34.469632
 20
7.710341
 11
34.455
 21
7.7089
  0
LINE
  5
B66
100
AcDbEntity
  8
parts layout
  6
CONTINUOUS
 62
  256
370
   -1
100
AcDbLine
 10
34.455
 20
7.7089
 11
31.175
 21
7.7089
  0
LINE
  5
B67
100
AcDbEntity
  8
parts layout
  6
CONTINUOUS
 62
  256
370
   -1
100
AcDbLine
 10
31.175
 20
7.7089
 11
31.16036799999999
 21
7.710341
  0
LINE
  5
B68
100
AcDbEntity
  8
parts layout
  6
CONTINUOUS
 62
  256
370
   -1
100
AcDbLine
 10
31.16036799999999
 20
7.710341
 11
31.13333200000001
 21
7.72153999999999
  0
LINE
  5
B69
100
AcDbEntity
  8
parts layout
  6
CONTINUOUS
 62
  256
370
   -1
100
AcDbLine
 10
31.13333200000001
 20
7.72153999999999
 11
31.11263999999998
 21
7.742232000000001
  0
LINE
  5
B6A
100
AcDbEntity
  8
parts layout
  6
CONTINUOUS
 62
  256
370
   -1
100
AcDbLine
 10
31.11263999999998
 20
7.742232000000001
 11
31.10144100000001
 21
7.769267999999997
  0
LINE
  5
B6B
100
AcDbEntity
  8
parts layout
  6
CONTINUOUS
 62
  256
370
   -1
100
AcDbLine
 10
31.10144100000001
 20
7.769267999999997
 11
31.10000000000001
 21
7.783900000000003
  0
LINE
  5
B6C
100
AcDbEntity
  8
parts layout
  6
CONTINUOUS
 62
  256
370
   -1
100
AcDbLine
 10
31.10000000000001
 20
7.783900000000003
 11
31.10000000000001
 21
8.143900000000002
  0
LINE
  5
B6D
100
AcDbEntity
  8
parts layout
  6
CONTINUOUS
 62
  256
370
   -1
100
AcDbLine
 10
31.10000000000001
 20
8.143900000000002
 11
31.10144100000001
 21
8.158531999999994
  0
LINE
  5
B6E
100
AcDbEntity
  8
parts layout
  6
CONTINUOUS
 62
  256
370
   -1
100
AcDbLine
 10
31.10144100000001
 20
8.158531999999994
 11
31.11263999999998
 21
8.185568000000004
  0
LINE
  5
B6F
100
AcDbEntity
  8
parts layout
  6
CONTINUOUS
 62
  256
370
   -1
100
AcDbLine
 10
31.11263999999998
 20
8.185568000000004
 11
31.13333200000001
 21
8.20626
  0
LINE
  5
B70
100
AcDbEntity
  8
parts layout
  6
CONTINUOUS
 62
  256
370
   -1
100
AcDbLine
 10
31.13333200000001
 20
8.20626
 11
31.16036799999999
 21
8.217458999999991
  0
LINE
  5
B71
100
AcDbEntity
  8
parts layout
  6
CONTINUOUS
 62
  256
370
   -1
100
AcDbLine
 10
31.16036799999999
 20
8.217458999999991
 11
31.175
 21
8.218899999999991
  0
LINE
  5
B72
100
AcDbEntity
  8
parts layout
  6
CONTINUOUS
 62
  256
370
   -1
100
AcDbLine
 10
31.175
 20
8.218899999999991
 11
31.30161199999999
 21
8.218899999999991
  0
LINE
  5
B73
100
AcDbEntity
  8
parts layout
  6
CONTINUOUS
 62
  256
370
   -1
100
AcDbLine
 10
31.30161199999999
 20
8.218899999999991
 11
31.326227
 21
8.229095999999998
  0
LINE
  5
B74
100
AcDbEntity
  8
parts layout
  6
CONTINUOUS
 62
  256
370
   -1
100
AcDbLine
 10
31.326227
 20
8.229095999999998
 11
31.33
 21
8.229467999999997
  0
LINE
  5
B75
100
AcDbEntity
  8
parts layout
  6
CONTINUOUS
 62
  256
370
   -1
100
AcDbLine
 10
31.33
 20
8.229467999999997
 11
31.33
 21
10.30889999999999
  0
LINE
  5
B76
100
AcDbEntity
  8
parts layout
  6
CONTINUOUS
 62
  256
370
   -1
100
AcDbLine
 10
31.33
 20
10.30889999999999
 11
31.175
 21
10.30889999999999
  0
LINE
  5
B77
100
AcDbEntity
  8
parts layout
  6
CONTINUOUS
 62
  256
370
   -1
100
AcDbLine
 10
31.175
 20
10.30889999999999
 11
31.16036799999999
 21
10.31034099999999
  0
LINE
  5
B78
100
AcDbEntity
  8
parts layout
  6
CONTINUOUS
 62
  256
370
   -1
100
AcDbLine
 10
31.16036799999999
 20
10.31034099999999
 11
31.13333200000001
 21
10.32154
  0
LINE
  5
B79
100
AcDbEntity
  8
parts layout
  6
CONTINUOUS
 62
  256
370
   -1
100
AcDbLine
 10
31.13333200000001
 20
10.32154
 11
31.11263999999998
 21
10.342232
  0
LINE
  5
B7A
100
AcDbEntity
  8
parts layout
  6
CONTINUOUS
 62
  256
370
   -1
100
AcDbLine
 10
31.11263999999998
 20
10.342232
 11
31.10144100000001
 21
10.36926799999999
  0
LINE
  5
B7B
100
AcDbEntity
  8
parts layout
  6
CONTINUOUS
 62
  256
370
   -1
100
AcDbLine
 10
31.10144100000001
 20
10.36926799999999
 11
31.10000000000001
 21
10.3839
  0
LINE
  5
B7C
100
AcDbEntity
  8
parts layout
  6
CONTINUOUS
 62
  256
370
   -1
100
AcDbLine
 10
31.10000000000001
 20
10.3839
 11
31.10000000000001
 21
11.3839
  0
LINE
  5
B7D
100
AcDbEntity
  8
parts layout
  6
CONTINUOUS
 62
  256
370
   -1
100
AcDbLine
 10
31.10000000000001
 20
11.3839
 11
31.100295
 21
11.3869
  0
LINE
  5
B7E
100
AcDbEntity
  8
parts layout
  6
CONTINUOUS
 62
  256
370
   -1
100
AcDbLine
 10
31.100295
 20
11.3869
 11
31.100094
 21
11.38764399999999
  0
LINE
  5
B7F
100
AcDbEntity
  8
parts layout
  6
CONTINUOUS
 62
  256
370
   -1
100
AcDbLine
 10
31.100094
 20
11.38764399999999
 11
31.13138600000001
 21
11.65758599999999
  0
LINE
  5
B80
100
AcDbEntity
  8
parts layout
  6
CONTINUOUS
 62
  256
370
   -1
100
AcDbLine
 10
31.13138600000001
 20
11.65758599999999
 11
31.19764500000001
 21
11.92113499999999
  0
LINE
  5
B81
100
AcDbEntity
  8
parts layout
  6
CONTINUOUS
 62
  256
370
   -1
100
AcDbLine
 10
31.19764500000001
 20
11.92113499999999
 11
31.297737
 21
12.17377999999999
  0
LINE
  5
B82
100
AcDbEntity
  8
parts layout
  6
CONTINUOUS
 62
  256
370
   -1
100
AcDbLine
 10
31.297737
 20
12.17377999999999
 11
31.42995000000001
 21
12.411199
  0
LINE
  5
B83
100
AcDbEntity
  8
parts layout
  6
CONTINUOUS
 62
  256
370
   -1
100
AcDbLine
 10
31.42995000000001
 20
12.411199
 11
31.592021
 21
12.629329
  0
LINE
  5
B84
100
AcDbEntity
  8
parts layout
  6
CONTINUOUS
 62
  256
370
   -1
100
AcDbLine
 10
31.592021
 20
12.629329
 11
31.781177
 21
12.824439
  0
LINE
  5
B85
100
AcDbEntity
  8
parts layout
  6
CONTINUOUS
 62
  256
370
   -1
100
AcDbLine
 10
31.781177
 20
12.824439
 11
31.99418300000001
 21
12.99319
  0
LINE
  5
B86
100
AcDbEntity
  8
parts layout
  6
CONTINUOUS
 62
  256
370
   -1
100
AcDbLine
 10
31.99418300000001
 20
12.99319
 11
32.22739199999999
 21
13.132694
  0
LINE
  5
B87
100
AcDbEntity
  8
parts layout
  6
CONTINUOUS
 62
  256
370
   -1
100
AcDbLine
 10
32.22739199999999
 20
13.132694
 11
32.476815
 21
13.240565
  0
LINE
  5
B88
100
AcDbEntity
  8
parts layout
  6
CONTINUOUS
 62
  256
370
   -1
100
AcDbLine
 10
32.476815
 20
13.240565
 11
32.738184
 21
13.31495699999999
  0
LINE
  5
B89
100
AcDbEntity
  8
parts layout
  6
CONTINUOUS
 62
  256
370
   -1
100
AcDbLine
 10
32.738184
 20
13.31495699999999
 11
33.00702700000001
 21
13.354597
  0
LINE
  5
B8A
100
AcDbEntity
  8
parts layout
  6
CONTINUOUS
 62
  256
370
   -1
100
AcDbLine
 10
33.00702700000001
 20
13.354597
 11
33.27316699999999
 21
13.35871999999999
  0
LINE
  5
B8B
100
AcDbEntity
  8
parts layout
  6
CONTINUOUS
 62
  256
370
   -1
100
AcDbLine
 10
33.27316699999999
 20
13.35871999999999
 11
33.27499899999999
 21
13.35889999999999
  0
LINE
  5
B8C
100
AcDbEntity
  8
parts layout
  6
CONTINUOUS
 62
  256
370
   -1
100
AcDbLine
 10
33.27499899999999
 20
13.35889999999999
 11
41.675
 21
13.35889999999999
  0
LINE
  5
B8D
100
AcDbEntity
  8
parts layout
  6
CONTINUOUS
 62
  256
370
   -1
100
AcDbLine
 10
41.675
 20
13.35889999999999
 11
41.689632
 21
13.35745899999999
  0
LINE
  5
B8E
100
AcDbEntity
  8
parts layout
  6
CONTINUOUS
 62
  256
370
   -1
100
AcDbLine
 10
32.171723
 20
8.233899999999991
 11
32.18217199999999
 21
8.233899999999991
  0
LINE
  5
B8F
100
AcDbEntity
  8
parts layout
  6
CONTINUOUS
 62
  256
370
   -1
100
AcDbLine
 10
32.18217199999999
 20
8.233899999999991
 11
32.17206
 21
8.239052000000001
  0
LINE
  5
B90
100
AcDbEntity
  8
parts layout
  6
CONTINUOUS
 62
  256
370
   -1
100
AcDbLine
 10
32.17206
 20
8.239052000000001
 11
32.171723
 21
8.233899999999991
  0
LINE
  5
B91
100
AcDbEntity
  8
parts layout
  6
CONTINUOUS
 62
  256
370
   -1
100
AcDbLine
 10
22.63963199999999
 20
15.222459
 11
22.666668
 21
15.21126
  0
LINE
  5
B92
100
AcDbEntity
  8
parts layout
  6
CONTINUOUS
 62
  256
370
   -1
100
AcDbLine
 10
22.666668
 20
15.21126
 11
22.68736
 21
15.190568
  0
LINE
  5
B93
100
AcDbEntity
  8
parts layout
  6
CONTINUOUS
 62
  256
370
   -1
100
AcDbLine
 10
22.68736
 20
15.190568
 11
22.698559
 21
15.163532
  0
LINE
  5
B94
100
AcDbEntity
  8
parts layout
  6
CONTINUOUS
 62
  256
370
   -1
100
AcDbLine
 10
22.698559
 20
15.163532
 11
22.7
 21
15.1489
  0
LINE
  5
B95
100
AcDbEntity
  8
parts layout
  6
CONTINUOUS
 62
  256
370
   -1
100
AcDbLine
 10
22.7
 20
15.1489
 11
22.7
 21
14.7989
  0
LINE
  5
B96
100
AcDbEntity
  8
parts layout
  6
CONTINUOUS
 62
  256
370
   -1
100
AcDbLine
 10
22.7
 20
14.7989
 11
22.698559
 21
14.784268
  0
LINE
  5
B97
100
AcDbEntity
  8
parts layout
  6
CONTINUOUS
 62
  256
370
   -1
100
AcDbLine
 10
22.698559
 20
14.784268
 11
22.68736
 21
14.757232
  0
LINE
  5
B98
100
AcDbEntity
  8
parts layout
  6
CONTINUOUS
 62
  256
370
   -1
100
AcDbLine
 10
22.68736
 20
14.757232
 11
22.666668
 21
14.73653999999999
  0
LINE
  5
B99
100
AcDbEntity
  8
parts layout
  6
CONTINUOUS
 62
  256
370
   -1
100
AcDbLine
 10
22.666668
 20
14.73653999999999
 11
22.63963199999999
 21
14.725341
  0
LINE
  5
B9A
100
AcDbEntity
  8
parts layout
  6
CONTINUOUS
 62
  256
370
   -1
100
AcDbLine
 10
22.63963199999999
 20
14.725341
 11
22.62499999999999
 21
14.7239
  0
LINE
  5
B9B
100
AcDbEntity
  8
parts layout
  6
CONTINUOUS
 62
  256
370
   -1
100
AcDbLine
 10
22.62499999999999
 20
14.7239
 11
22.48
 21
14.7239
  0
LINE
  5
B9C
100
AcDbEntity
  8
parts layout
  6
CONTINUOUS
 62
  256
370
   -1
100
AcDbLine
 10
22.48
 20
14.7239
 11
22.48
 21
12.63843799999999
  0
LINE
  5
B9D
100
AcDbEntity
  8
parts layout
  6
CONTINUOUS
 62
  256
370
   -1
100
AcDbLine
 10
22.48
 20
12.63843799999999
 11
22.51509599999999
 21
12.62389999999999
  0
LINE
  5
B9E
100
AcDbEntity
  8
parts layout
  6
CONTINUOUS
 62
  256
370
   -1
100
AcDbLine
 10
22.51509599999999
 20
12.62389999999999
 11
22.62499999999999
 21
12.62389999999999
  0
LINE
  5
B9F
100
AcDbEntity
  8
parts layout
  6
CONTINUOUS
 62
  256
370
   -1
100
AcDbLine
 10
22.62499999999999
 20
12.62389999999999
 11
22.63963199999999
 21
12.62245899999999
  0
LINE
  5
BA0
100
AcDbEntity
  8
parts layout
  6
CONTINUOUS
 62
  256
370
   -1
100
AcDbLine
 10
22.63963199999999
 20
12.62245899999999
 11
22.666668
 21
12.61126
  0
LINE
  5
BA1
100
AcDbEntity
  8
parts layout
  6
CONTINUOUS
 62
  256
370
   -1
100
AcDbLine
 10
22.666668
 20
12.61126
 11
22.68736
 21
12.59056799999999
  0
LINE
  5
BA2
100
AcDbEntity
  8
parts layout
  6
CONTINUOUS
 62
  256
370
   -1
100
AcDbLine
 10
22.68736
 20
12.59056799999999
 11
22.698559
 21
12.563532
  0
LINE
  5
BA3
100
AcDbEntity
  8
parts layout
  6
CONTINUOUS
 62
  256
370
   -1
100
AcDbLine
 10
22.698559
 20
12.563532
 11
22.7
 21
12.5489
  0
LINE
  5
BA4
100
AcDbEntity
  8
parts layout
  6
CONTINUOUS
 62
  256
370
   -1
100
AcDbLine
 10
22.7
 20
12.5489
 11
22.7
 21
11.5489
  0
LINE
  5
BA5
100
AcDbEntity
  8
parts layout
  6
CONTINUOUS
 62
  256
370
   -1
100
AcDbLine
 10
22.7
 20
11.5489
 11
22.698559
 21
11.534268
  0
LINE
  5
BA6
100
AcDbEntity
  8
parts layout
  6
CONTINUOUS
 62
  256
370
   -1
100
AcDbLine
 10
22.698559
 20
11.534268
 11
22.68736
 21
11.507232
  0
LINE
  5
BA7
100
AcDbEntity
  8
parts layout
  6
CONTINUOUS
 62
  256
370
   -1
100
AcDbLine
 10
22.68736
 20
11.507232
 11
22.666668
 21
11.48653999999999
  0
LINE
  5
BA8
100
AcDbEntity
  8
parts layout
  6
CONTINUOUS
 62
  256
370
   -1
100
AcDbLine
 10
22.666668
 20
11.48653999999999
 11
22.63963199999999
 21
11.475341
  0
LINE
  5
BA9
100
AcDbEntity
  8
parts layout
  6
CONTINUOUS
 62
  256
370
   -1
100
AcDbLine
 10
22.63963199999999
 20
11.475341
 11
22.62499999999999
 21
11.4739
  0
LINE
  5
BAA
100
AcDbEntity
  8
parts layout
  6
CONTINUOUS
 62
  256
370
   -1
100
AcDbLine
 10
22.62499999999999
 20
11.4739
 11
17.625
 21
11.4739
  0
LINE
  5
BAB
100
AcDbEntity
  8
parts layout
  6
CONTINUOUS
 62
  256
370
   -1
100
AcDbLine
 10
17.625
 20
11.4739
 11
17.623233
 21
11.474074
  0
LINE
  5
BAC
100
AcDbEntity
  8
parts layout
  6
CONTINUOUS
 62
  256
370
   -1
100
AcDbLine
 10
17.623233
 20
11.474074
 11
17.622754
 21
11.473934
  0
LINE
  5
BAD
100
AcDbEntity
  8
parts layout
  6
CONTINUOUS
 62
  256
370
   -1
100
AcDbLine
 10
17.622754
 20
11.473934
 11
17.494615
 21
11.47783799999999
  0
LINE
  5
BAE
100
AcDbEntity
  8
parts layout
  6
CONTINUOUS
 62
  256
370
   -1
100
AcDbLine
 10
17.494615
 20
11.47783799999999
 11
17.344241
 21
11.463931
  0
LINE
  5
BAF
100
AcDbEntity
  8
parts layout
  6
CONTINUOUS
 62
  256
370
   -1
100
AcDbLine
 10
17.344241
 20
11.463931
 11
17.33989099999999
 21
11.462279
  0
LINE
  5
BB0
100
AcDbEntity
  8
parts layout
  6
CONTINUOUS
 62
  256
370
   -1
100
AcDbLine
 10
17.33989099999999
 20
11.462279
 11
17.220968
 21
11.450233
  0
LINE
  5
BB1
100
AcDbEntity
  8
parts layout
  6
CONTINUOUS
 62
  256
370
   -1
100
AcDbLine
 10
17.220968
 20
11.450233
 11
16.988778
 21
11.39967299999999
  0
LINE
  5
BB2
100
AcDbEntity
  8
parts layout
  6
CONTINUOUS
 62
  256
370
   -1
100
AcDbLine
 10
16.988778
 20
11.39967299999999
 11
16.746765
 21
11.31499599999999
  0
LINE
  5
BB3
100
AcDbEntity
  8
parts layout
  6
CONTINUOUS
 62
  256
370
   -1
100
AcDbLine
 10
16.746765
 20
11.31499599999999
 11
16.516876
 21
11.20145599999999
  0
LINE
  5
BB4
100
AcDbEntity
  8
parts layout
  6
CONTINUOUS
 62
  256
370
   -1
100
AcDbLine
 10
16.516876
 20
11.20145599999999
 11
16.302538
 21
11.06074599999999
  0
LINE
  5
BB5
100
AcDbEntity
  8
parts layout
  6
CONTINUOUS
 62
  256
370
   -1
100
AcDbLine
 10
16.302538
 20
11.06074599999999
 11
16.10694599999999
 21
10.894964
  0
LINE
  5
BB6
100
AcDbEntity
  8
parts layout
  6
CONTINUOUS
 62
  256
370
   -1
100
AcDbLine
 10
16.10694599999999
 20
10.894964
 11
15.933015
 21
10.706581
  0
LINE
  5
BB7
100
AcDbEntity
  8
parts layout
  6
CONTINUOUS
 62
  256
370
   -1
100
AcDbLine
 10
15.933015
 20
10.706581
 11
15.783338
 21
10.49840499999999
  0
LINE
  5
BB8
100
AcDbEntity
  8
parts layout
  6
CONTINUOUS
 62
  256
370
   -1
100
AcDbLine
 10
15.783338
 20
10.49840499999999
 11
15.66014799999999
 21
10.273539
  0
LINE
  5
BB9
100
AcDbEntity
  8
parts layout
  6
CONTINUOUS
 62
  256
370
   -1
100
AcDbLine
 10
15.66014799999999
 20
10.273539
 11
15.56528
 21
10.035337
  0
LINE
  5
BBA
100
AcDbEntity
  8
parts layout
  6
CONTINUOUS
 62
  256
370
   -1
100
AcDbLine
 10
15.56528
 20
10.035337
 11
15.50014899999999
 21
9.787348999999992
  0
LINE
  5
BBB
100
AcDbEntity
  8
parts layout
  6
CONTINUOUS
 62
  256
370
   -1
100
AcDbLine
 10
15.50014899999999
 20
9.787348999999992
 11
15.483003
 21
9.660302000000001
  0
LINE
  5
BBC
100
AcDbEntity
  8
parts layout
  6
CONTINUOUS
 62
  256
370
   -1
100
AcDbLine
 10
15.483003
 20
9.660302000000001
 11
15.478559
 21
9.651074999999992
  0
LINE
  5
BBD
100
AcDbEntity
  8
parts layout
  6
CONTINUOUS
 62
  256
370
   -1
100
AcDbLine
 10
15.478559
 20
9.651074999999992
 11
15.478559
 21
9.634267999999992
  0
LINE
  5
BBE
100
AcDbEntity
  8
parts layout
  6
CONTINUOUS
 62
  256
370
   -1
100
AcDbLine
 10
15.478559
 20
9.634267999999992
 11
15.46736
 21
9.607231999999996
  0
LINE
  5
BBF
100
AcDbEntity
  8
parts layout
  6
CONTINUOUS
 62
  256
370
   -1
100
AcDbLine
 10
15.46736
 20
9.607231999999996
 11
15.446668
 21
9.586539999999999
  0
LINE
  5
BC0
100
AcDbEntity
  8
parts layout
  6
CONTINUOUS
 62
  256
370
   -1
100
AcDbLine
 10
15.446668
 20
9.586539999999999
 11
15.41963199999999
 21
9.575340999999995
  0
LINE
  5
BC1
100
AcDbEntity
  8
parts layout
  6
CONTINUOUS
 62
  256
370
   -1
100
AcDbLine
 10
15.41963199999999
 20
9.575340999999995
 11
15.405
 21
9.573899999999995
  0
LINE
  5
BC2
100
AcDbEntity
  8
parts layout
  6
CONTINUOUS
 62
  256
370
   -1
100
AcDbLine
 10
15.405
 20
9.573899999999995
 11
12.125
 21
9.573899999999995
  0
LINE
  5
BC3
100
AcDbEntity
  8
parts layout
  6
CONTINUOUS
 62
  256
370
   -1
100
AcDbLine
 10
12.125
 20
9.573899999999995
 11
12.11036799999999
 21
9.575340999999995
  0
LINE
  5
BC4
100
AcDbEntity
  8
parts layout
  6
CONTINUOUS
 62
  256
370
   -1
100
AcDbLine
 10
12.11036799999999
 20
9.575340999999995
 11
12.083332
 21
9.586539999999999
  0
LINE
  5
BC5
100
AcDbEntity
  8
parts layout
  6
CONTINUOUS
 62
  256
370
   -1
100
AcDbLine
 10
12.083332
 20
9.586539999999999
 11
12.06264
 21
9.607231999999996
  0
LINE
  5
BC6
100
AcDbEntity
  8
parts layout
  6
CONTINUOUS
 62
  256
370
   -1
100
AcDbLine
 10
12.06264
 20
9.607231999999996
 11
12.051441
 21
9.634267999999992
  0
LINE
  5
BC7
100
AcDbEntity
  8
parts layout
  6
CONTINUOUS
 62
  256
370
   -1
100
AcDbLine
 10
12.051441
 20
9.634267999999992
 11
12.05
 21
9.648899999999998
  0
LINE
  5
BC8
100
AcDbEntity
  8
parts layout
  6
CONTINUOUS
 62
  256
370
   -1
100
AcDbLine
 10
12.05
 20
9.648899999999998
 11
12.05
 21
10.0089
  0
LINE
  5
BC9
100
AcDbEntity
  8
parts layout
  6
CONTINUOUS
 62
  256
370
   -1
100
AcDbLine
 10
12.05
 20
10.0089
 11
12.051441
 21
10.023532
  0
LINE
  5
BCA
100
AcDbEntity
  8
parts layout
  6
CONTINUOUS
 62
  256
370
   -1
100
AcDbLine
 10
12.051441
 20
10.023532
 11
12.06264
 21
10.050568
  0
LINE
  5
BCB
100
AcDbEntity
  8
parts layout
  6
CONTINUOUS
 62
  256
370
   -1
100
AcDbLine
 10
12.06264
 20
10.050568
 11
12.083332
 21
10.07126
  0
LINE
  5
BCC
100
AcDbEntity
  8
parts layout
  6
CONTINUOUS
 62
  256
370
   -1
100
AcDbLine
 10
12.083332
 20
10.07126
 11
12.11036799999999
 21
10.082459
  0
LINE
  5
BCD
100
AcDbEntity
  8
parts layout
  6
CONTINUOUS
 62
  256
370
   -1
100
AcDbLine
 10
12.11036799999999
 20
10.082459
 11
12.125
 21
10.0839
  0
LINE
  5
BCE
100
AcDbEntity
  8
parts layout
  6
CONTINUOUS
 62
  256
370
   -1
100
AcDbLine
 10
12.125
 20
10.0839
 11
12.25161199999999
 21
10.0839
  0
LINE
  5
BCF
100
AcDbEntity
  8
parts layout
  6
CONTINUOUS
 62
  256
370
   -1
100
AcDbLine
 10
12.25161199999999
 20
10.0839
 11
12.27622699999999
 21
10.09409599999999
  0
LINE
  5
BD0
100
AcDbEntity
  8
parts layout
  6
CONTINUOUS
 62
  256
370
   -1
100
AcDbLine
 10
12.27622699999999
 20
10.09409599999999
 11
12.28
 21
10.09446799999999
  0
LINE
  5
BD1
100
AcDbEntity
  8
parts layout
  6
CONTINUOUS
 62
  256
370
   -1
100
AcDbLine
 10
12.28
 20
10.09446799999999
 11
12.28
 21
12.1739
  0
LINE
  5
BD2
100
AcDbEntity
  8
parts layout
  6
CONTINUOUS
 62
  256
370
   -1
100
AcDbLine
 10
12.28
 20
12.1739
 11
12.125
 21
12.1739
  0
LINE
  5
BD3
100
AcDbEntity
  8
parts layout
  6
CONTINUOUS
 62
  256
370
   -1
100
AcDbLine
 10
12.125
 20
12.1739
 11
12.11036799999999
 21
12.175341
  0
LINE
  5
BD4
100
AcDbEntity
  8
parts layout
  6
CONTINUOUS
 62
  256
370
   -1
100
AcDbLine
 10
12.11036799999999
 20
12.175341
 11
12.083332
 21
12.18653999999999
  0
LINE
  5
BD5
100
AcDbEntity
  8
parts layout
  6
CONTINUOUS
 62
  256
370
   -1
100
AcDbLine
 10
12.083332
 20
12.18653999999999
 11
12.06264
 21
12.20723199999999
  0
LINE
  5
BD6
100
AcDbEntity
  8
parts layout
  6
CONTINUOUS
 62
  256
370
   -1
100
AcDbLine
 10
12.06264
 20
12.20723199999999
 11
12.051441
 21
12.234268
  0
LINE
  5
BD7
100
AcDbEntity
  8
parts layout
  6
CONTINUOUS
 62
  256
370
   -1
100
AcDbLine
 10
12.051441
 20
12.234268
 11
12.05
 21
12.24889999999999
  0
LINE
  5
BD8
100
AcDbEntity
  8
parts layout
  6
CONTINUOUS
 62
  256
370
   -1
100
AcDbLine
 10
12.05
 20
12.24889999999999
 11
12.05
 21
13.24889999999999
  0
LINE
  5
BD9
100
AcDbEntity
  8
parts layout
  6
CONTINUOUS
 62
  256
370
   -1
100
AcDbLine
 10
12.05
 20
13.24889999999999
 11
12.05029499999999
 21
13.25189999999999
  0
LINE
  5
BDA
100
AcDbEntity
  8
parts layout
  6
CONTINUOUS
 62
  256
370
   -1
100
AcDbLine
 10
12.05029499999999
 20
13.25189999999999
 11
12.050094
 21
13.252644
  0
LINE
  5
BDB
100
AcDbEntity
  8
parts layout
  6
CONTINUOUS
 62
  256
370
   -1
100
AcDbLine
 10
12.050094
 20
13.252644
 11
12.08138599999999
 21
13.52258599999999
  0
LINE
  5
BDC
100
AcDbEntity
  8
parts layout
  6
CONTINUOUS
 62
  256
370
   -1
100
AcDbLine
 10
12.08138599999999
 20
13.52258599999999
 11
12.147645
 21
13.786135
  0
LINE
  5
BDD
100
AcDbEntity
  8
parts layout
  6
CONTINUOUS
 62
  256
370
   -1
100
AcDbLine
 10
12.147645
 20
13.786135
 11
12.247737
 21
14.03878
  0
LINE
  5
BDE
100
AcDbEntity
  8
parts layout
  6
CONTINUOUS
 62
  256
370
   -1
100
AcDbLine
 10
12.247737
 20
14.03878
 11
12.37994999999999
 21
14.27619899999999
  0
LINE
  5
BDF
100
AcDbEntity
  8
parts layout
  6
CONTINUOUS
 62
  256
370
   -1
100
AcDbLine
 10
12.37994999999999
 20
14.27619899999999
 11
12.54202099999999
 21
14.49432899999999
  0
LINE
  5
BE0
100
AcDbEntity
  8
parts layout
  6
CONTINUOUS
 62
  256
370
   -1
100
AcDbLine
 10
12.54202099999999
 20
14.49432899999999
 11
12.731177
 21
14.68943899999999
  0
LINE
  5
BE1
100
AcDbEntity
  8
parts layout
  6
CONTINUOUS
 62
  256
370
   -1
100
AcDbLine
 10
12.731177
 20
14.68943899999999
 11
12.944183
 21
14.85818999999999
  0
LINE
  5
BE2
100
AcDbEntity
  8
parts layout
  6
CONTINUOUS
 62
  256
370
   -1
100
AcDbLine
 10
12.944183
 20
14.85818999999999
 11
13.177392
 21
14.997694
  0
LINE
  5
BE3
100
AcDbEntity
  8
parts layout
  6
CONTINUOUS
 62
  256
370
   -1
100
AcDbLine
 10
13.177392
 20
14.997694
 11
13.42681499999999
 21
15.105565
  0
LINE
  5
BE4
100
AcDbEntity
  8
parts layout
  6
CONTINUOUS
 62
  256
370
   -1
100
AcDbLine
 10
13.42681499999999
 20
15.105565
 11
13.68818399999999
 21
15.179957
  0
LINE
  5
BE5
100
AcDbEntity
  8
parts layout
  6
CONTINUOUS
 62
  256
370
   -1
100
AcDbLine
 10
13.68818399999999
 20
15.179957
 11
13.957027
 21
15.21959699999999
  0
LINE
  5
BE6
100
AcDbEntity
  8
parts layout
  6
CONTINUOUS
 62
  256
370
   -1
100
AcDbLine
 10
13.957027
 20
15.21959699999999
 11
14.223167
 21
15.22372
  0
LINE
  5
BE7
100
AcDbEntity
  8
parts layout
  6
CONTINUOUS
 62
  256
370
   -1
100
AcDbLine
 10
14.223167
 20
15.22372
 11
14.224999
 21
15.2239
  0
LINE
  5
BE8
100
AcDbEntity
  8
parts layout
  6
CONTINUOUS
 62
  256
370
   -1
100
AcDbLine
 10
14.224999
 20
15.2239
 11
22.62499999999999
 21
15.2239
  0
LINE
  5
BE9
100
AcDbEntity
  8
parts layout
  6
CONTINUOUS
 62
  256
370
   -1
100
AcDbLine
 10
22.62499999999999
 20
15.2239
 11
22.63963199999999
 21
15.222459
  0
LINE
  5
BEA
100
AcDbEntity
  8
parts layout
  6
CONTINUOUS
 62
  256
370
   -1
100
AcDbLine
 10
13.121723
 20
10.0989
 11
13.132172
 21
10.0989
  0
LINE
  5
BEB
100
AcDbEntity
  8
parts layout
  6
CONTINUOUS
 62
  256
370
   -1
100
AcDbLine
 10
13.132172
 20
10.0989
 11
13.12205999999999
 21
10.104052
  0
LINE
  5
BEC
100
AcDbEntity
  8
parts layout
  6
CONTINUOUS
 62
  256
370
   -1
100
AcDbLine
 10
13.12205999999999
 20
10.104052
 11
13.121723
 21
10.0989
  0
LINE
  5
BED
100
AcDbEntity
  8
parts layout
  6
CONTINUOUS
 62
  256
370
   -1
100
AcDbLine
 10
-15.460368
 20
15.26245899999999
 11
-15.43333200000001
 21
15.25126
  0
LINE
  5
BEE
100
AcDbEntity
  8
parts layout
  6
CONTINUOUS
 62
  256
370
   -1
100
AcDbLine
 10
-15.43333200000001
 20
15.25126
 11
-15.41264
 21
15.23056799999999
  0
LINE
  5
BEF
100
AcDbEntity
  8
parts layout
  6
CONTINUOUS
 62
  256
370
   -1
100
AcDbLine
 10
-15.41264
 20
15.23056799999999
 11
-15.40144100000001
 21
15.203532
  0
LINE
  5
BF0
100
AcDbEntity
  8
parts layout
  6
CONTINUOUS
 62
  256
370
   -1
100
AcDbLine
 10
-15.40144100000001
 20
15.203532
 11
-15.40000000000001
 21
15.18889999999999
  0
LINE
  5
BF1
100
AcDbEntity
  8
parts layout
  6
CONTINUOUS
 62
  256
370
   -1
100
AcDbLine
 10
-15.40000000000001
 20
15.18889999999999
 11
-15.40000000000001
 21
14.8389
  0
LINE
  5
BF2
100
AcDbEntity
  8
parts layout
  6
CONTINUOUS
 62
  256
370
   -1
100
AcDbLine
 10
-15.40000000000001
 20
14.8389
 11
-15.40144100000001
 21
14.824268
  0
LINE
  5
BF3
100
AcDbEntity
  8
parts layout
  6
CONTINUOUS
 62
  256
370
   -1
100
AcDbLine
 10
-15.40144100000001
 20
14.824268
 11
-15.41264
 21
14.79723199999999
  0
LINE
  5
BF4
100
AcDbEntity
  8
parts layout
  6
CONTINUOUS
 62
  256
370
   -1
100
AcDbLine
 10
-15.41264
 20
14.79723199999999
 11
-15.43333200000001
 21
14.77654
  0
LINE
  5
BF5
100
AcDbEntity
  8
parts layout
  6
CONTINUOUS
 62
  256
370
   -1
100
AcDbLine
 10
-15.43333200000001
 20
14.77654
 11
-15.460368
 21
14.76534099999999
  0
LINE
  5
BF6
100
AcDbEntity
  8
parts layout
  6
CONTINUOUS
 62
  256
370
   -1
100
AcDbLine
 10
-15.460368
 20
14.76534099999999
 11
-15.47499999999999
 21
14.76389999999999
  0
LINE
  5
BF7
100
AcDbEntity
  8
parts layout
  6
CONTINUOUS
 62
  256
370
   -1
100
AcDbLine
 10
-15.47499999999999
 20
14.76389999999999
 11
-15.62
 21
14.76389999999999
  0
LINE
  5
BF8
100
AcDbEntity
  8
parts layout
  6
CONTINUOUS
 62
  256
370
   -1
100
AcDbLine
 10
-15.62
 20
14.76389999999999
 11
-15.62
 21
12.678438
  0
LINE
  5
BF9
100
AcDbEntity
  8
parts layout
  6
CONTINUOUS
 62
  256
370
   -1
100
AcDbLine
 10
-15.62
 20
12.678438
 11
-15.58490399999999
 21
12.6639
  0
LINE
  5
BFA
100
AcDbEntity
  8
parts layout
  6
CONTINUOUS
 62
  256
370
   -1
100
AcDbLine
 10
-15.58490399999999
 20
12.6639
 11
-15.47499999999999
 21
12.6639
  0
LINE
  5
BFB
100
AcDbEntity
  8
parts layout
  6
CONTINUOUS
 62
  256
370
   -1
100
AcDbLine
 10
-15.47499999999999
 20
12.6639
 11
-15.460368
 21
12.662459
  0
LINE
  5
BFC
100
AcDbEntity
  8
parts layout
  6
CONTINUOUS
 62
  256
370
   -1
100
AcDbLine
 10
-15.460368
 20
12.662459
 11
-15.43333200000001
 21
12.65125999999999
  0
LINE
  5
BFD
100
AcDbEntity
  8
parts layout
  6
CONTINUOUS
 62
  256
370
   -1
100
AcDbLine
 10
-15.43333200000001
 20
12.65125999999999
 11
-15.41264
 21
12.630568
  0
LINE
  5
BFE
100
AcDbEntity
  8
parts layout
  6
CONTINUOUS
 62
  256
370
   -1
100
AcDbLine
 10
-15.41264
 20
12.630568
 11
-15.40144100000001
 21
12.603532
  0
LINE
  5
BFF
100
AcDbEntity
  8
parts layout
  6
CONTINUOUS
 62
  256
370
   -1
100
AcDbLine
 10
-15.40144100000001
 20
12.603532
 11
-15.40000000000001
 21
12.5889
  0
LINE
  5
C00
100
AcDbEntity
  8
parts layout
  6
CONTINUOUS
 62
  256
370
   -1
100
AcDbLine
 10
-15.40000000000001
 20
12.5889
 11
-15.40000000000001
 21
11.5889
  0
LINE
  5
C01
100
AcDbEntity
  8
parts layout
  6
CONTINUOUS
 62
  256
370
   -1
100
AcDbLine
 10
-15.40000000000001
 20
11.5889
 11
-15.40144100000001
 21
11.574268
  0
LINE
  5
C02
100
AcDbEntity
  8
parts layout
  6
CONTINUOUS
 62
  256
370
   -1
100
AcDbLine
 10
-15.40144100000001
 20
11.574268
 11
-15.41264
 21
11.54723199999999
  0
LINE
  5
C03
100
AcDbEntity
  8
parts layout
  6
CONTINUOUS
 62
  256
370
   -1
100
AcDbLine
 10
-15.41264
 20
11.54723199999999
 11
-15.43333200000001
 21
11.52654
  0
LINE
  5
C04
100
AcDbEntity
  8
parts layout
  6
CONTINUOUS
 62
  256
370
   -1
100
AcDbLine
 10
-15.43333200000001
 20
11.52654
 11
-15.460368
 21
11.51534099999999
  0
LINE
  5
C05
100
AcDbEntity
  8
parts layout
  6
CONTINUOUS
 62
  256
370
   -1
100
AcDbLine
 10
-15.460368
 20
11.51534099999999
 11
-15.47499999999999
 21
11.51389999999999
  0
LINE
  5
C06
100
AcDbEntity
  8
parts layout
  6
CONTINUOUS
 62
  256
370
   -1
100
AcDbLine
 10
-15.47499999999999
 20
11.51389999999999
 11
-20.47499999999999
 21
11.51389999999999
  0
LINE
  5
C07
100
AcDbEntity
  8
parts layout
  6
CONTINUOUS
 62
  256
370
   -1
100
AcDbLine
 10
-20.47499999999999
 20
11.51389999999999
 11
-20.476767
 21
11.51407399999999
  0
LINE
  5
C08
100
AcDbEntity
  8
parts layout
  6
CONTINUOUS
 62
  256
370
   -1
100
AcDbLine
 10
-20.476767
 20
11.51407399999999
 11
-20.47724600000001
 21
11.51393399999999
  0
LINE
  5
C09
100
AcDbEntity
  8
parts layout
  6
CONTINUOUS
 62
  256
370
   -1
100
AcDbLine
 10
-20.47724600000001
 20
11.51393399999999
 11
-20.605385
 21
11.517838
  0
LINE
  5
C0A
100
AcDbEntity
  8
parts layout
  6
CONTINUOUS
 62
  256
370
   -1
100
AcDbLine
 10
-20.605385
 20
11.517838
 11
-20.755759
 21
11.50393099999999
  0
LINE
  5
C0B
100
AcDbEntity
  8
parts layout
  6
CONTINUOUS
 62
  256
370
   -1
100
AcDbLine
 10
-20.755759
 20
11.50393099999999
 11
-20.760109
 21
11.502279
  0
LINE
  5
C0C
100
AcDbEntity
  8
parts layout
  6
CONTINUOUS
 62
  256
370
   -1
100
AcDbLine
 10
-20.760109
 20
11.502279
 11
-20.879032
 21
11.490233
  0
LINE
  5
C0D
100
AcDbEntity
  8
parts layout
  6
CONTINUOUS
 62
  256
370
   -1
100
AcDbLine
 10
-20.879032
 20
11.490233
 11
-21.111222
 21
11.439673
  0
LINE
  5
C0E
100
AcDbEntity
  8
parts layout
  6
CONTINUOUS
 62
  256
370
   -1
100
AcDbLine
 10
-21.111222
 20
11.439673
 11
-21.353235
 21
11.354996
  0
LINE
  5
C0F
100
AcDbEntity
  8
parts layout
  6
CONTINUOUS
 62
  256
370
   -1
100
AcDbLine
 10
-21.353235
 20
11.354996
 11
-21.583124
 21
11.241456
  0
LINE
  5
C10
100
AcDbEntity
  8
parts layout
  6
CONTINUOUS
 62
  256
370
   -1
100
AcDbLine
 10
-21.583124
 20
11.241456
 11
-21.797462
 21
11.100746
  0
LINE
  5
C11
100
AcDbEntity
  8
parts layout
  6
CONTINUOUS
 62
  256
370
   -1
100
AcDbLine
 10
-21.797462
 20
11.100746
 11
-21.993054
 21
10.93496399999999
  0
LINE
  5
C12
100
AcDbEntity
  8
parts layout
  6
CONTINUOUS
 62
  256
370
   -1
100
AcDbLine
 10
-21.993054
 20
10.93496399999999
 11
-22.166985
 21
10.74658099999999
  0
LINE
  5
C13
100
AcDbEntity
  8
parts layout
  6
CONTINUOUS
 62
  256
370
   -1
100
AcDbLine
 10
-22.166985
 20
10.74658099999999
 11
-22.31666200000001
 21
10.538405
  0
LINE
  5
C14
100
AcDbEntity
  8
parts layout
  6
CONTINUOUS
 62
  256
370
   -1
100
AcDbLine
 10
-22.31666200000001
 20
10.538405
 11
-22.439852
 21
10.31353899999999
  0
LINE
  5
C15
100
AcDbEntity
  8
parts layout
  6
CONTINUOUS
 62
  256
370
   -1
100
AcDbLine
 10
-22.439852
 20
10.31353899999999
 11
-22.53472000000001
 21
10.07533699999999
  0
LINE
  5
C16
100
AcDbEntity
  8
parts layout
  6
CONTINUOUS
 62
  256
370
   -1
100
AcDbLine
 10
-22.53472000000001
 20
10.07533699999999
 11
-22.599851
 21
9.827348999999998
  0
LINE
  5
C17
100
AcDbEntity
  8
parts layout
  6
CONTINUOUS
 62
  256
370
   -1
100
AcDbLine
 10
-22.599851
 20
9.827348999999998
 11
-22.616997
 21
9.700301999999994
  0
LINE
  5
C18
100
AcDbEntity
  8
parts layout
  6
CONTINUOUS
 62
  256
370
   -1
100
AcDbLine
 10
-22.616997
 20
9.700301999999994
 11
-22.621441
 21
9.691074999999998
  0
LINE
  5
C19
100
AcDbEntity
  8
parts layout
  6
CONTINUOUS
 62
  256
370
   -1
100
AcDbLine
 10
-22.621441
 20
9.691074999999998
 11
-22.621441
 21
9.674267999999998
  0
LINE
  5
C1A
100
AcDbEntity
  8
parts layout
  6
CONTINUOUS
 62
  256
370
   -1
100
AcDbLine
 10
-22.621441
 20
9.674267999999998
 11
-22.63263999999999
 21
9.647232000000002
  0
LINE
  5
C1B
100
AcDbEntity
  8
parts layout
  6
CONTINUOUS
 62
  256
370
   -1
100
AcDbLine
 10
-22.63263999999999
 20
9.647232000000002
 11
-22.65333200000001
 21
9.626539999999991
  0
LINE
  5
C1C
100
AcDbEntity
  8
parts layout
  6
CONTINUOUS
 62
  256
370
   -1
100
AcDbLine
 10
-22.65333200000001
 20
9.626539999999991
 11
-22.680368
 21
9.615341000000001
  0
LINE
  5
C1D
100
AcDbEntity
  8
parts layout
  6
CONTINUOUS
 62
  256
370
   -1
100
AcDbLine
 10
-22.680368
 20
9.615341000000001
 11
-22.69500000000001
 21
9.613900000000001
  0
LINE
  5
C1E
100
AcDbEntity
  8
parts layout
  6
CONTINUOUS
 62
  256
370
   -1
100
AcDbLine
 10
-22.69500000000001
 20
9.613900000000001
 11
-25.97499999999999
 21
9.613900000000001
  0
LINE
  5
C1F
100
AcDbEntity
  8
parts layout
  6
CONTINUOUS
 62
  256
370
   -1
100
AcDbLine
 10
-25.97499999999999
 20
9.613900000000001
 11
-25.989632
 21
9.615341000000001
  0
LINE
  5
C20
100
AcDbEntity
  8
parts layout
  6
CONTINUOUS
 62
  256
370
   -1
100
AcDbLine
 10
-25.989632
 20
9.615341000000001
 11
-26.016668
 21
9.626539999999991
  0
LINE
  5
C21
100
AcDbEntity
  8
parts layout
  6
CONTINUOUS
 62
  256
370
   -1
100
AcDbLine
 10
-26.016668
 20
9.626539999999991
 11
-26.03736000000001
 21
9.647232000000002
  0
LINE
  5
C22
100
AcDbEntity
  8
parts layout
  6
CONTINUOUS
 62
  256
370
   -1
100
AcDbLine
 10
-26.03736000000001
 20
9.647232000000002
 11
-26.048559
 21
9.674267999999998
  0
LINE
  5
C23
100
AcDbEntity
  8
parts layout
  6
CONTINUOUS
 62
  256
370
   -1
100
AcDbLine
 10
-26.048559
 20
9.674267999999998
 11
-26.05
 21
9.688900000000004
  0
LINE
  5
C24
100
AcDbEntity
  8
parts layout
  6
CONTINUOUS
 62
  256
370
   -1
100
AcDbLine
 10
-26.05
 20
9.688900000000004
 11
-26.05
 21
10.0489
  0
LINE
  5
C25
100
AcDbEntity
  8
parts layout
  6
CONTINUOUS
 62
  256
370
   -1
100
AcDbLine
 10
-26.05
 20
10.0489
 11
-26.048559
 21
10.063532
  0
LINE
  5
C26
100
AcDbEntity
  8
parts layout
  6
CONTINUOUS
 62
  256
370
   -1
100
AcDbLine
 10
-26.048559
 20
10.063532
 11
-26.03736000000001
 21
10.09056799999999
  0
LINE
  5
C27
100
AcDbEntity
  8
parts layout
  6
CONTINUOUS
 62
  256
370
   -1
100
AcDbLine
 10
-26.03736000000001
 20
10.09056799999999
 11
-26.016668
 21
10.11126
  0
LINE
  5
C28
100
AcDbEntity
  8
parts layout
  6
CONTINUOUS
 62
  256
370
   -1
100
AcDbLine
 10
-26.016668
 20
10.11126
 11
-25.989632
 21
10.12245899999999
  0
LINE
  5
C29
100
AcDbEntity
  8
parts layout
  6
CONTINUOUS
 62
  256
370
   -1
100
AcDbLine
 10
-25.989632
 20
10.12245899999999
 11
-25.97499999999999
 21
10.12389999999999
  0
LINE
  5
C2A
100
AcDbEntity
  8
parts layout
  6
CONTINUOUS
 62
  256
370
   -1
100
AcDbLine
 10
-25.97499999999999
 20
10.12389999999999
 11
-25.848388
 21
10.12389999999999
  0
LINE
  5
C2B
100
AcDbEntity
  8
parts layout
  6
CONTINUOUS
 62
  256
370
   -1
100
AcDbLine
 10
-25.848388
 20
10.12389999999999
 11
-25.823773
 21
10.134096
  0
LINE
  5
C2C
100
AcDbEntity
  8
parts layout
  6
CONTINUOUS
 62
  256
370
   -1
100
AcDbLine
 10
-25.823773
 20
10.134096
 11
-25.82000000000001
 21
10.134468
  0
LINE
  5
C2D
100
AcDbEntity
  8
parts layout
  6
CONTINUOUS
 62
  256
370
   -1
100
AcDbLine
 10
-25.82000000000001
 20
10.134468
 11
-25.82000000000001
 21
12.2139
  0
LINE
  5
C2E
100
AcDbEntity
  8
parts layout
  6
CONTINUOUS
 62
  256
370
   -1
100
AcDbLine
 10
-25.82000000000001
 20
12.2139
 11
-25.97499999999999
 21
12.2139
  0
LINE
  5
C2F
100
AcDbEntity
  8
parts layout
  6
CONTINUOUS
 62
  256
370
   -1
100
AcDbLine
 10
-25.97499999999999
 20
12.2139
 11
-25.989632
 21
12.215341
  0
LINE
  5
C30
100
AcDbEntity
  8
parts layout
  6
CONTINUOUS
 62
  256
370
   -1
100
AcDbLine
 10
-25.989632
 20
12.215341
 11
-26.016668
 21
12.22654
  0
LINE
  5
C31
100
AcDbEntity
  8
parts layout
  6
CONTINUOUS
 62
  256
370
   -1
100
AcDbLine
 10
-26.016668
 20
12.22654
 11
-26.03736000000001
 21
12.247232
  0
LINE
  5
C32
100
AcDbEntity
  8
parts layout
  6
CONTINUOUS
 62
  256
370
   -1
100
AcDbLine
 10
-26.03736000000001
 20
12.247232
 11
-26.048559
 21
12.27426799999999
  0
LINE
  5
C33
100
AcDbEntity
  8
parts layout
  6
CONTINUOUS
 62
  256
370
   -1
100
AcDbLine
 10
-26.048559
 20
12.27426799999999
 11
-26.05
 21
12.2889
  0
LINE
  5
C34
100
AcDbEntity
  8
parts layout
  6
CONTINUOUS
 62
  256
370
   -1
100
AcDbLine
 10
-26.05
 20
12.2889
 11
-26.05
 21
13.2889
  0
LINE
  5
C35
100
AcDbEntity
  8
parts layout
  6
CONTINUOUS
 62
  256
370
   -1
100
AcDbLine
 10
-26.05
 20
13.2889
 11
-26.049705
 21
13.2919
  0
LINE
  5
C36
100
AcDbEntity
  8
parts layout
  6
CONTINUOUS
 62
  256
370
   -1
100
AcDbLine
 10
-26.049705
 20
13.2919
 11
-26.04990600000001
 21
13.292644
  0
LINE
  5
C37
100
AcDbEntity
  8
parts layout
  6
CONTINUOUS
 62
  256
370
   -1
100
AcDbLine
 10
-26.04990600000001
 20
13.292644
 11
-26.018614
 21
13.562586
  0
LINE
  5
C38
100
AcDbEntity
  8
parts layout
  6
CONTINUOUS
 62
  256
370
   -1
100
AcDbLine
 10
-26.018614
 20
13.562586
 11
-25.952355
 21
13.82613499999999
  0
LINE
  5
C39
100
AcDbEntity
  8
parts layout
  6
CONTINUOUS
 62
  256
370
   -1
100
AcDbLine
 10
-25.952355
 20
13.82613499999999
 11
-25.85226300000001
 21
14.07877999999999
  0
LINE
  5
C3A
100
AcDbEntity
  8
parts layout
  6
CONTINUOUS
 62
  256
370
   -1
100
AcDbLine
 10
-25.85226300000001
 20
14.07877999999999
 11
-25.72005
 21
14.316199
  0
LINE
  5
C3B
100
AcDbEntity
  8
parts layout
  6
CONTINUOUS
 62
  256
370
   -1
100
AcDbLine
 10
-25.72005
 20
14.316199
 11
-25.557979
 21
14.534329
  0
LINE
  5
C3C
100
AcDbEntity
  8
parts layout
  6
CONTINUOUS
 62
  256
370
   -1
100
AcDbLine
 10
-25.557979
 20
14.534329
 11
-25.36882300000001
 21
14.729439
  0
LINE
  5
C3D
100
AcDbEntity
  8
parts layout
  6
CONTINUOUS
 62
  256
370
   -1
100
AcDbLine
 10
-25.36882300000001
 20
14.729439
 11
-25.155817
 21
14.89819
  0
LINE
  5
C3E
100
AcDbEntity
  8
parts layout
  6
CONTINUOUS
 62
  256
370
   -1
100
AcDbLine
 10
-25.155817
 20
14.89819
 11
-24.922608
 21
15.037694
  0
LINE
  5
C3F
100
AcDbEntity
  8
parts layout
  6
CONTINUOUS
 62
  256
370
   -1
100
AcDbLine
 10
-24.922608
 20
15.037694
 11
-24.673185
 21
15.14556499999999
  0
LINE
  5
C40
100
AcDbEntity
  8
parts layout
  6
CONTINUOUS
 62
  256
370
   -1
100
AcDbLine
 10
-24.673185
 20
15.14556499999999
 11
-24.411816
 21
15.21995699999999
  0
LINE
  5
C41
100
AcDbEntity
  8
parts layout
  6
CONTINUOUS
 62
  256
370
   -1
100
AcDbLine
 10
-24.411816
 20
15.21995699999999
 11
-24.142973
 21
15.259597
  0
LINE
  5
C42
100
AcDbEntity
  8
parts layout
  6
CONTINUOUS
 62
  256
370
   -1
100
AcDbLine
 10
-24.142973
 20
15.259597
 11
-23.876833
 21
15.26371999999999
  0
LINE
  5
C43
100
AcDbEntity
  8
parts layout
  6
CONTINUOUS
 62
  256
370
   -1
100
AcDbLine
 10
-23.876833
 20
15.26371999999999
 11
-23.875001
 21
15.26389999999999
  0
LINE
  5
C44
100
AcDbEntity
  8
parts layout
  6
CONTINUOUS
 62
  256
370
   -1
100
AcDbLine
 10
-23.875001
 20
15.26389999999999
 11
-15.47499999999999
 21
15.26389999999999
  0
LINE
  5
C45
100
AcDbEntity
  8
parts layout
  6
CONTINUOUS
 62
  256
370
   -1
100
AcDbLine
 10
-15.47499999999999
 20
15.26389999999999
 11
-15.460368
 21
15.26245899999999
  0
LINE
  5
C46
100
AcDbEntity
  8
parts layout
  6
CONTINUOUS
 62
  256
370
   -1
100
AcDbLine
 10
-24.97827700000001
 20
10.13889999999999
 11
-24.967828
 21
10.13889999999999
  0
LINE
  5
C47
100
AcDbEntity
  8
parts layout
  6
CONTINUOUS
 62
  256
370
   -1
100
AcDbLine
 10
-24.967828
 20
10.13889999999999
 11
-24.97794
 21
10.144052
  0
LINE
  5
C48
100
AcDbEntity
  8
parts layout
  6
CONTINUOUS
 62
  256
370
   -1
100
AcDbLine
 10
-24.97794
 20
10.144052
 11
-24.97827700000001
 21
10.13889999999999
  0
LINE
  5
C49
100
AcDbEntity
  8
parts layout
  6
CONTINUOUS
 62
  256
370
   -1
100
AcDbLine
 10
3.589631999999995
 20
17.16745899999999
 11
3.616668000000004
 21
17.15626
  0
LINE
  5
C4A
100
AcDbEntity
  8
parts layout
  6
CONTINUOUS
 62
  256
370
   -1
100
AcDbLine
 10
3.616668000000004
 20
17.15626
 11
3.637360000000001
 21
17.135568
  0
LINE
  5
C4B
100
AcDbEntity
  8
parts layout
  6
CONTINUOUS
 62
  256
370
   -1
100
AcDbLine
 10
3.637360000000001
 20
17.135568
 11
3.648558999999992
 21
17.108532
  0
LINE
  5
C4C
100
AcDbEntity
  8
parts layout
  6
CONTINUOUS
 62
  256
370
   -1
100
AcDbLine
 10
3.648558999999992
 20
17.108532
 11
3.649999999999991
 21
17.0939
  0
LINE
  5
C4D
100
AcDbEntity
  8
parts layout
  6
CONTINUOUS
 62
  256
370
   -1
100
AcDbLine
 10
3.649999999999991
 20
17.0939
 11
3.649999999999991
 21
16.7439
  0
LINE
  5
C4E
100
AcDbEntity
  8
parts layout
  6
CONTINUOUS
 62
  256
370
   -1
100
AcDbLine
 10
3.649999999999991
 20
16.7439
 11
3.648558999999992
 21
16.729268
  0
LINE
  5
C4F
100
AcDbEntity
  8
parts layout
  6
CONTINUOUS
 62
  256
370
   -1
100
AcDbLine
 10
3.648558999999992
 20
16.729268
 11
3.637360000000001
 21
16.702232
  0
LINE
  5
C50
100
AcDbEntity
  8
parts layout
  6
CONTINUOUS
 62
  256
370
   -1
100
AcDbLine
 10
3.637360000000001
 20
16.702232
 11
3.616668000000004
 21
16.68154
  0
LINE
  5
C51
100
AcDbEntity
  8
parts layout
  6
CONTINUOUS
 62
  256
370
   -1
100
AcDbLine
 10
3.616668000000004
 20
16.68154
 11
3.589631999999995
 21
16.67034099999999
  0
LINE
  5
C52
100
AcDbEntity
  8
parts layout
  6
CONTINUOUS
 62
  256
370
   -1
100
AcDbLine
 10
3.589631999999995
 20
16.67034099999999
 11
3.575000000000003
 21
16.66889999999999
  0
LINE
  5
C53
100
AcDbEntity
  8
parts layout
  6
CONTINUOUS
 62
  256
370
   -1
100
AcDbLine
 10
3.575000000000003
 20
16.66889999999999
 11
3.429999999999993
 21
16.66889999999999
  0
LINE
  5
C54
100
AcDbEntity
  8
parts layout
  6
CONTINUOUS
 62
  256
370
   -1
100
AcDbLine
 10
3.429999999999993
 20
16.66889999999999
 11
3.429999999999993
 21
14.583438
  0
LINE
  5
C55
100
AcDbEntity
  8
parts layout
  6
CONTINUOUS
 62
  256
370
   -1
100
AcDbLine
 10
3.429999999999993
 20
14.583438
 11
3.465096000000003
 21
14.5689
  0
LINE
  5
C56
100
AcDbEntity
  8
parts layout
  6
CONTINUOUS
 62
  256
370
   -1
100
AcDbLine
 10
3.465096000000003
 20
14.5689
 11
3.575000000000003
 21
14.5689
  0
LINE
  5
C57
100
AcDbEntity
  8
parts layout
  6
CONTINUOUS
 62
  256
370
   -1
100
AcDbLine
 10
3.575000000000003
 20
14.5689
 11
3.589631999999995
 21
14.567459
  0
LINE
  5
C58
100
AcDbEntity
  8
parts layout
  6
CONTINUOUS
 62
  256
370
   -1
100
AcDbLine
 10
3.589631999999995
 20
14.567459
 11
3.616668000000004
 21
14.55625999999999
  0
LINE
  5
C59
100
AcDbEntity
  8
parts layout
  6
CONTINUOUS
 62
  256
370
   -1
100
AcDbLine
 10
3.616668000000004
 20
14.55625999999999
 11
3.637360000000001
 21
14.535568
  0
LINE
  5
C5A
100
AcDbEntity
  8
parts layout
  6
CONTINUOUS
 62
  256
370
   -1
100
AcDbLine
 10
3.637360000000001
 20
14.535568
 11
3.648558999999992
 21
14.508532
  0
LINE
  5
C5B
100
AcDbEntity
  8
parts layout
  6
CONTINUOUS
 62
  256
370
   -1
100
AcDbLine
 10
3.648558999999992
 20
14.508532
 11
3.649999999999991
 21
14.4939
  0
LINE
  5
C5C
100
AcDbEntity
  8
parts layout
  6
CONTINUOUS
 62
  256
370
   -1
100
AcDbLine
 10
3.649999999999991
 20
14.4939
 11
3.649999999999991
 21
13.4939
  0
LINE
  5
C5D
100
AcDbEntity
  8
parts layout
  6
CONTINUOUS
 62
  256
370
   -1
100
AcDbLine
 10
3.649999999999991
 20
13.4939
 11
3.648558999999992
 21
13.47926799999999
  0
LINE
  5
C5E
100
AcDbEntity
  8
parts layout
  6
CONTINUOUS
 62
  256
370
   -1
100
AcDbLine
 10
3.648558999999992
 20
13.47926799999999
 11
3.637360000000001
 21
13.452232
  0
LINE
  5
C5F
100
AcDbEntity
  8
parts layout
  6
CONTINUOUS
 62
  256
370
   -1
100
AcDbLine
 10
3.637360000000001
 20
13.452232
 11
3.616668000000004
 21
13.43154
  0
LINE
  5
C60
100
AcDbEntity
  8
parts layout
  6
CONTINUOUS
 62
  256
370
   -1
100
AcDbLine
 10
3.616668000000004
 20
13.43154
 11
3.589631999999995
 21
13.42034099999999
  0
LINE
  5
C61
100
AcDbEntity
  8
parts layout
  6
CONTINUOUS
 62
  256
370
   -1
100
AcDbLine
 10
3.589631999999995
 20
13.42034099999999
 11
3.575000000000003
 21
13.41889999999999
  0
LINE
  5
C62
100
AcDbEntity
  8
parts layout
  6
CONTINUOUS
 62
  256
370
   -1
100
AcDbLine
 10
3.575000000000003
 20
13.41889999999999
 11
-1.424999999999997
 21
13.41889999999999
  0
LINE
  5
C63
100
AcDbEntity
  8
parts layout
  6
CONTINUOUS
 62
  256
370
   -1
100
AcDbLine
 10
-1.424999999999997
 20
13.41889999999999
 11
-1.426766999999998
 21
13.41907399999999
  0
LINE
  5
C64
100
AcDbEntity
  8
parts layout
  6
CONTINUOUS
 62
  256
370
   -1
100
AcDbLine
 10
-1.426766999999998
 20
13.41907399999999
 11
-1.427245999999997
 21
13.41893399999999
  0
LINE
  5
C65
100
AcDbEntity
  8
parts layout
  6
CONTINUOUS
 62
  256
370
   -1
100
AcDbLine
 10
-1.427245999999997
 20
13.41893399999999
 11
-1.555385000000001
 21
13.422838
  0
LINE
  5
C66
100
AcDbEntity
  8
parts layout
  6
CONTINUOUS
 62
  256
370
   -1
100
AcDbLine
 10
-1.555385000000001
 20
13.422838
 11
-1.705759
 21
13.408931
  0
LINE
  5
C67
100
AcDbEntity
  8
parts layout
  6
CONTINUOUS
 62
  256
370
   -1
100
AcDbLine
 10
-1.705759
 20
13.408931
 11
-1.710109000000003
 21
13.407279
  0
LINE
  5
C68
100
AcDbEntity
  8
parts layout
  6
CONTINUOUS
 62
  256
370
   -1
100
AcDbLine
 10
-1.710109000000003
 20
13.407279
 11
-1.829031999999998
 21
13.39523299999999
  0
LINE
  5
C69
100
AcDbEntity
  8
parts layout
  6
CONTINUOUS
 62
  256
370
   -1
100
AcDbLine
 10
-1.829031999999998
 20
13.39523299999999
 11
-2.061222000000001
 21
13.344673
  0
LINE
  5
C6A
100
AcDbEntity
  8
parts layout
  6
CONTINUOUS
 62
  256
370
   -1
100
AcDbLine
 10
-2.061222000000001
 20
13.344673
 11
-2.303235000000001
 21
13.259996
  0
LINE
  5
C6B
100
AcDbEntity
  8
parts layout
  6
CONTINUOUS
 62
  256
370
   -1
100
AcDbLine
 10
-2.303235000000001
 20
13.259996
 11
-2.533124000000001
 21
13.146456
  0
LINE
  5
C6C
100
AcDbEntity
  8
parts layout
  6
CONTINUOUS
 62
  256
370
   -1
100
AcDbLine
 10
-2.533124000000001
 20
13.146456
 11
-2.747461999999999
 21
13.005746
  0
LINE
  5
C6D
100
AcDbEntity
  8
parts layout
  6
CONTINUOUS
 62
  256
370
   -1
100
AcDbLine
 10
-2.747461999999999
 20
13.005746
 11
-2.943054000000004
 21
12.83996399999999
  0
LINE
  5
C6E
100
AcDbEntity
  8
parts layout
  6
CONTINUOUS
 62
  256
370
   -1
100
AcDbLine
 10
-2.943054000000004
 20
12.83996399999999
 11
-3.116985
 21
12.65158099999999
  0
LINE
  5
C6F
100
AcDbEntity
  8
parts layout
  6
CONTINUOUS
 62
  256
370
   -1
100
AcDbLine
 10
-3.116985
 20
12.65158099999999
 11
-3.266661999999997
 21
12.443405
  0
LINE
  5
C70
100
AcDbEntity
  8
parts layout
  6
CONTINUOUS
 62
  256
370
   -1
100
AcDbLine
 10
-3.266661999999997
 20
12.443405
 11
-3.389852000000005
 21
12.21853899999999
  0
LINE
  5
C71
100
AcDbEntity
  8
parts layout
  6
CONTINUOUS
 62
  256
370
   -1
100
AcDbLine
 10
-3.389852000000005
 20
12.21853899999999
 11
-3.484719999999996
 21
11.98033699999999
  0
LINE
  5
C72
100
AcDbEntity
  8
parts layout
  6
CONTINUOUS
 62
  256
370
   -1
100
AcDbLine
 10
-3.484719999999996
 20
11.98033699999999
 11
-3.549851000000004
 21
11.732349
  0
LINE
  5
C73
100
AcDbEntity
  8
parts layout
  6
CONTINUOUS
 62
  256
370
   -1
100
AcDbLine
 10
-3.549851000000004
 20
11.732349
 11
-3.566997000000001
 21
11.60530199999999
  0
LINE
  5
C74
100
AcDbEntity
  8
parts layout
  6
CONTINUOUS
 62
  256
370
   -1
100
AcDbLine
 10
-3.566997000000001
 20
11.60530199999999
 11
-3.571441000000007
 21
11.596075
  0
LINE
  5
C75
100
AcDbEntity
  8
parts layout
  6
CONTINUOUS
 62
  256
370
   -1
100
AcDbLine
 10
-3.571441000000007
 20
11.596075
 11
-3.571441000000007
 21
11.579268
  0
LINE
  5
C76
100
AcDbEntity
  8
parts layout
  6
CONTINUOUS
 62
  256
370
   -1
100
AcDbLine
 10
-3.571441000000007
 20
11.579268
 11
-3.582639999999998
 21
11.552232
  0
LINE
  5
C77
100
AcDbEntity
  8
parts layout
  6
CONTINUOUS
 62
  256
370
   -1
100
AcDbLine
 10
-3.582639999999998
 20
11.552232
 11
-3.603332000000009
 21
11.53153999999999
  0
LINE
  5
C78
100
AcDbEntity
  8
parts layout
  6
CONTINUOUS
 62
  256
370
   -1
100
AcDbLine
 10
-3.603332000000009
 20
11.53153999999999
 11
-3.630368000000004
 21
11.520341
  0
LINE
  5
C79
100
AcDbEntity
  8
parts layout
  6
CONTINUOUS
 62
  256
370
   -1
100
AcDbLine
 10
-3.630368000000004
 20
11.520341
 11
-3.644999999999996
 21
11.5189
  0
LINE
  5
C7A
100
AcDbEntity
  8
parts layout
  6
CONTINUOUS
 62
  256
370
   -1
100
AcDbLine
 10
-3.644999999999996
 20
11.5189
 11
-6.924999999999997
 21
11.5189
  0
LINE
  5
C7B
100
AcDbEntity
  8
parts layout
  6
CONTINUOUS
 62
  256
370
   -1
100
AcDbLine
 10
-6.924999999999997
 20
11.5189
 11
-6.939632000000003
 21
11.520341
  0
LINE
  5
C7C
100
AcDbEntity
  8
parts layout
  6
CONTINUOUS
 62
  256
370
   -1
100
AcDbLine
 10
-6.939632000000003
 20
11.520341
 11
-6.966667999999999
 21
11.53153999999999
  0
LINE
  5
C7D
100
AcDbEntity
  8
parts layout
  6
CONTINUOUS
 62
  256
370
   -1
100
AcDbLine
 10
-6.966667999999999
 20
11.53153999999999
 11
-6.987359999999995
 21
11.552232
  0
LINE
  5
C7E
100
AcDbEntity
  8
parts layout
  6
CONTINUOUS
 62
  256
370
   -1
100
AcDbLine
 10
-6.987359999999995
 20
11.552232
 11
-6.998559
 21
11.579268
  0
LINE
  5
C7F
100
AcDbEntity
  8
parts layout
  6
CONTINUOUS
 62
  256
370
   -1
100
AcDbLine
 10
-6.998559
 20
11.579268
 11
-7
 21
11.59389999999999
  0
LINE
  5
C80
100
AcDbEntity
  8
parts layout
  6
CONTINUOUS
 62
  256
370
   -1
100
AcDbLine
 10
-7
 20
11.59389999999999
 11
-7
 21
11.95389999999999
  0
LINE
  5
C81
100
AcDbEntity
  8
parts layout
  6
CONTINUOUS
 62
  256
370
   -1
100
AcDbLine
 10
-7
 20
11.95389999999999
 11
-6.998559
 21
11.968532
  0
LINE
  5
C82
100
AcDbEntity
  8
parts layout
  6
CONTINUOUS
 62
  256
370
   -1
100
AcDbLine
 10
-6.998559
 20
11.968532
 11
-6.987359999999995
 21
11.99556799999999
  0
LINE
  5
C83
100
AcDbEntity
  8
parts layout
  6
CONTINUOUS
 62
  256
370
   -1
100
AcDbLine
 10
-6.987359999999995
 20
11.99556799999999
 11
-6.966667999999999
 21
12.01626
  0
LINE
  5
C84
100
AcDbEntity
  8
parts layout
  6
CONTINUOUS
 62
  256
370
   -1
100
AcDbLine
 10
-6.966667999999999
 20
12.01626
 11
-6.939632000000003
 21
12.02745899999999
  0
LINE
  5
C85
100
AcDbEntity
  8
parts layout
  6
CONTINUOUS
 62
  256
370
   -1
100
AcDbLine
 10
-6.939632000000003
 20
12.02745899999999
 11
-6.924999999999997
 21
12.02889999999999
  0
LINE
  5
C86
100
AcDbEntity
  8
parts layout
  6
CONTINUOUS
 62
  256
370
   -1
100
AcDbLine
 10
-6.924999999999997
 20
12.02889999999999
 11
-6.798388000000003
 21
12.02889999999999
  0
LINE
  5
C87
100
AcDbEntity
  8
parts layout
  6
CONTINUOUS
 62
  256
370
   -1
100
AcDbLine
 10
-6.798388000000003
 20
12.02889999999999
 11
-6.773773000000006
 21
12.039096
  0
LINE
  5
C88
100
AcDbEntity
  8
parts layout
  6
CONTINUOUS
 62
  256
370
   -1
100
AcDbLine
 10
-6.773773000000006
 20
12.039096
 11
-6.769999999999996
 21
12.039468
  0
LINE
  5
C89
100
AcDbEntity
  8
parts layout
  6
CONTINUOUS
 62
  256
370
   -1
100
AcDbLine
 10
-6.769999999999996
 20
12.039468
 11
-6.769999999999996
 21
14.1189
  0
LINE
  5
C8A
100
AcDbEntity
  8
parts layout
  6
CONTINUOUS
 62
  256
370
   -1
100
AcDbLine
 10
-6.769999999999996
 20
14.1189
 11
-6.924999999999997
 21
14.1189
  0
LINE
  5
C8B
100
AcDbEntity
  8
parts layout
  6
CONTINUOUS
 62
  256
370
   -1
100
AcDbLine
 10
-6.924999999999997
 20
14.1189
 11
-6.939632000000003
 21
14.120341
  0
LINE
  5
C8C
100
AcDbEntity
  8
parts layout
  6
CONTINUOUS
 62
  256
370
   -1
100
AcDbLine
 10
-6.939632000000003
 20
14.120341
 11
-6.966667999999999
 21
14.13154
  0
LINE
  5
C8D
100
AcDbEntity
  8
parts layout
  6
CONTINUOUS
 62
  256
370
   -1
100
AcDbLine
 10
-6.966667999999999
 20
14.13154
 11
-6.987359999999995
 21
14.152232
  0
LINE
  5
C8E
100
AcDbEntity
  8
parts layout
  6
CONTINUOUS
 62
  256
370
   -1
100
AcDbLine
 10
-6.987359999999995
 20
14.152232
 11
-6.998559
 21
14.17926799999999
  0
LINE
  5
C8F
100
AcDbEntity
  8
parts layout
  6
CONTINUOUS
 62
  256
370
   -1
100
AcDbLine
 10
-6.998559
 20
14.17926799999999
 11
-7
 21
14.1939
  0
LINE
  5
C90
100
AcDbEntity
  8
parts layout
  6
CONTINUOUS
 62
  256
370
   -1
100
AcDbLine
 10
-7
 20
14.1939
 11
-7
 21
15.1939
  0
LINE
  5
C91
100
AcDbEntity
  8
parts layout
  6
CONTINUOUS
 62
  256
370
   -1
100
AcDbLine
 10
-7
 20
15.1939
 11
-6.999705000000006
 21
15.1969
  0
LINE
  5
C92
100
AcDbEntity
  8
parts layout
  6
CONTINUOUS
 62
  256
370
   -1
100
AcDbLine
 10
-6.999705000000006
 20
15.1969
 11
-6.999905999999996
 21
15.197644
  0
LINE
  5
C93
100
AcDbEntity
  8
parts layout
  6
CONTINUOUS
 62
  256
370
   -1
100
AcDbLine
 10
-6.999905999999996
 20
15.197644
 11
-6.968614000000002
 21
15.467586
  0
LINE
  5
C94
100
AcDbEntity
  8
parts layout
  6
CONTINUOUS
 62
  256
370
   -1
100
AcDbLine
 10
-6.968614000000002
 20
15.467586
 11
-6.902355
 21
15.73113499999999
  0
LINE
  5
C95
100
AcDbEntity
  8
parts layout
  6
CONTINUOUS
 62
  256
370
   -1
100
AcDbLine
 10
-6.902355
 20
15.73113499999999
 11
-6.802262999999996
 21
15.98378
  0
LINE
  5
C96
100
AcDbEntity
  8
parts layout
  6
CONTINUOUS
 62
  256
370
   -1
100
AcDbLine
 10
-6.802262999999996
 20
15.98378
 11
-6.670050000000003
 21
16.221199
  0
LINE
  5
C97
100
AcDbEntity
  8
parts layout
  6
CONTINUOUS
 62
  256
370
   -1
100
AcDbLine
 10
-6.670050000000003
 20
16.221199
 11
-6.507979000000006
 21
16.43932899999999
  0
LINE
  5
C98
100
AcDbEntity
  8
parts layout
  6
CONTINUOUS
 62
  256
370
   -1
100
AcDbLine
 10
-6.507979000000006
 20
16.43932899999999
 11
-6.318822999999995
 21
16.63443899999999
  0
LINE
  5
C99
100
AcDbEntity
  8
parts layout
  6
CONTINUOUS
 62
  256
370
   -1
100
AcDbLine
 10
-6.318822999999995
 20
16.63443899999999
 11
-6.105817000000002
 21
16.80318999999999
  0
LINE
  5
C9A
100
AcDbEntity
  8
parts layout
  6
CONTINUOUS
 62
  256
370
   -1
100
AcDbLine
 10
-6.105817000000002
 20
16.80318999999999
 11
-5.872608
 21
16.942694
  0
LINE
  5
C9B
100
AcDbEntity
  8
parts layout
  6
CONTINUOUS
 62
  256
370
   -1
100
AcDbLine
 10
-5.872608
 20
16.942694
 11
-5.623185000000007
 21
17.050565
  0
LINE
  5
C9C
100
AcDbEntity
  8
parts layout
  6
CONTINUOUS
 62
  256
370
   -1
100
AcDbLine
 10
-5.623185000000007
 20
17.050565
 11
-5.361816000000005
 21
17.12495699999999
  0
LINE
  5
C9D
100
AcDbEntity
  8
parts layout
  6
CONTINUOUS
 62
  256
370
   -1
100
AcDbLine
 10
-5.361816000000005
 20
17.12495699999999
 11
-5.092973000000001
 21
17.16459699999999
  0
LINE
  5
C9E
100
AcDbEntity
  8
parts layout
  6
CONTINUOUS
 62
  256
370
   -1
100
AcDbLine
 10
-5.092973000000001
 20
17.16459699999999
 11
-4.826833000000008
 21
17.16871999999999
  0
LINE
  5
C9F
100
AcDbEntity
  8
parts layout
  6
CONTINUOUS
 62
  256
370
   -1
100
AcDbLine
 10
-4.826833000000008
 20
17.16871999999999
 11
-4.825001
 21
17.16889999999999
  0
LINE
  5
CA0
100
AcDbEntity
  8
parts layout
  6
CONTINUOUS
 62
  256
370
   -1
100
AcDbLine
 10
-4.825001
 20
17.16889999999999
 11
3.575000000000003
 21
17.16889999999999
  0
LINE
  5
CA1
100
AcDbEntity
  8
parts layout
  6
CONTINUOUS
 62
  256
370
   -1
100
AcDbLine
 10
3.575000000000003
 20
17.16889999999999
 11
3.589631999999995
 21
17.16745899999999
  0
LINE
  5
CA2
100
AcDbEntity
  8
parts layout
  6
CONTINUOUS
 62
  256
370
   -1
100
AcDbLine
 10
-5.928277000000008
 20
12.04389999999999
 11
-5.917828
 21
12.04389999999999
  0
LINE
  5
CA3
100
AcDbEntity
  8
parts layout
  6
CONTINUOUS
 62
  256
370
   -1
100
AcDbLine
 10
-5.917828
 20
12.04389999999999
 11
-5.927940000000007
 21
12.049052
  0
LINE
  5
CA4
100
AcDbEntity
  8
parts layout
  6
CONTINUOUS
 62
  256
370
   -1
100
AcDbLine
 10
-5.927940000000007
 20
12.049052
 11
-5.928277000000008
 21
12.04389999999999
  0
LINE
  5
CA5
100
AcDbEntity
  8
parts layout
  6
CONTINUOUS
 62
  256
370
   -1
100
AcDbLine
 10
-51.119567
 20
21.596861
 11
-51.115
 21
21.57389999999999
  0
LINE
  5
CA6
100
AcDbEntity
  8
parts layout
  6
CONTINUOUS
 62
  256
370
   -1
100
AcDbLine
 10
-51.115
 20
21.57389999999999
 11
-51.115
 21
17.6239
  0
LINE
  5
CA7
100
AcDbEntity
  8
parts layout
  6
CONTINUOUS
 62
  256
370
   -1
100
AcDbLine
 10
-51.115
 20
17.6239
 11
-49.235
 21
17.6239
  0
LINE
  5
CA8
100
AcDbEntity
  8
parts layout
  6
CONTINUOUS
 62
  256
370
   -1
100
AcDbLine
 10
-49.235
 20
17.6239
 11
-49.235
 21
21.57389999999999
  0
LINE
  5
CA9
100
AcDbEntity
  8
parts layout
  6
CONTINUOUS
 62
  256
370
   -1
100
AcDbLine
 10
-49.235
 20
21.57389999999999
 11
-49.230433
 21
21.596861
  0
LINE
  5
CAA
100
AcDbEntity
  8
parts layout
  6
CONTINUOUS
 62
  256
370
   -1
100
AcDbLine
 10
-49.230433
 20
21.596861
 11
-49.197961
 21
21.629333
  0
LINE
  5
CAB
100
AcDbEntity
  8
parts layout
  6
CONTINUOUS
 62
  256
370
   -1
100
AcDbLine
 10
-49.197961
 20
21.629333
 11
-49.152039
 21
21.629333
  0
LINE
  5
CAC
100
AcDbEntity
  8
parts layout
  6
CONTINUOUS
 62
  256
370
   -1
100
AcDbLine
 10
-49.152039
 20
21.629333
 11
-49.119567
 21
21.596861
  0
LINE
  5
CAD
100
AcDbEntity
  8
parts layout
  6
CONTINUOUS
 62
  256
370
   -1
100
AcDbLine
 10
-49.119567
 20
21.596861
 11
-49.115
 21
21.57389999999999
  0
LINE
  5
CAE
100
AcDbEntity
  8
parts layout
  6
CONTINUOUS
 62
  256
370
   -1
100
AcDbLine
 10
-49.115
 20
21.57389999999999
 11
-49.115
 21
17.5639
  0
LINE
  5
CAF
100
AcDbEntity
  8
parts layout
  6
CONTINUOUS
 62
  256
370
   -1
100
AcDbLine
 10
-49.115
 20
17.5639
 11
-49.119567
 21
17.54093899999999
  0
LINE
  5
CB0
100
AcDbEntity
  8
parts layout
  6
CONTINUOUS
 62
  256
370
   -1
100
AcDbLine
 10
-49.119567
 20
17.54093899999999
 11
-49.152039
 21
17.508467
  0
LINE
  5
CB1
100
AcDbEntity
  8
parts layout
  6
CONTINUOUS
 62
  256
370
   -1
100
AcDbLine
 10
-49.152039
 20
17.508467
 11
-49.175
 21
17.50389999999999
  0
LINE
  5
CB2
100
AcDbEntity
  8
parts layout
  6
CONTINUOUS
 62
  256
370
   -1
100
AcDbLine
 10
-49.175
 20
17.50389999999999
 11
-51.175
 21
17.50389999999999
  0
LINE
  5
CB3
100
AcDbEntity
  8
parts layout
  6
CONTINUOUS
 62
  256
370
   -1
100
AcDbLine
 10
-51.175
 20
17.50389999999999
 11
-51.197961
 21
17.508467
  0
LINE
  5
CB4
100
AcDbEntity
  8
parts layout
  6
CONTINUOUS
 62
  256
370
   -1
100
AcDbLine
 10
-51.197961
 20
17.508467
 11
-51.230433
 21
17.54093899999999
  0
LINE
  5
CB5
100
AcDbEntity
  8
parts layout
  6
CONTINUOUS
 62
  256
370
   -1
100
AcDbLine
 10
-51.230433
 20
17.54093899999999
 11
-51.235
 21
17.5639
  0
LINE
  5
CB6
100
AcDbEntity
  8
parts layout
  6
CONTINUOUS
 62
  256
370
   -1
100
AcDbLine
 10
-51.235
 20
17.5639
 11
-51.235
 21
21.57389999999999
  0
LINE
  5
CB7
100
AcDbEntity
  8
parts layout
  6
CONTINUOUS
 62
  256
370
   -1
100
AcDbLine
 10
-51.235
 20
21.57389999999999
 11
-51.230433
 21
21.596861
  0
LINE
  5
CB8
100
AcDbEntity
  8
parts layout
  6
CONTINUOUS
 62
  256
370
   -1
100
AcDbLine
 10
-51.230433
 20
21.596861
 11
-51.197961
 21
21.629333
  0
LINE
  5
CB9
100
AcDbEntity
  8
parts layout
  6
CONTINUOUS
 62
  256
370
   -1
100
AcDbLine
 10
-51.197961
 20
21.629333
 11
-51.152039
 21
21.629333
  0
LINE
  5
CBA
100
AcDbEntity
  8
parts layout
  6
CONTINUOUS
 62
  256
370
   -1
100
AcDbLine
 10
-51.152039
 20
21.629333
 11
-51.119567
 21
21.596861
  0
LINE
  5
CBB
100
AcDbEntity
  8
parts layout
  6
CONTINUOUS
 62
  256
370
   -1
100
AcDbLine
 10
-32.06956700000001
 20
21.596861
 11
-32.065
 21
21.57389999999999
  0
LINE
  5
CBC
100
AcDbEntity
  8
parts layout
  6
CONTINUOUS
 62
  256
370
   -1
100
AcDbLine
 10
-32.065
 20
21.57389999999999
 11
-32.065
 21
17.6239
  0
LINE
  5
CBD
100
AcDbEntity
  8
parts layout
  6
CONTINUOUS
 62
  256
370
   -1
100
AcDbLine
 10
-32.065
 20
17.6239
 11
-30.185
 21
17.6239
  0
LINE
  5
CBE
100
AcDbEntity
  8
parts layout
  6
CONTINUOUS
 62
  256
370
   -1
100
AcDbLine
 10
-30.185
 20
17.6239
 11
-30.185
 21
21.57389999999999
  0
LINE
  5
CBF
100
AcDbEntity
  8
parts layout
  6
CONTINUOUS
 62
  256
370
   -1
100
AcDbLine
 10
-30.185
 20
21.57389999999999
 11
-30.18043299999999
 21
21.596861
  0
LINE
  5
CC0
100
AcDbEntity
  8
parts layout
  6
CONTINUOUS
 62
  256
370
   -1
100
AcDbLine
 10
-30.18043299999999
 20
21.596861
 11
-30.147961
 21
21.629333
  0
LINE
  5
CC1
100
AcDbEntity
  8
parts layout
  6
CONTINUOUS
 62
  256
370
   -1
100
AcDbLine
 10
-30.147961
 20
21.629333
 11
-30.102039
 21
21.629333
  0
LINE
  5
CC2
100
AcDbEntity
  8
parts layout
  6
CONTINUOUS
 62
  256
370
   -1
100
AcDbLine
 10
-30.102039
 20
21.629333
 11
-30.06956700000001
 21
21.596861
  0
LINE
  5
CC3
100
AcDbEntity
  8
parts layout
  6
CONTINUOUS
 62
  256
370
   -1
100
AcDbLine
 10
-30.06956700000001
 20
21.596861
 11
-30.065
 21
21.57389999999999
  0
LINE
  5
CC4
100
AcDbEntity
  8
parts layout
  6
CONTINUOUS
 62
  256
370
   -1
100
AcDbLine
 10
-30.065
 20
21.57389999999999
 11
-30.065
 21
17.5639
  0
LINE
  5
CC5
100
AcDbEntity
  8
parts layout
  6
CONTINUOUS
 62
  256
370
   -1
100
AcDbLine
 10
-30.065
 20
17.5639
 11
-30.06956700000001
 21
17.54093899999999
  0
LINE
  5
CC6
100
AcDbEntity
  8
parts layout
  6
CONTINUOUS
 62
  256
370
   -1
100
AcDbLine
 10
-30.06956700000001
 20
17.54093899999999
 11
-30.102039
 21
17.508467
  0
LINE
  5
CC7
100
AcDbEntity
  8
parts layout
  6
CONTINUOUS
 62
  256
370
   -1
100
AcDbLine
 10
-30.102039
 20
17.508467
 11
-30.125
 21
17.50389999999999
  0
LINE
  5
CC8
100
AcDbEntity
  8
parts layout
  6
CONTINUOUS
 62
  256
370
   -1
100
AcDbLine
 10
-30.125
 20
17.50389999999999
 11
-32.125
 21
17.50389999999999
  0
LINE
  5
CC9
100
AcDbEntity
  8
parts layout
  6
CONTINUOUS
 62
  256
370
   -1
100
AcDbLine
 10
-32.125
 20
17.50389999999999
 11
-32.147961
 21
17.508467
  0
LINE
  5
CCA
100
AcDbEntity
  8
parts layout
  6
CONTINUOUS
 62
  256
370
   -1
100
AcDbLine
 10
-32.147961
 20
17.508467
 11
-32.18043299999999
 21
17.54093899999999
  0
LINE
  5
CCB
100
AcDbEntity
  8
parts layout
  6
CONTINUOUS
 62
  256
370
   -1
100
AcDbLine
 10
-32.18043299999999
 20
17.54093899999999
 11
-32.185
 21
17.5639
  0
LINE
  5
CCC
100
AcDbEntity
  8
parts layout
  6
CONTINUOUS
 62
  256
370
   -1
100
AcDbLine
 10
-32.185
 20
17.5639
 11
-32.185
 21
21.57389999999999
  0
LINE
  5
CCD
100
AcDbEntity
  8
parts layout
  6
CONTINUOUS
 62
  256
370
   -1
100
AcDbLine
 10
-32.185
 20
21.57389999999999
 11
-32.18043299999999
 21
21.596861
  0
LINE
  5
CCE
100
AcDbEntity
  8
parts layout
  6
CONTINUOUS
 62
  256
370
   -1
100
AcDbLine
 10
-32.18043299999999
 20
21.596861
 11
-32.147961
 21
21.629333
  0
LINE
  5
CCF
100
AcDbEntity
  8
parts layout
  6
CONTINUOUS
 62
  256
370
   -1
100
AcDbLine
 10
-32.147961
 20
21.629333
 11
-32.102039
 21
21.629333
  0
LINE
  5
CD0
100
AcDbEntity
  8
parts layout
  6
CONTINUOUS
 62
  256
370
   -1
100
AcDbLine
 10
-32.102039
 20
21.629333
 11
-32.06956700000001
 21
21.596861
  0
LINE
  5
CD1
100
AcDbEntity
  8
parts layout
  6
CONTINUOUS
 62
  256
370
   -1
100
AcDbLine
 10
44.130433
 20
25.406861
 11
44.13500000000001
 21
25.3839
  0
LINE
  5
CD2
100
AcDbEntity
  8
parts layout
  6
CONTINUOUS
 62
  256
370
   -1
100
AcDbLine
 10
44.13500000000001
 20
25.3839
 11
44.13500000000001
 21
21.43389999999999
  0
LINE
  5
CD3
100
AcDbEntity
  8
parts layout
  6
CONTINUOUS
 62
  256
370
   -1
100
AcDbLine
 10
44.13500000000001
 20
21.43389999999999
 11
46.015
 21
21.43389999999999
  0
LINE
  5
CD4
100
AcDbEntity
  8
parts layout
  6
CONTINUOUS
 62
  256
370
   -1
100
AcDbLine
 10
46.015
 20
21.43389999999999
 11
46.015
 21
25.3839
  0
LINE
  5
CD5
100
AcDbEntity
  8
parts layout
  6
CONTINUOUS
 62
  256
370
   -1
100
AcDbLine
 10
46.015
 20
25.3839
 11
46.01956700000001
 21
25.406861
  0
LINE
  5
CD6
100
AcDbEntity
  8
parts layout
  6
CONTINUOUS
 62
  256
370
   -1
100
AcDbLine
 10
46.01956700000001
 20
25.406861
 11
46.05203899999999
 21
25.439333
  0
LINE
  5
CD7
100
AcDbEntity
  8
parts layout
  6
CONTINUOUS
 62
  256
370
   -1
100
AcDbLine
 10
46.05203899999999
 20
25.439333
 11
46.09796099999998
 21
25.439333
  0
LINE
  5
CD8
100
AcDbEntity
  8
parts layout
  6
CONTINUOUS
 62
  256
370
   -1
100
AcDbLine
 10
46.09796099999998
 20
25.439333
 11
46.130433
 21
25.406861
  0
LINE
  5
CD9
100
AcDbEntity
  8
parts layout
  6
CONTINUOUS
 62
  256
370
   -1
100
AcDbLine
 10
46.130433
 20
25.406861
 11
46.13500000000001
 21
25.3839
  0
LINE
  5
CDA
100
AcDbEntity
  8
parts layout
  6
CONTINUOUS
 62
  256
370
   -1
100
AcDbLine
 10
46.13500000000001
 20
25.3839
 11
46.13500000000001
 21
21.3739
  0
LINE
  5
CDB
100
AcDbEntity
  8
parts layout
  6
CONTINUOUS
 62
  256
370
   -1
100
AcDbLine
 10
46.13500000000001
 20
21.3739
 11
46.130433
 21
21.350939
  0
LINE
  5
CDC
100
AcDbEntity
  8
parts layout
  6
CONTINUOUS
 62
  256
370
   -1
100
AcDbLine
 10
46.130433
 20
21.350939
 11
46.09796099999998
 21
21.318467
  0
LINE
  5
CDD
100
AcDbEntity
  8
parts layout
  6
CONTINUOUS
 62
  256
370
   -1
100
AcDbLine
 10
46.09796099999998
 20
21.318467
 11
46.075
 21
21.3139
  0
LINE
  5
CDE
100
AcDbEntity
  8
parts layout
  6
CONTINUOUS
 62
  256
370
   -1
100
AcDbLine
 10
46.075
 20
21.3139
 11
44.075
 21
21.3139
  0
LINE
  5
CDF
100
AcDbEntity
  8
parts layout
  6
CONTINUOUS
 62
  256
370
   -1
100
AcDbLine
 10
44.075
 20
21.3139
 11
44.05203899999999
 21
21.318467
  0
LINE
  5
CE0
100
AcDbEntity
  8
parts layout
  6
CONTINUOUS
 62
  256
370
   -1
100
AcDbLine
 10
44.05203899999999
 20
21.318467
 11
44.01956700000001
 21
21.350939
  0
LINE
  5
CE1
100
AcDbEntity
  8
parts layout
  6
CONTINUOUS
 62
  256
370
   -1
100
AcDbLine
 10
44.01956700000001
 20
21.350939
 11
44.015
 21
21.3739
  0
LINE
  5
CE2
100
AcDbEntity
  8
parts layout
  6
CONTINUOUS
 62
  256
370
   -1
100
AcDbLine
 10
44.015
 20
21.3739
 11
44.015
 21
25.3839
  0
LINE
  5
CE3
100
AcDbEntity
  8
parts layout
  6
CONTINUOUS
 62
  256
370
   -1
100
AcDbLine
 10
44.015
 20
25.3839
 11
44.01956700000001
 21
25.406861
  0
LINE
  5
CE4
100
AcDbEntity
  8
parts layout
  6
CONTINUOUS
 62
  256
370
   -1
100
AcDbLine
 10
44.01956700000001
 20
25.406861
 11
44.05203899999999
 21
25.439333
  0
LINE
  5
CE5
100
AcDbEntity
  8
parts layout
  6
CONTINUOUS
 62
  256
370
   -1
100
AcDbLine
 10
44.05203899999999
 20
25.439333
 11
44.09796099999998
 21
25.439333
  0
LINE
  5
CE6
100
AcDbEntity
  8
parts layout
  6
CONTINUOUS
 62
  256
370
   -1
100
AcDbLine
 10
44.09796099999998
 20
25.439333
 11
44.130433
 21
25.406861
  0
LINE
  5
CE7
100
AcDbEntity
  8
parts layout
  6
CONTINUOUS
 62
  256
370
   -1
100
AcDbLine
 10
-53.560368
 20
28.59745899999999
 11
-53.533332
 21
28.58626
  0
LINE
  5
CE8
100
AcDbEntity
  8
parts layout
  6
CONTINUOUS
 62
  256
370
   -1
100
AcDbLine
 10
-53.533332
 20
28.58626
 11
-53.51264
 21
28.565568
  0
LINE
  5
CE9
100
AcDbEntity
  8
parts layout
  6
CONTINUOUS
 62
  256
370
   -1
100
AcDbLine
 10
-53.51264
 20
28.565568
 11
-53.501441
 21
28.538532
  0
LINE
  5
CEA
100
AcDbEntity
  8
parts layout
  6
CONTINUOUS
 62
  256
370
   -1
100
AcDbLine
 10
-53.501441
 20
28.538532
 11
-53.5
 21
28.5239
  0
LINE
  5
CEB
100
AcDbEntity
  8
parts layout
  6
CONTINUOUS
 62
  256
370
   -1
100
AcDbLine
 10
-53.5
 20
28.5239
 11
-53.5
 21
28.1739
  0
LINE
  5
CEC
100
AcDbEntity
  8
parts layout
  6
CONTINUOUS
 62
  256
370
   -1
100
AcDbLine
 10
-53.5
 20
28.1739
 11
-53.501441
 21
28.159268
  0
LINE
  5
CED
100
AcDbEntity
  8
parts layout
  6
CONTINUOUS
 62
  256
370
   -1
100
AcDbLine
 10
-53.501441
 20
28.159268
 11
-53.51264
 21
28.13223199999999
  0
LINE
  5
CEE
100
AcDbEntity
  8
parts layout
  6
CONTINUOUS
 62
  256
370
   -1
100
AcDbLine
 10
-53.51264
 20
28.13223199999999
 11
-53.533332
 21
28.11154
  0
LINE
  5
CEF
100
AcDbEntity
  8
parts layout
  6
CONTINUOUS
 62
  256
370
   -1
100
AcDbLine
 10
-53.533332
 20
28.11154
 11
-53.560368
 21
28.10034099999999
  0
LINE
  5
CF0
100
AcDbEntity
  8
parts layout
  6
CONTINUOUS
 62
  256
370
   -1
100
AcDbLine
 10
-53.560368
 20
28.10034099999999
 11
-53.575
 21
28.09889999999999
  0
LINE
  5
CF1
100
AcDbEntity
  8
parts layout
  6
CONTINUOUS
 62
  256
370
   -1
100
AcDbLine
 10
-53.575
 20
28.09889999999999
 11
-53.72
 21
28.09889999999999
  0
LINE
  5
CF2
100
AcDbEntity
  8
parts layout
  6
CONTINUOUS
 62
  256
370
   -1
100
AcDbLine
 10
-53.72
 20
28.09889999999999
 11
-53.72
 21
26.01343799999999
  0
LINE
  5
CF3
100
AcDbEntity
  8
parts layout
  6
CONTINUOUS
 62
  256
370
   -1
100
AcDbLine
 10
-53.72
 20
26.01343799999999
 11
-53.684904
 21
25.9989
  0
LINE
  5
CF4
100
AcDbEntity
  8
parts layout
  6
CONTINUOUS
 62
  256
370
   -1
100
AcDbLine
 10
-53.684904
 20
25.9989
 11
-53.575
 21
25.9989
  0
LINE
  5
CF5
100
AcDbEntity
  8
parts layout
  6
CONTINUOUS
 62
  256
370
   -1
100
AcDbLine
 10
-53.575
 20
25.9989
 11
-53.560368
 21
25.997459
  0
LINE
  5
CF6
100
AcDbEntity
  8
parts layout
  6
CONTINUOUS
 62
  256
370
   -1
100
AcDbLine
 10
-53.560368
 20
25.997459
 11
-53.533332
 21
25.98625999999999
  0
LINE
  5
CF7
100
AcDbEntity
  8
parts layout
  6
CONTINUOUS
 62
  256
370
   -1
100
AcDbLine
 10
-53.533332
 20
25.98625999999999
 11
-53.51264
 21
25.965568
  0
LINE
  5
CF8
100
AcDbEntity
  8
parts layout
  6
CONTINUOUS
 62
  256
370
   -1
100
AcDbLine
 10
-53.51264
 20
25.965568
 11
-53.501441
 21
25.938532
  0
LINE
  5
CF9
100
AcDbEntity
  8
parts layout
  6
CONTINUOUS
 62
  256
370
   -1
100
AcDbLine
 10
-53.501441
 20
25.938532
 11
-53.5
 21
25.9239
  0
LINE
  5
CFA
100
AcDbEntity
  8
parts layout
  6
CONTINUOUS
 62
  256
370
   -1
100
AcDbLine
 10
-53.5
 20
25.9239
 11
-53.5
 21
24.9239
  0
LINE
  5
CFB
100
AcDbEntity
  8
parts layout
  6
CONTINUOUS
 62
  256
370
   -1
100
AcDbLine
 10
-53.5
 20
24.9239
 11
-53.501441
 21
24.909268
  0
LINE
  5
CFC
100
AcDbEntity
  8
parts layout
  6
CONTINUOUS
 62
  256
370
   -1
100
AcDbLine
 10
-53.501441
 20
24.909268
 11
-53.51264
 21
24.88223199999999
  0
LINE
  5
CFD
100
AcDbEntity
  8
parts layout
  6
CONTINUOUS
 62
  256
370
   -1
100
AcDbLine
 10
-53.51264
 20
24.88223199999999
 11
-53.533332
 21
24.86154
  0
LINE
  5
CFE
100
AcDbEntity
  8
parts layout
  6
CONTINUOUS
 62
  256
370
   -1
100
AcDbLine
 10
-53.533332
 20
24.86154
 11
-53.560368
 21
24.85034099999999
  0
LINE
  5
CFF
100
AcDbEntity
  8
parts layout
  6
CONTINUOUS
 62
  256
370
   -1
100
AcDbLine
 10
-53.560368
 20
24.85034099999999
 11
-53.575
 21
24.84889999999999
  0
LINE
  5
D00
100
AcDbEntity
  8
parts layout
  6
CONTINUOUS
 62
  256
370
   -1
100
AcDbLine
 10
-53.575
 20
24.84889999999999
 11
-58.575
 21
24.84889999999999
  0
LINE
  5
D01
100
AcDbEntity
  8
parts layout
  6
CONTINUOUS
 62
  256
370
   -1
100
AcDbLine
 10
-58.575
 20
24.84889999999999
 11
-58.576767
 21
24.84907399999999
  0
LINE
  5
D02
100
AcDbEntity
  8
parts layout
  6
CONTINUOUS
 62
  256
370
   -1
100
AcDbLine
 10
-58.576767
 20
24.84907399999999
 11
-58.577246
 21
24.84893399999999
  0
LINE
  5
D03
100
AcDbEntity
  8
parts layout
  6
CONTINUOUS
 62
  256
370
   -1
100
AcDbLine
 10
-58.577246
 20
24.84893399999999
 11
-58.705385
 21
24.852838
  0
LINE
  5
D04
100
AcDbEntity
  8
parts layout
  6
CONTINUOUS
 62
  256
370
   -1
100
AcDbLine
 10
-58.705385
 20
24.852838
 11
-58.855759
 21
24.838931
  0
LINE
  5
D05
100
AcDbEntity
  8
parts layout
  6
CONTINUOUS
 62
  256
370
   -1
100
AcDbLine
 10
-58.855759
 20
24.838931
 11
-58.860109
 21
24.837279
  0
LINE
  5
D06
100
AcDbEntity
  8
parts layout
  6
CONTINUOUS
 62
  256
370
   -1
100
AcDbLine
 10
-58.860109
 20
24.837279
 11
-58.979032
 21
24.825233
  0
LINE
  5
D07
100
AcDbEntity
  8
parts layout
  6
CONTINUOUS
 62
  256
370
   -1
100
AcDbLine
 10
-58.979032
 20
24.825233
 11
-59.211222
 21
24.77467299999999
  0
LINE
  5
D08
100
AcDbEntity
  8
parts layout
  6
CONTINUOUS
 62
  256
370
   -1
100
AcDbLine
 10
-59.211222
 20
24.77467299999999
 11
-59.453235
 21
24.68999599999999
  0
LINE
  5
D09
100
AcDbEntity
  8
parts layout
  6
CONTINUOUS
 62
  256
370
   -1
100
AcDbLine
 10
-59.453235
 20
24.68999599999999
 11
-59.683124
 21
24.57645599999999
  0
LINE
  5
D0A
100
AcDbEntity
  8
parts layout
  6
CONTINUOUS
 62
  256
370
   -1
100
AcDbLine
 10
-59.683124
 20
24.57645599999999
 11
-59.897462
 21
24.43574599999999
  0
LINE
  5
D0B
100
AcDbEntity
  8
parts layout
  6
CONTINUOUS
 62
  256
370
   -1
100
AcDbLine
 10
-59.897462
 20
24.43574599999999
 11
-60.093054
 21
24.26996399999999
  0
LINE
  5
D0C
100
AcDbEntity
  8
parts layout
  6
CONTINUOUS
 62
  256
370
   -1
100
AcDbLine
 10
-60.093054
 20
24.26996399999999
 11
-60.266985
 21
24.08158099999999
  0
LINE
  5
D0D
100
AcDbEntity
  8
parts layout
  6
CONTINUOUS
 62
  256
370
   -1
100
AcDbLine
 10
-60.266985
 20
24.08158099999999
 11
-60.416662
 21
23.873405
  0
LINE
  5
D0E
100
AcDbEntity
  8
parts layout
  6
CONTINUOUS
 62
  256
370
   -1
100
AcDbLine
 10
-60.416662
 20
23.873405
 11
-60.539852
 21
23.648539
  0
LINE
  5
D0F
100
AcDbEntity
  8
parts layout
  6
CONTINUOUS
 62
  256
370
   -1
100
AcDbLine
 10
-60.539852
 20
23.648539
 11
-60.63472
 21
23.410337
  0
LINE
  5
D10
100
AcDbEntity
  8
parts layout
  6
CONTINUOUS
 62
  256
370
   -1
100
AcDbLine
 10
-60.63472
 20
23.410337
 11
-60.699851
 21
23.162349
  0
LINE
  5
D11
100
AcDbEntity
  8
parts layout
  6
CONTINUOUS
 62
  256
370
   -1
100
AcDbLine
 10
-60.699851
 20
23.162349
 11
-60.716997
 21
23.03530199999999
  0
LINE
  5
D12
100
AcDbEntity
  8
parts layout
  6
CONTINUOUS
 62
  256
370
   -1
100
AcDbLine
 10
-60.716997
 20
23.03530199999999
 11
-60.721441
 21
23.026075
  0
LINE
  5
D13
100
AcDbEntity
  8
parts layout
  6
CONTINUOUS
 62
  256
370
   -1
100
AcDbLine
 10
-60.721441
 20
23.026075
 11
-60.721441
 21
23.009268
  0
LINE
  5
D14
100
AcDbEntity
  8
parts layout
  6
CONTINUOUS
 62
  256
370
   -1
100
AcDbLine
 10
-60.721441
 20
23.009268
 11
-60.73264
 21
22.982232
  0
LINE
  5
D15
100
AcDbEntity
  8
parts layout
  6
CONTINUOUS
 62
  256
370
   -1
100
AcDbLine
 10
-60.73264
 20
22.982232
 11
-60.753332
 21
22.96154
  0
LINE
  5
D16
100
AcDbEntity
  8
parts layout
  6
CONTINUOUS
 62
  256
370
   -1
100
AcDbLine
 10
-60.753332
 20
22.96154
 11
-60.780368
 21
22.95034099999999
  0
LINE
  5
D17
100
AcDbEntity
  8
parts layout
  6
CONTINUOUS
 62
  256
370
   -1
100
AcDbLine
 10
-60.780368
 20
22.95034099999999
 11
-60.795
 21
22.94889999999999
  0
LINE
  5
D18
100
AcDbEntity
  8
parts layout
  6
CONTINUOUS
 62
  256
370
   -1
100
AcDbLine
 10
-60.795
 20
22.94889999999999
 11
-64.07499999999999
 21
22.94889999999999
  0
LINE
  5
D19
100
AcDbEntity
  8
parts layout
  6
CONTINUOUS
 62
  256
370
   -1
100
AcDbLine
 10
-64.07499999999999
 20
22.94889999999999
 11
-64.08963199999999
 21
22.95034099999999
  0
LINE
  5
D1A
100
AcDbEntity
  8
parts layout
  6
CONTINUOUS
 62
  256
370
   -1
100
AcDbLine
 10
-64.08963199999999
 20
22.95034099999999
 11
-64.116668
 21
22.96154
  0
LINE
  5
D1B
100
AcDbEntity
  8
parts layout
  6
CONTINUOUS
 62
  256
370
   -1
100
AcDbLine
 10
-64.116668
 20
22.96154
 11
-64.13736
 21
22.982232
  0
LINE
  5
D1C
100
AcDbEntity
  8
parts layout
  6
CONTINUOUS
 62
  256
370
   -1
100
AcDbLine
 10
-64.13736
 20
22.982232
 11
-64.14855900000001
 21
23.009268
  0
LINE
  5
D1D
100
AcDbEntity
  8
parts layout
  6
CONTINUOUS
 62
  256
370
   -1
100
AcDbLine
 10
-64.14855900000001
 20
23.009268
 11
-64.15000000000001
 21
23.0239
  0
LINE
  5
D1E
100
AcDbEntity
  8
parts layout
  6
CONTINUOUS
 62
  256
370
   -1
100
AcDbLine
 10
-64.15000000000001
 20
23.0239
 11
-64.15000000000001
 21
23.3839
  0
LINE
  5
D1F
100
AcDbEntity
  8
parts layout
  6
CONTINUOUS
 62
  256
370
   -1
100
AcDbLine
 10
-64.15000000000001
 20
23.3839
 11
-64.14855900000001
 21
23.398532
  0
LINE
  5
D20
100
AcDbEntity
  8
parts layout
  6
CONTINUOUS
 62
  256
370
   -1
100
AcDbLine
 10
-64.14855900000001
 20
23.398532
 11
-64.13736
 21
23.425568
  0
LINE
  5
D21
100
AcDbEntity
  8
parts layout
  6
CONTINUOUS
 62
  256
370
   -1
100
AcDbLine
 10
-64.13736
 20
23.425568
 11
-64.116668
 21
23.44626
  0
LINE
  5
D22
100
AcDbEntity
  8
parts layout
  6
CONTINUOUS
 62
  256
370
   -1
100
AcDbLine
 10
-64.116668
 20
23.44626
 11
-64.08963199999999
 21
23.45745899999999
  0
LINE
  5
D23
100
AcDbEntity
  8
parts layout
  6
CONTINUOUS
 62
  256
370
   -1
100
AcDbLine
 10
-64.08963199999999
 20
23.45745899999999
 11
-64.07499999999999
 21
23.45889999999999
  0
LINE
  5
D24
100
AcDbEntity
  8
parts layout
  6
CONTINUOUS
 62
  256
370
   -1
100
AcDbLine
 10
-64.07499999999999
 20
23.45889999999999
 11
-63.948388
 21
23.45889999999999
  0
LINE
  5
D25
100
AcDbEntity
  8
parts layout
  6
CONTINUOUS
 62
  256
370
   -1
100
AcDbLine
 10
-63.948388
 20
23.45889999999999
 11
-63.923773
 21
23.46909599999999
  0
LINE
  5
D26
100
AcDbEntity
  8
parts layout
  6
CONTINUOUS
 62
  256
370
   -1
100
AcDbLine
 10
-63.923773
 20
23.46909599999999
 11
-63.92
 21
23.469468
  0
LINE
  5
D27
100
AcDbEntity
  8
parts layout
  6
CONTINUOUS
 62
  256
370
   -1
100
AcDbLine
 10
-63.92
 20
23.469468
 11
-63.92
 21
25.5489
  0
LINE
  5
D28
100
AcDbEntity
  8
parts layout
  6
CONTINUOUS
 62
  256
370
   -1
100
AcDbLine
 10
-63.92
 20
25.5489
 11
-64.07499999999999
 21
25.5489
  0
LINE
  5
D29
100
AcDbEntity
  8
parts layout
  6
CONTINUOUS
 62
  256
370
   -1
100
AcDbLine
 10
-64.07499999999999
 20
25.5489
 11
-64.08963199999999
 21
25.550341
  0
LINE
  5
D2A
100
AcDbEntity
  8
parts layout
  6
CONTINUOUS
 62
  256
370
   -1
100
AcDbLine
 10
-64.08963199999999
 20
25.550341
 11
-64.116668
 21
25.56153999999999
  0
LINE
  5
D2B
100
AcDbEntity
  8
parts layout
  6
CONTINUOUS
 62
  256
370
   -1
100
AcDbLine
 10
-64.116668
 20
25.56153999999999
 11
-64.13736
 21
25.582232
  0
LINE
  5
D2C
100
AcDbEntity
  8
parts layout
  6
CONTINUOUS
 62
  256
370
   -1
100
AcDbLine
 10
-64.13736
 20
25.582232
 11
-64.14855900000001
 21
25.60926799999999
  0
LINE
  5
D2D
100
AcDbEntity
  8
parts layout
  6
CONTINUOUS
 62
  256
370
   -1
100
AcDbLine
 10
-64.14855900000001
 20
25.60926799999999
 11
-64.15000000000001
 21
25.6239
  0
LINE
  5
D2E
100
AcDbEntity
  8
parts layout
  6
CONTINUOUS
 62
  256
370
   -1
100
AcDbLine
 10
-64.15000000000001
 20
25.6239
 11
-64.15000000000001
 21
26.6239
  0
LINE
  5
D2F
100
AcDbEntity
  8
parts layout
  6
CONTINUOUS
 62
  256
370
   -1
100
AcDbLine
 10
-64.15000000000001
 20
26.6239
 11
-64.149705
 21
26.6269
  0
LINE
  5
D30
100
AcDbEntity
  8
parts layout
  6
CONTINUOUS
 62
  256
370
   -1
100
AcDbLine
 10
-64.149705
 20
26.6269
 11
-64.149906
 21
26.627644
  0
LINE
  5
D31
100
AcDbEntity
  8
parts layout
  6
CONTINUOUS
 62
  256
370
   -1
100
AcDbLine
 10
-64.149906
 20
26.627644
 11
-64.11861400000001
 21
26.897586
  0
LINE
  5
D32
100
AcDbEntity
  8
parts layout
  6
CONTINUOUS
 62
  256
370
   -1
100
AcDbLine
 10
-64.11861400000001
 20
26.897586
 11
-64.05235500000001
 21
27.16113499999999
  0
LINE
  5
D33
100
AcDbEntity
  8
parts layout
  6
CONTINUOUS
 62
  256
370
   -1
100
AcDbLine
 10
-64.05235500000001
 20
27.16113499999999
 11
-63.952263
 21
27.41378
  0
LINE
  5
D34
100
AcDbEntity
  8
parts layout
  6
CONTINUOUS
 62
  256
370
   -1
100
AcDbLine
 10
-63.952263
 20
27.41378
 11
-63.82005
 21
27.651199
  0
LINE
  5
D35
100
AcDbEntity
  8
parts layout
  6
CONTINUOUS
 62
  256
370
   -1
100
AcDbLine
 10
-63.82005
 20
27.651199
 11
-63.657979
 21
27.86932899999999
  0
LINE
  5
D36
100
AcDbEntity
  8
parts layout
  6
CONTINUOUS
 62
  256
370
   -1
100
AcDbLine
 10
-63.657979
 20
27.86932899999999
 11
-63.468823
 21
28.06443899999999
  0
LINE
  5
D37
100
AcDbEntity
  8
parts layout
  6
CONTINUOUS
 62
  256
370
   -1
100
AcDbLine
 10
-63.468823
 20
28.06443899999999
 11
-63.255817
 21
28.23318999999999
  0
LINE
  5
D38
100
AcDbEntity
  8
parts layout
  6
CONTINUOUS
 62
  256
370
   -1
100
AcDbLine
 10
-63.255817
 20
28.23318999999999
 11
-63.022608
 21
28.372694
  0
LINE
  5
D39
100
AcDbEntity
  8
parts layout
  6
CONTINUOUS
 62
  256
370
   -1
100
AcDbLine
 10
-63.022608
 20
28.372694
 11
-62.773185
 21
28.480565
  0
LINE
  5
D3A
100
AcDbEntity
  8
parts layout
  6
CONTINUOUS
 62
  256
370
   -1
100
AcDbLine
 10
-62.773185
 20
28.480565
 11
-62.511816
 21
28.55495699999999
  0
LINE
  5
D3B
100
AcDbEntity
  8
parts layout
  6
CONTINUOUS
 62
  256
370
   -1
100
AcDbLine
 10
-62.511816
 20
28.55495699999999
 11
-62.242973
 21
28.59459699999999
  0
LINE
  5
D3C
100
AcDbEntity
  8
parts layout
  6
CONTINUOUS
 62
  256
370
   -1
100
AcDbLine
 10
-62.242973
 20
28.59459699999999
 11
-61.976833
 21
28.59871999999999
  0
LINE
  5
D3D
100
AcDbEntity
  8
parts layout
  6
CONTINUOUS
 62
  256
370
   -1
100
AcDbLine
 10
-61.976833
 20
28.59871999999999
 11
-61.975001
 21
28.59889999999999
  0
LINE
  5
D3E
100
AcDbEntity
  8
parts layout
  6
CONTINUOUS
 62
  256
370
   -1
100
AcDbLine
 10
-61.975001
 20
28.59889999999999
 11
-53.575
 21
28.59889999999999
  0
LINE
  5
D3F
100
AcDbEntity
  8
parts layout
  6
CONTINUOUS
 62
  256
370
   -1
100
AcDbLine
 10
-53.575
 20
28.59889999999999
 11
-53.560368
 21
28.59745899999999
  0
LINE
  5
D40
100
AcDbEntity
  8
parts layout
  6
CONTINUOUS
 62
  256
370
   -1
100
AcDbLine
 10
-63.078277
 20
23.47389999999999
 11
-63.067828
 21
23.47389999999999
  0
LINE
  5
D41
100
AcDbEntity
  8
parts layout
  6
CONTINUOUS
 62
  256
370
   -1
100
AcDbLine
 10
-63.067828
 20
23.47389999999999
 11
-63.07794
 21
23.479052
  0
LINE
  5
D42
100
AcDbEntity
  8
parts layout
  6
CONTINUOUS
 62
  256
370
   -1
100
AcDbLine
 10
-63.07794
 20
23.479052
 11
-63.078277
 21
23.47389999999999
  0
LINE
  5
D43
100
AcDbEntity
  8
parts layout
  6
CONTINUOUS
 62
  256
370
   -1
100
AcDbLine
 10
-34.510368
 20
28.59745899999999
 11
-34.483332
 21
28.58626
  0
LINE
  5
D44
100
AcDbEntity
  8
parts layout
  6
CONTINUOUS
 62
  256
370
   -1
100
AcDbLine
 10
-34.483332
 20
28.58626
 11
-34.46264000000001
 21
28.565568
  0
LINE
  5
D45
100
AcDbEntity
  8
parts layout
  6
CONTINUOUS
 62
  256
370
   -1
100
AcDbLine
 10
-34.46264000000001
 20
28.565568
 11
-34.451441
 21
28.538532
  0
LINE
  5
D46
100
AcDbEntity
  8
parts layout
  6
CONTINUOUS
 62
  256
370
   -1
100
AcDbLine
 10
-34.451441
 20
28.538532
 11
-34.45
 21
28.5239
  0
LINE
  5
D47
100
AcDbEntity
  8
parts layout
  6
CONTINUOUS
 62
  256
370
   -1
100
AcDbLine
 10
-34.45
 20
28.5239
 11
-34.45
 21
28.1739
  0
LINE
  5
D48
100
AcDbEntity
  8
parts layout
  6
CONTINUOUS
 62
  256
370
   -1
100
AcDbLine
 10
-34.45
 20
28.1739
 11
-34.451441
 21
28.159268
  0
LINE
  5
D49
100
AcDbEntity
  8
parts layout
  6
CONTINUOUS
 62
  256
370
   -1
100
AcDbLine
 10
-34.451441
 20
28.159268
 11
-34.46264000000001
 21
28.13223199999999
  0
LINE
  5
D4A
100
AcDbEntity
  8
parts layout
  6
CONTINUOUS
 62
  256
370
   -1
100
AcDbLine
 10
-34.46264000000001
 20
28.13223199999999
 11
-34.483332
 21
28.11154
  0
LINE
  5
D4B
100
AcDbEntity
  8
parts layout
  6
CONTINUOUS
 62
  256
370
   -1
100
AcDbLine
 10
-34.483332
 20
28.11154
 11
-34.510368
 21
28.10034099999999
  0
LINE
  5
D4C
100
AcDbEntity
  8
parts layout
  6
CONTINUOUS
 62
  256
370
   -1
100
AcDbLine
 10
-34.510368
 20
28.10034099999999
 11
-34.52500000000001
 21
28.09889999999999
  0
LINE
  5
D4D
100
AcDbEntity
  8
parts layout
  6
CONTINUOUS
 62
  256
370
   -1
100
AcDbLine
 10
-34.52500000000001
 20
28.09889999999999
 11
-34.67
 21
28.09889999999999
  0
LINE
  5
D4E
100
AcDbEntity
  8
parts layout
  6
CONTINUOUS
 62
  256
370
   -1
100
AcDbLine
 10
-34.67
 20
28.09889999999999
 11
-34.67
 21
26.01343799999999
  0
LINE
  5
D4F
100
AcDbEntity
  8
parts layout
  6
CONTINUOUS
 62
  256
370
   -1
100
AcDbLine
 10
-34.67
 20
26.01343799999999
 11
-34.63490400000001
 21
25.9989
  0
LINE
  5
D50
100
AcDbEntity
  8
parts layout
  6
CONTINUOUS
 62
  256
370
   -1
100
AcDbLine
 10
-34.63490400000001
 20
25.9989
 11
-34.52500000000001
 21
25.9989
  0
LINE
  5
D51
100
AcDbEntity
  8
parts layout
  6
CONTINUOUS
 62
  256
370
   -1
100
AcDbLine
 10
-34.52500000000001
 20
25.9989
 11
-34.510368
 21
25.997459
  0
LINE
  5
D52
100
AcDbEntity
  8
parts layout
  6
CONTINUOUS
 62
  256
370
   -1
100
AcDbLine
 10
-34.510368
 20
25.997459
 11
-34.483332
 21
25.98625999999999
  0
LINE
  5
D53
100
AcDbEntity
  8
parts layout
  6
CONTINUOUS
 62
  256
370
   -1
100
AcDbLine
 10
-34.483332
 20
25.98625999999999
 11
-34.46264000000001
 21
25.965568
  0
LINE
  5
D54
100
AcDbEntity
  8
parts layout
  6
CONTINUOUS
 62
  256
370
   -1
100
AcDbLine
 10
-34.46264000000001
 20
25.965568
 11
-34.451441
 21
25.938532
  0
LINE
  5
D55
100
AcDbEntity
  8
parts layout
  6
CONTINUOUS
 62
  256
370
   -1
100
AcDbLine
 10
-34.451441
 20
25.938532
 11
-34.45
 21
25.9239
  0
LINE
  5
D56
100
AcDbEntity
  8
parts layout
  6
CONTINUOUS
 62
  256
370
   -1
100
AcDbLine
 10
-34.45
 20
25.9239
 11
-34.45
 21
24.9239
  0
LINE
  5
D57
100
AcDbEntity
  8
parts layout
  6
CONTINUOUS
 62
  256
370
   -1
100
AcDbLine
 10
-34.45
 20
24.9239
 11
-34.451441
 21
24.909268
  0
LINE
  5
D58
100
AcDbEntity
  8
parts layout
  6
CONTINUOUS
 62
  256
370
   -1
100
AcDbLine
 10
-34.451441
 20
24.909268
 11
-34.46264000000001
 21
24.88223199999999
  0
LINE
  5
D59
100
AcDbEntity
  8
parts layout
  6
CONTINUOUS
 62
  256
370
   -1
100
AcDbLine
 10
-34.46264000000001
 20
24.88223199999999
 11
-34.483332
 21
24.86154
  0
LINE
  5
D5A
100
AcDbEntity
  8
parts layout
  6
CONTINUOUS
 62
  256
370
   -1
100
AcDbLine
 10
-34.483332
 20
24.86154
 11
-34.510368
 21
24.85034099999999
  0
LINE
  5
D5B
100
AcDbEntity
  8
parts layout
  6
CONTINUOUS
 62
  256
370
   -1
100
AcDbLine
 10
-34.510368
 20
24.85034099999999
 11
-34.52500000000001
 21
24.84889999999999
  0
LINE
  5
D5C
100
AcDbEntity
  8
parts layout
  6
CONTINUOUS
 62
  256
370
   -1
100
AcDbLine
 10
-34.52500000000001
 20
24.84889999999999
 11
-39.52500000000001
 21
24.84889999999999
  0
LINE
  5
D5D
100
AcDbEntity
  8
parts layout
  6
CONTINUOUS
 62
  256
370
   -1
100
AcDbLine
 10
-39.52500000000001
 20
24.84889999999999
 11
-39.52676700000001
 21
24.84907399999999
  0
LINE
  5
D5E
100
AcDbEntity
  8
parts layout
  6
CONTINUOUS
 62
  256
370
   -1
100
AcDbLine
 10
-39.52676700000001
 20
24.84907399999999
 11
-39.52724600000001
 21
24.84893399999999
  0
LINE
  5
D5F
100
AcDbEntity
  8
parts layout
  6
CONTINUOUS
 62
  256
370
   -1
100
AcDbLine
 10
-39.52724600000001
 20
24.84893399999999
 11
-39.655385
 21
24.852838
  0
LINE
  5
D60
100
AcDbEntity
  8
parts layout
  6
CONTINUOUS
 62
  256
370
   -1
100
AcDbLine
 10
-39.655385
 20
24.852838
 11
-39.80575899999999
 21
24.838931
  0
LINE
  5
D61
100
AcDbEntity
  8
parts layout
  6
CONTINUOUS
 62
  256
370
   -1
100
AcDbLine
 10
-39.80575899999999
 20
24.838931
 11
-39.810109
 21
24.837279
  0
LINE
  5
D62
100
AcDbEntity
  8
parts layout
  6
CONTINUOUS
 62
  256
370
   -1
100
AcDbLine
 10
-39.810109
 20
24.837279
 11
-39.92903200000001
 21
24.825233
  0
LINE
  5
D63
100
AcDbEntity
  8
parts layout
  6
CONTINUOUS
 62
  256
370
   -1
100
AcDbLine
 10
-39.92903200000001
 20
24.825233
 11
-40.161222
 21
24.77467299999999
  0
LINE
  5
D64
100
AcDbEntity
  8
parts layout
  6
CONTINUOUS
 62
  256
370
   -1
100
AcDbLine
 10
-40.161222
 20
24.77467299999999
 11
-40.403235
 21
24.68999599999999
  0
LINE
  5
D65
100
AcDbEntity
  8
parts layout
  6
CONTINUOUS
 62
  256
370
   -1
100
AcDbLine
 10
-40.403235
 20
24.68999599999999
 11
-40.633124
 21
24.57645599999999
  0
LINE
  5
D66
100
AcDbEntity
  8
parts layout
  6
CONTINUOUS
 62
  256
370
   -1
100
AcDbLine
 10
-40.633124
 20
24.57645599999999
 11
-40.84746200000001
 21
24.43574599999999
  0
LINE
  5
D67
100
AcDbEntity
  8
parts layout
  6
CONTINUOUS
 62
  256
370
   -1
100
AcDbLine
 10
-40.84746200000001
 20
24.43574599999999
 11
-41.043054
 21
24.26996399999999
  0
LINE
  5
D68
100
AcDbEntity
  8
parts layout
  6
CONTINUOUS
 62
  256
370
   -1
100
AcDbLine
 10
-41.043054
 20
24.26996399999999
 11
-41.21698499999999
 21
24.08158099999999
  0
LINE
  5
D69
100
AcDbEntity
  8
parts layout
  6
CONTINUOUS
 62
  256
370
   -1
100
AcDbLine
 10
-41.21698499999999
 20
24.08158099999999
 11
-41.36666200000001
 21
23.873405
  0
LINE
  5
D6A
100
AcDbEntity
  8
parts layout
  6
CONTINUOUS
 62
  256
370
   -1
100
AcDbLine
 10
-41.36666200000001
 20
23.873405
 11
-41.489852
 21
23.648539
  0
LINE
  5
D6B
100
AcDbEntity
  8
parts layout
  6
CONTINUOUS
 62
  256
370
   -1
100
AcDbLine
 10
-41.489852
 20
23.648539
 11
-41.58472
 21
23.410337
  0
LINE
  5
D6C
100
AcDbEntity
  8
parts layout
  6
CONTINUOUS
 62
  256
370
   -1
100
AcDbLine
 10
-41.58472
 20
23.410337
 11
-41.649851
 21
23.162349
  0
LINE
  5
D6D
100
AcDbEntity
  8
parts layout
  6
CONTINUOUS
 62
  256
370
   -1
100
AcDbLine
 10
-41.649851
 20
23.162349
 11
-41.66699699999999
 21
23.03530199999999
  0
LINE
  5
D6E
100
AcDbEntity
  8
parts layout
  6
CONTINUOUS
 62
  256
370
   -1
100
AcDbLine
 10
-41.66699699999999
 20
23.03530199999999
 11
-41.671441
 21
23.026075
  0
LINE
  5
D6F
100
AcDbEntity
  8
parts layout
  6
CONTINUOUS
 62
  256
370
   -1
100
AcDbLine
 10
-41.671441
 20
23.026075
 11
-41.671441
 21
23.009268
  0
LINE
  5
D70
100
AcDbEntity
  8
parts layout
  6
CONTINUOUS
 62
  256
370
   -1
100
AcDbLine
 10
-41.671441
 20
23.009268
 11
-41.68264000000001
 21
22.982232
  0
LINE
  5
D71
100
AcDbEntity
  8
parts layout
  6
CONTINUOUS
 62
  256
370
   -1
100
AcDbLine
 10
-41.68264000000001
 20
22.982232
 11
-41.703332
 21
22.96154
  0
LINE
  5
D72
100
AcDbEntity
  8
parts layout
  6
CONTINUOUS
 62
  256
370
   -1
100
AcDbLine
 10
-41.703332
 20
22.96154
 11
-41.730368
 21
22.95034099999999
  0
LINE
  5
D73
100
AcDbEntity
  8
parts layout
  6
CONTINUOUS
 62
  256
370
   -1
100
AcDbLine
 10
-41.730368
 20
22.95034099999999
 11
-41.745
 21
22.94889999999999
  0
LINE
  5
D74
100
AcDbEntity
  8
parts layout
  6
CONTINUOUS
 62
  256
370
   -1
100
AcDbLine
 10
-41.745
 20
22.94889999999999
 11
-45.025
 21
22.94889999999999
  0
LINE
  5
D75
100
AcDbEntity
  8
parts layout
  6
CONTINUOUS
 62
  256
370
   -1
100
AcDbLine
 10
-45.025
 20
22.94889999999999
 11
-45.039632
 21
22.95034099999999
  0
LINE
  5
D76
100
AcDbEntity
  8
parts layout
  6
CONTINUOUS
 62
  256
370
   -1
100
AcDbLine
 10
-45.039632
 20
22.95034099999999
 11
-45.066668
 21
22.96154
  0
LINE
  5
D77
100
AcDbEntity
  8
parts layout
  6
CONTINUOUS
 62
  256
370
   -1
100
AcDbLine
 10
-45.066668
 20
22.96154
 11
-45.08736
 21
22.982232
  0
LINE
  5
D78
100
AcDbEntity
  8
parts layout
  6
CONTINUOUS
 62
  256
370
   -1
100
AcDbLine
 10
-45.08736
 20
22.982232
 11
-45.098559
 21
23.009268
  0
LINE
  5
D79
100
AcDbEntity
  8
parts layout
  6
CONTINUOUS
 62
  256
370
   -1
100
AcDbLine
 10
-45.098559
 20
23.009268
 11
-45.1
 21
23.0239
  0
LINE
  5
D7A
100
AcDbEntity
  8
parts layout
  6
CONTINUOUS
 62
  256
370
   -1
100
AcDbLine
 10
-45.1
 20
23.0239
 11
-45.1
 21
23.3839
  0
LINE
  5
D7B
100
AcDbEntity
  8
parts layout
  6
CONTINUOUS
 62
  256
370
   -1
100
AcDbLine
 10
-45.1
 20
23.3839
 11
-45.098559
 21
23.398532
  0
LINE
  5
D7C
100
AcDbEntity
  8
parts layout
  6
CONTINUOUS
 62
  256
370
   -1
100
AcDbLine
 10
-45.098559
 20
23.398532
 11
-45.08736
 21
23.425568
  0
LINE
  5
D7D
100
AcDbEntity
  8
parts layout
  6
CONTINUOUS
 62
  256
370
   -1
100
AcDbLine
 10
-45.08736
 20
23.425568
 11
-45.066668
 21
23.44626
  0
LINE
  5
D7E
100
AcDbEntity
  8
parts layout
  6
CONTINUOUS
 62
  256
370
   -1
100
AcDbLine
 10
-45.066668
 20
23.44626
 11
-45.039632
 21
23.45745899999999
  0
LINE
  5
D7F
100
AcDbEntity
  8
parts layout
  6
CONTINUOUS
 62
  256
370
   -1
100
AcDbLine
 10
-45.039632
 20
23.45745899999999
 11
-45.025
 21
23.45889999999999
  0
LINE
  5
D80
100
AcDbEntity
  8
parts layout
  6
CONTINUOUS
 62
  256
370
   -1
100
AcDbLine
 10
-45.025
 20
23.45889999999999
 11
-44.898388
 21
23.45889999999999
  0
LINE
  5
D81
100
AcDbEntity
  8
parts layout
  6
CONTINUOUS
 62
  256
370
   -1
100
AcDbLine
 10
-44.898388
 20
23.45889999999999
 11
-44.873773
 21
23.46909599999999
  0
LINE
  5
D82
100
AcDbEntity
  8
parts layout
  6
CONTINUOUS
 62
  256
370
   -1
100
AcDbLine
 10
-44.873773
 20
23.46909599999999
 11
-44.87
 21
23.469468
  0
LINE
  5
D83
100
AcDbEntity
  8
parts layout
  6
CONTINUOUS
 62
  256
370
   -1
100
AcDbLine
 10
-44.87
 20
23.469468
 11
-44.87
 21
25.5489
  0
LINE
  5
D84
100
AcDbEntity
  8
parts layout
  6
CONTINUOUS
 62
  256
370
   -1
100
AcDbLine
 10
-44.87
 20
25.5489
 11
-45.025
 21
25.5489
  0
LINE
  5
D85
100
AcDbEntity
  8
parts layout
  6
CONTINUOUS
 62
  256
370
   -1
100
AcDbLine
 10
-45.025
 20
25.5489
 11
-45.039632
 21
25.550341
  0
LINE
  5
D86
100
AcDbEntity
  8
parts layout
  6
CONTINUOUS
 62
  256
370
   -1
100
AcDbLine
 10
-45.039632
 20
25.550341
 11
-45.066668
 21
25.56153999999999
  0
LINE
  5
D87
100
AcDbEntity
  8
parts layout
  6
CONTINUOUS
 62
  256
370
   -1
100
AcDbLine
 10
-45.066668
 20
25.56153999999999
 11
-45.08736
 21
25.582232
  0
LINE
  5
D88
100
AcDbEntity
  8
parts layout
  6
CONTINUOUS
 62
  256
370
   -1
100
AcDbLine
 10
-45.08736
 20
25.582232
 11
-45.098559
 21
25.60926799999999
  0
LINE
  5
D89
100
AcDbEntity
  8
parts layout
  6
CONTINUOUS
 62
  256
370
   -1
100
AcDbLine
 10
-45.098559
 20
25.60926799999999
 11
-45.1
 21
25.6239
  0
LINE
  5
D8A
100
AcDbEntity
  8
parts layout
  6
CONTINUOUS
 62
  256
370
   -1
100
AcDbLine
 10
-45.1
 20
25.6239
 11
-45.1
 21
26.6239
  0
LINE
  5
D8B
100
AcDbEntity
  8
parts layout
  6
CONTINUOUS
 62
  256
370
   -1
100
AcDbLine
 10
-45.1
 20
26.6239
 11
-45.099705
 21
26.6269
  0
LINE
  5
D8C
100
AcDbEntity
  8
parts layout
  6
CONTINUOUS
 62
  256
370
   -1
100
AcDbLine
 10
-45.099705
 20
26.6269
 11
-45.099906
 21
26.627644
  0
LINE
  5
D8D
100
AcDbEntity
  8
parts layout
  6
CONTINUOUS
 62
  256
370
   -1
100
AcDbLine
 10
-45.099906
 20
26.627644
 11
-45.068614
 21
26.897586
  0
LINE
  5
D8E
100
AcDbEntity
  8
parts layout
  6
CONTINUOUS
 62
  256
370
   -1
100
AcDbLine
 10
-45.068614
 20
26.897586
 11
-45.002355
 21
27.16113499999999
  0
LINE
  5
D8F
100
AcDbEntity
  8
parts layout
  6
CONTINUOUS
 62
  256
370
   -1
100
AcDbLine
 10
-45.002355
 20
27.16113499999999
 11
-44.902263
 21
27.41378
  0
LINE
  5
D90
100
AcDbEntity
  8
parts layout
  6
CONTINUOUS
 62
  256
370
   -1
100
AcDbLine
 10
-44.902263
 20
27.41378
 11
-44.77005
 21
27.651199
  0
LINE
  5
D91
100
AcDbEntity
  8
parts layout
  6
CONTINUOUS
 62
  256
370
   -1
100
AcDbLine
 10
-44.77005
 20
27.651199
 11
-44.607979
 21
27.86932899999999
  0
LINE
  5
D92
100
AcDbEntity
  8
parts layout
  6
CONTINUOUS
 62
  256
370
   -1
100
AcDbLine
 10
-44.607979
 20
27.86932899999999
 11
-44.418823
 21
28.06443899999999
  0
LINE
  5
D93
100
AcDbEntity
  8
parts layout
  6
CONTINUOUS
 62
  256
370
   -1
100
AcDbLine
 10
-44.418823
 20
28.06443899999999
 11
-44.205817
 21
28.23318999999999
  0
LINE
  5
D94
100
AcDbEntity
  8
parts layout
  6
CONTINUOUS
 62
  256
370
   -1
100
AcDbLine
 10
-44.205817
 20
28.23318999999999
 11
-43.97260799999999
 21
28.372694
  0
LINE
  5
D95
100
AcDbEntity
  8
parts layout
  6
CONTINUOUS
 62
  256
370
   -1
100
AcDbLine
 10
-43.97260799999999
 20
28.372694
 11
-43.723185
 21
28.480565
  0
LINE
  5
D96
100
AcDbEntity
  8
parts layout
  6
CONTINUOUS
 62
  256
370
   -1
100
AcDbLine
 10
-43.723185
 20
28.480565
 11
-43.461816
 21
28.55495699999999
  0
LINE
  5
D97
100
AcDbEntity
  8
parts layout
  6
CONTINUOUS
 62
  256
370
   -1
100
AcDbLine
 10
-43.461816
 20
28.55495699999999
 11
-43.19297299999999
 21
28.59459699999999
  0
LINE
  5
D98
100
AcDbEntity
  8
parts layout
  6
CONTINUOUS
 62
  256
370
   -1
100
AcDbLine
 10
-43.19297299999999
 20
28.59459699999999
 11
-42.926833
 21
28.59871999999999
  0
LINE
  5
D99
100
AcDbEntity
  8
parts layout
  6
CONTINUOUS
 62
  256
370
   -1
100
AcDbLine
 10
-42.926833
 20
28.59871999999999
 11
-42.92500099999999
 21
28.59889999999999
  0
LINE
  5
D9A
100
AcDbEntity
  8
parts layout
  6
CONTINUOUS
 62
  256
370
   -1
100
AcDbLine
 10
-42.92500099999999
 20
28.59889999999999
 11
-34.52500000000001
 21
28.59889999999999
  0
LINE
  5
D9B
100
AcDbEntity
  8
parts layout
  6
CONTINUOUS
 62
  256
370
   -1
100
AcDbLine
 10
-34.52500000000001
 20
28.59889999999999
 11
-34.510368
 21
28.59745899999999
  0
LINE
  5
D9C
100
AcDbEntity
  8
parts layout
  6
CONTINUOUS
 62
  256
370
   -1
100
AcDbLine
 10
-44.028277
 20
23.47389999999999
 11
-44.01782799999999
 21
23.47389999999999
  0
LINE
  5
D9D
100
AcDbEntity
  8
parts layout
  6
CONTINUOUS
 62
  256
370
   -1
100
AcDbLine
 10
-44.01782799999999
 20
23.47389999999999
 11
-44.02794
 21
23.479052
  0
LINE
  5
D9E
100
AcDbEntity
  8
parts layout
  6
CONTINUOUS
 62
  256
370
   -1
100
AcDbLine
 10
-44.02794
 20
23.479052
 11
-44.028277
 21
23.47389999999999
  0
LINE
  5
D9F
100
AcDbEntity
  8
parts layout
  6
CONTINUOUS
 62
  256
370
   -1
100
AcDbLine
 10
-13.019567
 20
27.31186099999999
 11
-13.015
 21
27.2889
  0
LINE
  5
DA0
100
AcDbEntity
  8
parts layout
  6
CONTINUOUS
 62
  256
370
   -1
100
AcDbLine
 10
-13.015
 20
27.2889
 11
-13.015
 21
23.3389
  0
LINE
  5
DA1
100
AcDbEntity
  8
parts layout
  6
CONTINUOUS
 62
  256
370
   -1
100
AcDbLine
 10
-13.015
 20
23.3389
 11
-11.13500000000001
 21
23.3389
  0
LINE
  5
DA2
100
AcDbEntity
  8
parts layout
  6
CONTINUOUS
 62
  256
370
   -1
100
AcDbLine
 10
-11.13500000000001
 20
23.3389
 11
-11.13500000000001
 21
27.2889
  0
LINE
  5
DA3
100
AcDbEntity
  8
parts layout
  6
CONTINUOUS
 62
  256
370
   -1
100
AcDbLine
 10
-11.13500000000001
 20
27.2889
 11
-11.130433
 21
27.31186099999999
  0
LINE
  5
DA4
100
AcDbEntity
  8
parts layout
  6
CONTINUOUS
 62
  256
370
   -1
100
AcDbLine
 10
-11.130433
 20
27.31186099999999
 11
-11.097961
 21
27.344333
  0
LINE
  5
DA5
100
AcDbEntity
  8
parts layout
  6
CONTINUOUS
 62
  256
370
   -1
100
AcDbLine
 10
-11.097961
 20
27.344333
 11
-11.05203900000001
 21
27.344333
  0
LINE
  5
DA6
100
AcDbEntity
  8
parts layout
  6
CONTINUOUS
 62
  256
370
   -1
100
AcDbLine
 10
-11.05203900000001
 20
27.344333
 11
-11.019567
 21
27.31186099999999
  0
LINE
  5
DA7
100
AcDbEntity
  8
parts layout
  6
CONTINUOUS
 62
  256
370
   -1
100
AcDbLine
 10
-11.019567
 20
27.31186099999999
 11
-11.015
 21
27.2889
  0
LINE
  5
DA8
100
AcDbEntity
  8
parts layout
  6
CONTINUOUS
 62
  256
370
   -1
100
AcDbLine
 10
-11.015
 20
27.2889
 11
-11.015
 21
23.27889999999999
  0
LINE
  5
DA9
100
AcDbEntity
  8
parts layout
  6
CONTINUOUS
 62
  256
370
   -1
100
AcDbLine
 10
-11.015
 20
23.27889999999999
 11
-11.019567
 21
23.255939
  0
LINE
  5
DAA
100
AcDbEntity
  8
parts layout
  6
CONTINUOUS
 62
  256
370
   -1
100
AcDbLine
 10
-11.019567
 20
23.255939
 11
-11.05203900000001
 21
23.223467
  0
LINE
  5
DAB
100
AcDbEntity
  8
parts layout
  6
CONTINUOUS
 62
  256
370
   -1
100
AcDbLine
 10
-11.05203900000001
 20
23.223467
 11
-11.075
 21
23.2189
  0
LINE
  5
DAC
100
AcDbEntity
  8
parts layout
  6
CONTINUOUS
 62
  256
370
   -1
100
AcDbLine
 10
-11.075
 20
23.2189
 11
-13.075
 21
23.2189
  0
LINE
  5
DAD
100
AcDbEntity
  8
parts layout
  6
CONTINUOUS
 62
  256
370
   -1
100
AcDbLine
 10
-13.075
 20
23.2189
 11
-13.097961
 21
23.223467
  0
LINE
  5
DAE
100
AcDbEntity
  8
parts layout
  6
CONTINUOUS
 62
  256
370
   -1
100
AcDbLine
 10
-13.097961
 20
23.223467
 11
-13.130433
 21
23.255939
  0
LINE
  5
DAF
100
AcDbEntity
  8
parts layout
  6
CONTINUOUS
 62
  256
370
   -1
100
AcDbLine
 10
-13.130433
 20
23.255939
 11
-13.13500000000001
 21
23.27889999999999
  0
LINE
  5
DB0
100
AcDbEntity
  8
parts layout
  6
CONTINUOUS
 62
  256
370
   -1
100
AcDbLine
 10
-13.13500000000001
 20
23.27889999999999
 11
-13.13500000000001
 21
27.2889
  0
LINE
  5
DB1
100
AcDbEntity
  8
parts layout
  6
CONTINUOUS
 62
  256
370
   -1
100
AcDbLine
 10
-13.13500000000001
 20
27.2889
 11
-13.130433
 21
27.31186099999999
  0
LINE
  5
DB2
100
AcDbEntity
  8
parts layout
  6
CONTINUOUS
 62
  256
370
   -1
100
AcDbLine
 10
-13.130433
 20
27.31186099999999
 11
-13.097961
 21
27.344333
  0
LINE
  5
DB3
100
AcDbEntity
  8
parts layout
  6
CONTINUOUS
 62
  256
370
   -1
100
AcDbLine
 10
-13.097961
 20
27.344333
 11
-13.05203900000001
 21
27.344333
  0
LINE
  5
DB4
100
AcDbEntity
  8
parts layout
  6
CONTINUOUS
 62
  256
370
   -1
100
AcDbLine
 10
-13.05203900000001
 20
27.344333
 11
-13.019567
 21
27.31186099999999
  0
LINE
  5
DB5
100
AcDbEntity
  8
parts layout
  6
CONTINUOUS
 62
  256
370
   -1
100
AcDbLine
 10
25.08043299999999
 20
27.31186099999999
 11
25.08499999999999
 21
27.2889
  0
LINE
  5
DB6
100
AcDbEntity
  8
parts layout
  6
CONTINUOUS
 62
  256
370
   -1
100
AcDbLine
 10
25.08499999999999
 20
27.2889
 11
25.08499999999999
 21
23.3389
  0
LINE
  5
DB7
100
AcDbEntity
  8
parts layout
  6
CONTINUOUS
 62
  256
370
   -1
100
AcDbLine
 10
25.08499999999999
 20
23.3389
 11
26.96499999999999
 21
23.3389
  0
LINE
  5
DB8
100
AcDbEntity
  8
parts layout
  6
CONTINUOUS
 62
  256
370
   -1
100
AcDbLine
 10
26.96499999999999
 20
23.3389
 11
26.96499999999999
 21
27.2889
  0
LINE
  5
DB9
100
AcDbEntity
  8
parts layout
  6
CONTINUOUS
 62
  256
370
   -1
100
AcDbLine
 10
26.96499999999999
 20
27.2889
 11
26.969567
 21
27.31186099999999
  0
LINE
  5
DBA
100
AcDbEntity
  8
parts layout
  6
CONTINUOUS
 62
  256
370
   -1
100
AcDbLine
 10
26.969567
 20
27.31186099999999
 11
27.00203900000001
 21
27.344333
  0
LINE
  5
DBB
100
AcDbEntity
  8
parts layout
  6
CONTINUOUS
 62
  256
370
   -1
100
AcDbLine
 10
27.00203900000001
 20
27.344333
 11
27.047961
 21
27.344333
  0
LINE
  5
DBC
100
AcDbEntity
  8
parts layout
  6
CONTINUOUS
 62
  256
370
   -1
100
AcDbLine
 10
27.047961
 20
27.344333
 11
27.08043299999999
 21
27.31186099999999
  0
LINE
  5
DBD
100
AcDbEntity
  8
parts layout
  6
CONTINUOUS
 62
  256
370
   -1
100
AcDbLine
 10
27.08043299999999
 20
27.31186099999999
 11
27.08499999999999
 21
27.2889
  0
LINE
  5
DBE
100
AcDbEntity
  8
parts layout
  6
CONTINUOUS
 62
  256
370
   -1
100
AcDbLine
 10
27.08499999999999
 20
27.2889
 11
27.08499999999999
 21
23.27889999999999
  0
LINE
  5
DBF
100
AcDbEntity
  8
parts layout
  6
CONTINUOUS
 62
  256
370
   -1
100
AcDbLine
 10
27.08499999999999
 20
23.27889999999999
 11
27.08043299999999
 21
23.255939
  0
LINE
  5
DC0
100
AcDbEntity
  8
parts layout
  6
CONTINUOUS
 62
  256
370
   -1
100
AcDbLine
 10
27.08043299999999
 20
23.255939
 11
27.047961
 21
23.223467
  0
LINE
  5
DC1
100
AcDbEntity
  8
parts layout
  6
CONTINUOUS
 62
  256
370
   -1
100
AcDbLine
 10
27.047961
 20
23.223467
 11
27.02499999999999
 21
23.2189
  0
LINE
  5
DC2
100
AcDbEntity
  8
parts layout
  6
CONTINUOUS
 62
  256
370
   -1
100
AcDbLine
 10
27.02499999999999
 20
23.2189
 11
25.02499999999999
 21
23.2189
  0
LINE
  5
DC3
100
AcDbEntity
  8
parts layout
  6
CONTINUOUS
 62
  256
370
   -1
100
AcDbLine
 10
25.02499999999999
 20
23.2189
 11
25.00203900000001
 21
23.223467
  0
LINE
  5
DC4
100
AcDbEntity
  8
parts layout
  6
CONTINUOUS
 62
  256
370
   -1
100
AcDbLine
 10
25.00203900000001
 20
23.223467
 11
24.969567
 21
23.255939
  0
LINE
  5
DC5
100
AcDbEntity
  8
parts layout
  6
CONTINUOUS
 62
  256
370
   -1
100
AcDbLine
 10
24.969567
 20
23.255939
 11
24.96499999999999
 21
23.27889999999999
  0
LINE
  5
DC6
100
AcDbEntity
  8
parts layout
  6
CONTINUOUS
 62
  256
370
   -1
100
AcDbLine
 10
24.96499999999999
 20
23.27889999999999
 11
24.96499999999999
 21
27.2889
  0
LINE
  5
DC7
100
AcDbEntity
  8
parts layout
  6
CONTINUOUS
 62
  256
370
   -1
100
AcDbLine
 10
24.96499999999999
 20
27.2889
 11
24.969567
 21
27.31186099999999
  0
LINE
  5
DC8
100
AcDbEntity
  8
parts layout
  6
CONTINUOUS
 62
  256
370
   -1
100
AcDbLine
 10
24.969567
 20
27.31186099999999
 11
25.00203900000001
 21
27.344333
  0
LINE
  5
DC9
100
AcDbEntity
  8
parts layout
  6
CONTINUOUS
 62
  256
370
   -1
100
AcDbLine
 10
25.00203900000001
 20
27.344333
 11
25.047961
 21
27.344333
  0
LINE
  5
DCA
100
AcDbEntity
  8
parts layout
  6
CONTINUOUS
 62
  256
370
   -1
100
AcDbLine
 10
25.047961
 20
27.344333
 11
25.08043299999999
 21
27.31186099999999
  0
LINE
  5
DCB
100
AcDbEntity
  8
parts layout
  6
CONTINUOUS
 62
  256
370
   -1
100
AcDbLine
 10
6.030433000000002
 20
29.21686099999999
 11
6.034999999999997
 21
29.1939
  0
LINE
  5
DCC
100
AcDbEntity
  8
parts layout
  6
CONTINUOUS
 62
  256
370
   -1
100
AcDbLine
 10
6.034999999999997
 20
29.1939
 11
6.034999999999997
 21
25.2439
  0
LINE
  5
DCD
100
AcDbEntity
  8
parts layout
  6
CONTINUOUS
 62
  256
370
   -1
100
AcDbLine
 10
6.034999999999997
 20
25.2439
 11
7.914999999999992
 21
25.2439
  0
LINE
  5
DCE
100
AcDbEntity
  8
parts layout
  6
CONTINUOUS
 62
  256
370
   -1
100
AcDbLine
 10
7.914999999999992
 20
25.2439
 11
7.914999999999992
 21
29.1939
  0
LINE
  5
DCF
100
AcDbEntity
  8
parts layout
  6
CONTINUOUS
 62
  256
370
   -1
100
AcDbLine
 10
7.914999999999992
 20
29.1939
 11
7.919567000000001
 21
29.21686099999999
  0
LINE
  5
DD0
100
AcDbEntity
  8
parts layout
  6
CONTINUOUS
 62
  256
370
   -1
100
AcDbLine
 10
7.919567000000001
 20
29.21686099999999
 11
7.952038999999999
 21
29.24933299999999
  0
LINE
  5
DD1
100
AcDbEntity
  8
parts layout
  6
CONTINUOUS
 62
  256
370
   -1
100
AcDbLine
 10
7.952038999999999
 20
29.24933299999999
 11
7.997961000000004
 21
29.24933299999999
  0
LINE
  5
DD2
100
AcDbEntity
  8
parts layout
  6
CONTINUOUS
 62
  256
370
   -1
100
AcDbLine
 10
7.997961000000004
 20
29.24933299999999
 11
8.030433000000002
 21
29.21686099999999
  0
LINE
  5
DD3
100
AcDbEntity
  8
parts layout
  6
CONTINUOUS
 62
  256
370
   -1
100
AcDbLine
 10
8.030433000000002
 20
29.21686099999999
 11
8.034999999999997
 21
29.1939
  0
LINE
  5
DD4
100
AcDbEntity
  8
parts layout
  6
CONTINUOUS
 62
  256
370
   -1
100
AcDbLine
 10
8.034999999999997
 20
29.1939
 11
8.034999999999997
 21
25.18389999999999
  0
LINE
  5
DD5
100
AcDbEntity
  8
parts layout
  6
CONTINUOUS
 62
  256
370
   -1
100
AcDbLine
 10
8.034999999999997
 20
25.18389999999999
 11
8.030433000000002
 21
25.160939
  0
LINE
  5
DD6
100
AcDbEntity
  8
parts layout
  6
CONTINUOUS
 62
  256
370
   -1
100
AcDbLine
 10
8.030433000000002
 20
25.160939
 11
7.997961000000004
 21
25.12846699999999
  0
LINE
  5
DD7
100
AcDbEntity
  8
parts layout
  6
CONTINUOUS
 62
  256
370
   -1
100
AcDbLine
 10
7.997961000000004
 20
25.12846699999999
 11
7.974999999999994
 21
25.1239
  0
LINE
  5
DD8
100
AcDbEntity
  8
parts layout
  6
CONTINUOUS
 62
  256
370
   -1
100
AcDbLine
 10
7.974999999999994
 20
25.1239
 11
5.974999999999994
 21
25.1239
  0
LINE
  5
DD9
100
AcDbEntity
  8
parts layout
  6
CONTINUOUS
 62
  256
370
   -1
100
AcDbLine
 10
5.974999999999994
 20
25.1239
 11
5.952038999999999
 21
25.12846699999999
  0
LINE
  5
DDA
100
AcDbEntity
  8
parts layout
  6
CONTINUOUS
 62
  256
370
   -1
100
AcDbLine
 10
5.952038999999999
 20
25.12846699999999
 11
5.919567000000001
 21
25.160939
  0
LINE
  5
DDB
100
AcDbEntity
  8
parts layout
  6
CONTINUOUS
 62
  256
370
   -1
100
AcDbLine
 10
5.919567000000001
 20
25.160939
 11
5.914999999999992
 21
25.18389999999999
  0
LINE
  5
DDC
100
AcDbEntity
  8
parts layout
  6
CONTINUOUS
 62
  256
370
   -1
100
AcDbLine
 10
5.914999999999992
 20
25.18389999999999
 11
5.914999999999992
 21
29.1939
  0
LINE
  5
DDD
100
AcDbEntity
  8
parts layout
  6
CONTINUOUS
 62
  256
370
   -1
100
AcDbLine
 10
5.914999999999992
 20
29.1939
 11
5.919567000000001
 21
29.21686099999999
  0
LINE
  5
DDE
100
AcDbEntity
  8
parts layout
  6
CONTINUOUS
 62
  256
370
   -1
100
AcDbLine
 10
5.919567000000001
 20
29.21686099999999
 11
5.952038999999999
 21
29.24933299999999
  0
LINE
  5
DDF
100
AcDbEntity
  8
parts layout
  6
CONTINUOUS
 62
  256
370
   -1
100
AcDbLine
 10
5.952038999999999
 20
29.24933299999999
 11
5.997961000000004
 21
29.24933299999999
  0
LINE
  5
DE0
100
AcDbEntity
  8
parts layout
  6
CONTINUOUS
 62
  256
370
   -1
100
AcDbLine
 10
5.997961000000004
 20
29.24933299999999
 11
6.030433000000002
 21
29.21686099999999
  0
LINE
  5
DE1
100
AcDbEntity
  8
parts layout
  6
CONTINUOUS
 62
  256
370
   -1
100
AcDbLine
 10
8.317042999999998
 20
25.85437599999999
 11
8.307789
 21
25.882139
  0
LINE
  5
DE2
100
AcDbEntity
  8
parts layout
  6
CONTINUOUS
 62
  256
370
   -1
100
AcDbLine
 10
8.307789
 20
25.882139
 11
8.309864000000005
 21
25.91132899999999
  0
LINE
  5
DE3
100
AcDbEntity
  8
parts layout
  6
CONTINUOUS
 62
  256
370
   -1
100
AcDbLine
 10
41.689632
 20
32.407459
 11
41.71666799999998
 21
32.39626
  0
LINE
  5
DE4
100
AcDbEntity
  8
parts layout
  6
CONTINUOUS
 62
  256
370
   -1
100
AcDbLine
 10
41.71666799999998
 20
32.39626
 11
41.73736000000001
 21
32.37556799999999
  0
LINE
  5
DE5
100
AcDbEntity
  8
parts layout
  6
CONTINUOUS
 62
  256
370
   -1
100
AcDbLine
 10
41.73736000000001
 20
32.37556799999999
 11
41.74855899999999
 21
32.348532
  0
LINE
  5
DE6
100
AcDbEntity
  8
parts layout
  6
CONTINUOUS
 62
  256
370
   -1
100
AcDbLine
 10
41.74855899999999
 20
32.348532
 11
41.74999999999999
 21
32.33389999999999
  0
LINE
  5
DE7
100
AcDbEntity
  8
parts layout
  6
CONTINUOUS
 62
  256
370
   -1
100
AcDbLine
 10
41.74999999999999
 20
32.33389999999999
 11
41.74999999999999
 21
31.9839
  0
LINE
  5
DE8
100
AcDbEntity
  8
parts layout
  6
CONTINUOUS
 62
  256
370
   -1
100
AcDbLine
 10
41.74999999999999
 20
31.9839
 11
41.74855899999999
 21
31.96926799999999
  0
LINE
  5
DE9
100
AcDbEntity
  8
parts layout
  6
CONTINUOUS
 62
  256
370
   -1
100
AcDbLine
 10
41.74855899999999
 20
31.96926799999999
 11
41.73736000000001
 21
31.942232
  0
LINE
  5
DEA
100
AcDbEntity
  8
parts layout
  6
CONTINUOUS
 62
  256
370
   -1
100
AcDbLine
 10
41.73736000000001
 20
31.942232
 11
41.71666799999998
 21
31.92153999999999
  0
LINE
  5
DEB
100
AcDbEntity
  8
parts layout
  6
CONTINUOUS
 62
  256
370
   -1
100
AcDbLine
 10
41.71666799999998
 20
31.92153999999999
 11
41.689632
 21
31.910341
  0
LINE
  5
DEC
100
AcDbEntity
  8
parts layout
  6
CONTINUOUS
 62
  256
370
   -1
100
AcDbLine
 10
41.689632
 20
31.910341
 11
41.675
 21
31.9089
  0
LINE
  5
DED
100
AcDbEntity
  8
parts layout
  6
CONTINUOUS
 62
  256
370
   -1
100
AcDbLine
 10
41.675
 20
31.9089
 11
41.52999999999999
 21
31.9089
  0
LINE
  5
DEE
100
AcDbEntity
  8
parts layout
  6
CONTINUOUS
 62
  256
370
   -1
100
AcDbLine
 10
41.52999999999999
 20
31.9089
 11
41.52999999999999
 21
29.823438
  0
LINE
  5
DEF
100
AcDbEntity
  8
parts layout
  6
CONTINUOUS
 62
  256
370
   -1
100
AcDbLine
 10
41.52999999999999
 20
29.823438
 11
41.565096
 21
29.80889999999999
  0
LINE
  5
DF0
100
AcDbEntity
  8
parts layout
  6
CONTINUOUS
 62
  256
370
   -1
100
AcDbLine
 10
41.565096
 20
29.80889999999999
 11
41.675
 21
29.80889999999999
  0
LINE
  5
DF1
100
AcDbEntity
  8
parts layout
  6
CONTINUOUS
 62
  256
370
   -1
100
AcDbLine
 10
41.675
 20
29.80889999999999
 11
41.689632
 21
29.80745899999999
  0
LINE
  5
DF2
100
AcDbEntity
  8
parts layout
  6
CONTINUOUS
 62
  256
370
   -1
100
AcDbLine
 10
41.689632
 20
29.80745899999999
 11
41.71666799999998
 21
29.79626
  0
LINE
  5
DF3
100
AcDbEntity
  8
parts layout
  6
CONTINUOUS
 62
  256
370
   -1
100
AcDbLine
 10
41.71666799999998
 20
29.79626
 11
41.73736000000001
 21
29.77556799999999
  0
LINE
  5
DF4
100
AcDbEntity
  8
parts layout
  6
CONTINUOUS
 62
  256
370
   -1
100
AcDbLine
 10
41.73736000000001
 20
29.77556799999999
 11
41.74855899999999
 21
29.748532
  0
LINE
  5
DF5
100
AcDbEntity
  8
parts layout
  6
CONTINUOUS
 62
  256
370
   -1
100
AcDbLine
 10
41.74855899999999
 20
29.748532
 11
41.74999999999999
 21
29.7339
  0
LINE
  5
DF6
100
AcDbEntity
  8
parts layout
  6
CONTINUOUS
 62
  256
370
   -1
100
AcDbLine
 10
41.74999999999999
 20
29.7339
 11
41.74999999999999
 21
28.7339
  0
LINE
  5
DF7
100
AcDbEntity
  8
parts layout
  6
CONTINUOUS
 62
  256
370
   -1
100
AcDbLine
 10
41.74999999999999
 20
28.7339
 11
41.74855899999999
 21
28.71926799999999
  0
LINE
  5
DF8
100
AcDbEntity
  8
parts layout
  6
CONTINUOUS
 62
  256
370
   -1
100
AcDbLine
 10
41.74855899999999
 20
28.71926799999999
 11
41.73736000000001
 21
28.692232
  0
LINE
  5
DF9
100
AcDbEntity
  8
parts layout
  6
CONTINUOUS
 62
  256
370
   -1
100
AcDbLine
 10
41.73736000000001
 20
28.692232
 11
41.71666799999998
 21
28.67153999999999
  0
LINE
  5
DFA
100
AcDbEntity
  8
parts layout
  6
CONTINUOUS
 62
  256
370
   -1
100
AcDbLine
 10
41.71666799999998
 20
28.67153999999999
 11
41.689632
 21
28.660341
  0
LINE
  5
DFB
100
AcDbEntity
  8
parts layout
  6
CONTINUOUS
 62
  256
370
   -1
100
AcDbLine
 10
41.689632
 20
28.660341
 11
41.675
 21
28.6589
  0
LINE
  5
DFC
100
AcDbEntity
  8
parts layout
  6
CONTINUOUS
 62
  256
370
   -1
100
AcDbLine
 10
41.675
 20
28.6589
 11
36.675
 21
28.6589
  0
LINE
  5
DFD
100
AcDbEntity
  8
parts layout
  6
CONTINUOUS
 62
  256
370
   -1
100
AcDbLine
 10
36.675
 20
28.6589
 11
36.673233
 21
28.659074
  0
LINE
  5
DFE
100
AcDbEntity
  8
parts layout
  6
CONTINUOUS
 62
  256
370
   -1
100
AcDbLine
 10
36.673233
 20
28.659074
 11
36.67275399999998
 21
28.658934
  0
LINE
  5
DFF
100
AcDbEntity
  8
parts layout
  6
CONTINUOUS
 62
  256
370
   -1
100
AcDbLine
 10
36.67275399999998
 20
28.658934
 11
36.54461500000001
 21
28.66283799999999
  0
LINE
  5
E00
100
AcDbEntity
  8
parts layout
  6
CONTINUOUS
 62
  256
370
   -1
100
AcDbLine
 10
36.54461500000001
 20
28.66283799999999
 11
36.39424100000001
 21
28.648931
  0
LINE
  5
E01
100
AcDbEntity
  8
parts layout
  6
CONTINUOUS
 62
  256
370
   -1
100
AcDbLine
 10
36.39424100000001
 20
28.648931
 11
36.38989099999999
 21
28.647279
  0
LINE
  5
E02
100
AcDbEntity
  8
parts layout
  6
CONTINUOUS
 62
  256
370
   -1
100
AcDbLine
 10
36.38989099999999
 20
28.647279
 11
36.270968
 21
28.63523299999999
  0
LINE
  5
E03
100
AcDbEntity
  8
parts layout
  6
CONTINUOUS
 62
  256
370
   -1
100
AcDbLine
 10
36.270968
 20
28.63523299999999
 11
36.03877799999999
 21
28.584673
  0
LINE
  5
E04
100
AcDbEntity
  8
parts layout
  6
CONTINUOUS
 62
  256
370
   -1
100
AcDbLine
 10
36.03877799999999
 20
28.584673
 11
35.79676500000001
 21
28.499996
  0
LINE
  5
E05
100
AcDbEntity
  8
parts layout
  6
CONTINUOUS
 62
  256
370
   -1
100
AcDbLine
 10
35.79676500000001
 20
28.499996
 11
35.56687599999999
 21
28.386456
  0
LINE
  5
E06
100
AcDbEntity
  8
parts layout
  6
CONTINUOUS
 62
  256
370
   -1
100
AcDbLine
 10
35.56687599999999
 20
28.386456
 11
35.352538
 21
28.245746
  0
LINE
  5
E07
100
AcDbEntity
  8
parts layout
  6
CONTINUOUS
 62
  256
370
   -1
100
AcDbLine
 10
35.352538
 20
28.245746
 11
35.15694599999999
 21
28.079964
  0
LINE
  5
E08
100
AcDbEntity
  8
parts layout
  6
CONTINUOUS
 62
  256
370
   -1
100
AcDbLine
 10
35.15694599999999
 20
28.079964
 11
34.98301500000001
 21
27.891581
  0
LINE
  5
E09
100
AcDbEntity
  8
parts layout
  6
CONTINUOUS
 62
  256
370
   -1
100
AcDbLine
 10
34.98301500000001
 20
27.891581
 11
34.83333799999998
 21
27.68340499999999
  0
LINE
  5
E0A
100
AcDbEntity
  8
parts layout
  6
CONTINUOUS
 62
  256
370
   -1
100
AcDbLine
 10
34.83333799999998
 20
27.68340499999999
 11
34.71014799999999
 21
27.45853899999999
  0
LINE
  5
E0B
100
AcDbEntity
  8
parts layout
  6
CONTINUOUS
 62
  256
370
   -1
100
AcDbLine
 10
34.71014799999999
 20
27.45853899999999
 11
34.61528
 21
27.22033699999999
  0
LINE
  5
E0C
100
AcDbEntity
  8
parts layout
  6
CONTINUOUS
 62
  256
370
   -1
100
AcDbLine
 10
34.61528
 20
27.22033699999999
 11
34.55014899999999
 21
26.97234899999999
  0
LINE
  5
E0D
100
AcDbEntity
  8
parts layout
  6
CONTINUOUS
 62
  256
370
   -1
100
AcDbLine
 10
34.55014899999999
 20
26.97234899999999
 11
34.53300299999999
 21
26.845302
  0
LINE
  5
E0E
100
AcDbEntity
  8
parts layout
  6
CONTINUOUS
 62
  256
370
   -1
100
AcDbLine
 10
34.53300299999999
 20
26.845302
 11
34.52855899999999
 21
26.83607499999999
  0
LINE
  5
E0F
100
AcDbEntity
  8
parts layout
  6
CONTINUOUS
 62
  256
370
   -1
100
AcDbLine
 10
34.52855899999999
 20
26.83607499999999
 11
34.52855899999999
 21
26.81926799999999
  0
LINE
  5
E10
100
AcDbEntity
  8
parts layout
  6
CONTINUOUS
 62
  256
370
   -1
100
AcDbLine
 10
34.52855899999999
 20
26.81926799999999
 11
34.51735999999998
 21
26.792232
  0
LINE
  5
E11
100
AcDbEntity
  8
parts layout
  6
CONTINUOUS
 62
  256
370
   -1
100
AcDbLine
 10
34.51735999999998
 20
26.792232
 11
34.49666799999999
 21
26.77153999999999
  0
LINE
  5
E12
100
AcDbEntity
  8
parts layout
  6
CONTINUOUS
 62
  256
370
   -1
100
AcDbLine
 10
34.49666799999999
 20
26.77153999999999
 11
34.469632
 21
26.760341
  0
LINE
  5
E13
100
AcDbEntity
  8
parts layout
  6
CONTINUOUS
 62
  256
370
   -1
100
AcDbLine
 10
34.469632
 20
26.760341
 11
34.455
 21
26.7589
  0
LINE
  5
E14
100
AcDbEntity
  8
parts layout
  6
CONTINUOUS
 62
  256
370
   -1
100
AcDbLine
 10
34.455
 20
26.7589
 11
31.175
 21
26.7589
  0
LINE
  5
E15
100
AcDbEntity
  8
parts layout
  6
CONTINUOUS
 62
  256
370
   -1
100
AcDbLine
 10
31.175
 20
26.7589
 11
31.16036799999999
 21
26.760341
  0
LINE
  5
E16
100
AcDbEntity
  8
parts layout
  6
CONTINUOUS
 62
  256
370
   -1
100
AcDbLine
 10
31.16036799999999
 20
26.760341
 11
31.13333200000001
 21
26.77153999999999
  0
LINE
  5
E17
100
AcDbEntity
  8
parts layout
  6
CONTINUOUS
 62
  256
370
   -1
100
AcDbLine
 10
31.13333200000001
 20
26.77153999999999
 11
31.11263999999998
 21
26.792232
  0
LINE
  5
E18
100
AcDbEntity
  8
parts layout
  6
CONTINUOUS
 62
  256
370
   -1
100
AcDbLine
 10
31.11263999999998
 20
26.792232
 11
31.10144100000001
 21
26.81926799999999
  0
LINE
  5
E19
100
AcDbEntity
  8
parts layout
  6
CONTINUOUS
 62
  256
370
   -1
100
AcDbLine
 10
31.10144100000001
 20
26.81926799999999
 11
31.10000000000001
 21
26.83389999999999
  0
LINE
  5
E1A
100
AcDbEntity
  8
parts layout
  6
CONTINUOUS
 62
  256
370
   -1
100
AcDbLine
 10
31.10000000000001
 20
26.83389999999999
 11
31.10000000000001
 21
27.1939
  0
LINE
  5
E1B
100
AcDbEntity
  8
parts layout
  6
CONTINUOUS
 62
  256
370
   -1
100
AcDbLine
 10
31.10000000000001
 20
27.1939
 11
31.10144100000001
 21
27.208532
  0
LINE
  5
E1C
100
AcDbEntity
  8
parts layout
  6
CONTINUOUS
 62
  256
370
   -1
100
AcDbLine
 10
31.10144100000001
 20
27.208532
 11
31.11263999999998
 21
27.23556799999999
  0
LINE
  5
E1D
100
AcDbEntity
  8
parts layout
  6
CONTINUOUS
 62
  256
370
   -1
100
AcDbLine
 10
31.11263999999998
 20
27.23556799999999
 11
31.13333200000001
 21
27.25626
  0
LINE
  5
E1E
100
AcDbEntity
  8
parts layout
  6
CONTINUOUS
 62
  256
370
   -1
100
AcDbLine
 10
31.13333200000001
 20
27.25626
 11
31.16036799999999
 21
27.267459
  0
LINE
  5
E1F
100
AcDbEntity
  8
parts layout
  6
CONTINUOUS
 62
  256
370
   -1
100
AcDbLine
 10
31.16036799999999
 20
27.267459
 11
31.175
 21
27.2689
  0
LINE
  5
E20
100
AcDbEntity
  8
parts layout
  6
CONTINUOUS
 62
  256
370
   -1
100
AcDbLine
 10
31.175
 20
27.2689
 11
31.30161199999999
 21
27.2689
  0
LINE
  5
E21
100
AcDbEntity
  8
parts layout
  6
CONTINUOUS
 62
  256
370
   -1
100
AcDbLine
 10
31.30161199999999
 20
27.2689
 11
31.326227
 21
27.279096
  0
LINE
  5
E22
100
AcDbEntity
  8
parts layout
  6
CONTINUOUS
 62
  256
370
   -1
100
AcDbLine
 10
31.326227
 20
27.279096
 11
31.33
 21
27.27946799999999
  0
LINE
  5
E23
100
AcDbEntity
  8
parts layout
  6
CONTINUOUS
 62
  256
370
   -1
100
AcDbLine
 10
31.33
 20
27.27946799999999
 11
31.33
 21
29.3589
  0
LINE
  5
E24
100
AcDbEntity
  8
parts layout
  6
CONTINUOUS
 62
  256
370
   -1
100
AcDbLine
 10
31.33
 20
29.3589
 11
31.175
 21
29.3589
  0
LINE
  5
E25
100
AcDbEntity
  8
parts layout
  6
CONTINUOUS
 62
  256
370
   -1
100
AcDbLine
 10
31.175
 20
29.3589
 11
31.16036799999999
 21
29.360341
  0
LINE
  5
E26
100
AcDbEntity
  8
parts layout
  6
CONTINUOUS
 62
  256
370
   -1
100
AcDbLine
 10
31.16036799999999
 20
29.360341
 11
31.13333200000001
 21
29.37154
  0
LINE
  5
E27
100
AcDbEntity
  8
parts layout
  6
CONTINUOUS
 62
  256
370
   -1
100
AcDbLine
 10
31.13333200000001
 20
29.37154
 11
31.11263999999998
 21
29.39223199999999
  0
LINE
  5
E28
100
AcDbEntity
  8
parts layout
  6
CONTINUOUS
 62
  256
370
   -1
100
AcDbLine
 10
31.11263999999998
 20
29.39223199999999
 11
31.10144100000001
 21
29.419268
  0
LINE
  5
E29
100
AcDbEntity
  8
parts layout
  6
CONTINUOUS
 62
  256
370
   -1
100
AcDbLine
 10
31.10144100000001
 20
29.419268
 11
31.10000000000001
 21
29.43389999999999
  0
LINE
  5
E2A
100
AcDbEntity
  8
parts layout
  6
CONTINUOUS
 62
  256
370
   -1
100
AcDbLine
 10
31.10000000000001
 20
29.43389999999999
 11
31.10000000000001
 21
30.43389999999999
  0
LINE
  5
E2B
100
AcDbEntity
  8
parts layout
  6
CONTINUOUS
 62
  256
370
   -1
100
AcDbLine
 10
31.10000000000001
 20
30.43389999999999
 11
31.100295
 21
30.43689999999999
  0
LINE
  5
E2C
100
AcDbEntity
  8
parts layout
  6
CONTINUOUS
 62
  256
370
   -1
100
AcDbLine
 10
31.100295
 20
30.43689999999999
 11
31.100094
 21
30.437644
  0
LINE
  5
E2D
100
AcDbEntity
  8
parts layout
  6
CONTINUOUS
 62
  256
370
   -1
100
AcDbLine
 10
31.100094
 20
30.437644
 11
31.13138600000001
 21
30.707586
  0
LINE
  5
E2E
100
AcDbEntity
  8
parts layout
  6
CONTINUOUS
 62
  256
370
   -1
100
AcDbLine
 10
31.13138600000001
 20
30.707586
 11
31.19764500000001
 21
30.971135
  0
LINE
  5
E2F
100
AcDbEntity
  8
parts layout
  6
CONTINUOUS
 62
  256
370
   -1
100
AcDbLine
 10
31.19764500000001
 20
30.971135
 11
31.297737
 21
31.22378
  0
LINE
  5
E30
100
AcDbEntity
  8
parts layout
  6
CONTINUOUS
 62
  256
370
   -1
100
AcDbLine
 10
31.297737
 20
31.22378
 11
31.42995000000001
 21
31.46119899999999
  0
LINE
  5
E31
100
AcDbEntity
  8
parts layout
  6
CONTINUOUS
 62
  256
370
   -1
100
AcDbLine
 10
31.42995000000001
 20
31.46119899999999
 11
31.592021
 21
31.679329
  0
LINE
  5
E32
100
AcDbEntity
  8
parts layout
  6
CONTINUOUS
 62
  256
370
   -1
100
AcDbLine
 10
31.592021
 20
31.679329
 11
31.781177
 21
31.874439
  0
LINE
  5
E33
100
AcDbEntity
  8
parts layout
  6
CONTINUOUS
 62
  256
370
   -1
100
AcDbLine
 10
31.781177
 20
31.874439
 11
31.99418300000001
 21
32.04319
  0
LINE
  5
E34
100
AcDbEntity
  8
parts layout
  6
CONTINUOUS
 62
  256
370
   -1
100
AcDbLine
 10
31.99418300000001
 20
32.04319
 11
32.22739199999999
 21
32.182694
  0
LINE
  5
E35
100
AcDbEntity
  8
parts layout
  6
CONTINUOUS
 62
  256
370
   -1
100
AcDbLine
 10
32.22739199999999
 20
32.182694
 11
32.476815
 21
32.29056499999999
  0
LINE
  5
E36
100
AcDbEntity
  8
parts layout
  6
CONTINUOUS
 62
  256
370
   -1
100
AcDbLine
 10
32.476815
 20
32.29056499999999
 11
32.738184
 21
32.364957
  0
LINE
  5
E37
100
AcDbEntity
  8
parts layout
  6
CONTINUOUS
 62
  256
370
   -1
100
AcDbLine
 10
32.738184
 20
32.364957
 11
33.00702700000001
 21
32.404597
  0
LINE
  5
E38
100
AcDbEntity
  8
parts layout
  6
CONTINUOUS
 62
  256
370
   -1
100
AcDbLine
 10
33.00702700000001
 20
32.404597
 11
33.27316699999999
 21
32.40872
  0
LINE
  5
E39
100
AcDbEntity
  8
parts layout
  6
CONTINUOUS
 62
  256
370
   -1
100
AcDbLine
 10
33.27316699999999
 20
32.40872
 11
33.27499899999999
 21
32.4089
  0
LINE
  5
E3A
100
AcDbEntity
  8
parts layout
  6
CONTINUOUS
 62
  256
370
   -1
100
AcDbLine
 10
33.27499899999999
 20
32.4089
 11
41.675
 21
32.4089
  0
LINE
  5
E3B
100
AcDbEntity
  8
parts layout
  6
CONTINUOUS
 62
  256
370
   -1
100
AcDbLine
 10
41.675
 20
32.4089
 11
41.689632
 21
32.407459
  0
LINE
  5
E3C
100
AcDbEntity
  8
parts layout
  6
CONTINUOUS
 62
  256
370
   -1
100
AcDbLine
 10
32.171723
 20
27.2839
 11
32.18217199999999
 21
27.2839
  0
LINE
  5
E3D
100
AcDbEntity
  8
parts layout
  6
CONTINUOUS
 62
  256
370
   -1
100
AcDbLine
 10
32.18217199999999
 20
27.2839
 11
32.17206
 21
27.289052
  0
LINE
  5
E3E
100
AcDbEntity
  8
parts layout
  6
CONTINUOUS
 62
  256
370
   -1
100
AcDbLine
 10
32.17206
 20
27.289052
 11
32.171723
 21
27.2839
  0
LINE
  5
E3F
100
AcDbEntity
  8
parts layout
  6
CONTINUOUS
 62
  256
370
   -1
100
AcDbLine
 10
62.259632
 20
32.717459
 11
62.28666800000001
 21
32.70625999999999
  0
LINE
  5
E40
100
AcDbEntity
  8
parts layout
  6
CONTINUOUS
 62
  256
370
   -1
100
AcDbLine
 10
62.28666800000001
 20
32.70625999999999
 11
62.30736
 21
32.685568
  0
LINE
  5
E41
100
AcDbEntity
  8
parts layout
  6
CONTINUOUS
 62
  256
370
   -1
100
AcDbLine
 10
62.30736
 20
32.685568
 11
62.31855900000001
 21
32.65853199999999
  0
LINE
  5
E42
100
AcDbEntity
  8
parts layout
  6
CONTINUOUS
 62
  256
370
   -1
100
AcDbLine
 10
62.31855900000001
 20
32.65853199999999
 11
62.32000000000001
 21
32.6439
  0
LINE
  5
E43
100
AcDbEntity
  8
parts layout
  6
CONTINUOUS
 62
  256
370
   -1
100
AcDbLine
 10
62.32000000000001
 20
32.6439
 11
62.32000000000001
 21
27.6439
  0
LINE
  5
E44
100
AcDbEntity
  8
parts layout
  6
CONTINUOUS
 62
  256
370
   -1
100
AcDbLine
 10
62.32000000000001
 20
27.6439
 11
62.31855900000001
 21
27.629268
  0
LINE
  5
E45
100
AcDbEntity
  8
parts layout
  6
CONTINUOUS
 62
  256
370
   -1
100
AcDbLine
 10
62.31855900000001
 20
27.629268
 11
62.30736
 21
27.60223199999999
  0
LINE
  5
E46
100
AcDbEntity
  8
parts layout
  6
CONTINUOUS
 62
  256
370
   -1
100
AcDbLine
 10
62.30736
 20
27.60223199999999
 11
62.28666800000001
 21
27.58154
  0
LINE
  5
E47
100
AcDbEntity
  8
parts layout
  6
CONTINUOUS
 62
  256
370
   -1
100
AcDbLine
 10
62.28666800000001
 20
27.58154
 11
62.259632
 21
27.570341
  0
LINE
  5
E48
100
AcDbEntity
  8
parts layout
  6
CONTINUOUS
 62
  256
370
   -1
100
AcDbLine
 10
62.259632
 20
27.570341
 11
62.24499999999999
 21
27.5689
  0
LINE
  5
E49
100
AcDbEntity
  8
parts layout
  6
CONTINUOUS
 62
  256
370
   -1
100
AcDbLine
 10
62.24499999999999
 20
27.5689
 11
52.24499999999999
 21
27.5689
  0
LINE
  5
E4A
100
AcDbEntity
  8
parts layout
  6
CONTINUOUS
 62
  256
370
   -1
100
AcDbLine
 10
52.24499999999999
 20
27.5689
 11
52.23036799999998
 21
27.570341
  0
LINE
  5
E4B
100
AcDbEntity
  8
parts layout
  6
CONTINUOUS
 62
  256
370
   -1
100
AcDbLine
 10
52.23036799999998
 20
27.570341
 11
52.203332
 21
27.58154
  0
LINE
  5
E4C
100
AcDbEntity
  8
parts layout
  6
CONTINUOUS
 62
  256
370
   -1
100
AcDbLine
 10
52.203332
 20
27.58154
 11
52.18264000000001
 21
27.60223199999999
  0
LINE
  5
E4D
100
AcDbEntity
  8
parts layout
  6
CONTINUOUS
 62
  256
370
   -1
100
AcDbLine
 10
52.18264000000001
 20
27.60223199999999
 11
52.171441
 21
27.629268
  0
LINE
  5
E4E
100
AcDbEntity
  8
parts layout
  6
CONTINUOUS
 62
  256
370
   -1
100
AcDbLine
 10
52.171441
 20
27.629268
 11
52.17
 21
27.6439
  0
LINE
  5
E4F
100
AcDbEntity
  8
parts layout
  6
CONTINUOUS
 62
  256
370
   -1
100
AcDbLine
 10
52.17
 20
27.6439
 11
52.17
 21
32.6439
  0
LINE
  5
E50
100
AcDbEntity
  8
parts layout
  6
CONTINUOUS
 62
  256
370
   -1
100
AcDbLine
 10
52.17
 20
32.6439
 11
52.171441
 21
32.65853199999999
  0
LINE
  5
E51
100
AcDbEntity
  8
parts layout
  6
CONTINUOUS
 62
  256
370
   -1
100
AcDbLine
 10
52.171441
 20
32.65853199999999
 11
52.18264000000001
 21
32.685568
  0
LINE
  5
E52
100
AcDbEntity
  8
parts layout
  6
CONTINUOUS
 62
  256
370
   -1
100
AcDbLine
 10
52.18264000000001
 20
32.685568
 11
52.203332
 21
32.70625999999999
  0
LINE
  5
E53
100
AcDbEntity
  8
parts layout
  6
CONTINUOUS
 62
  256
370
   -1
100
AcDbLine
 10
52.203332
 20
32.70625999999999
 11
52.23036799999998
 21
32.717459
  0
LINE
  5
E54
100
AcDbEntity
  8
parts layout
  6
CONTINUOUS
 62
  256
370
   -1
100
AcDbLine
 10
52.23036799999998
 20
32.717459
 11
52.24499999999999
 21
32.7189
  0
LINE
  5
E55
100
AcDbEntity
  8
parts layout
  6
CONTINUOUS
 62
  256
370
   -1
100
AcDbLine
 10
52.24499999999999
 20
32.7189
 11
62.24499999999999
 21
32.7189
  0
LINE
  5
E56
100
AcDbEntity
  8
parts layout
  6
CONTINUOUS
 62
  256
370
   -1
100
AcDbLine
 10
62.24499999999999
 20
32.7189
 11
62.259632
 21
32.717459
  0
LINE
  5
E57
100
AcDbEntity
  8
parts layout
  6
CONTINUOUS
 62
  256
370
   -1
100
AcDbLine
 10
52.32000000000001
 20
32.56889999999999
 11
52.32000000000001
 21
27.7189
  0
LINE
  5
E58
100
AcDbEntity
  8
parts layout
  6
CONTINUOUS
 62
  256
370
   -1
100
AcDbLine
 10
52.32000000000001
 20
27.7189
 11
62.17
 21
27.7189
  0
LINE
  5
E59
100
AcDbEntity
  8
parts layout
  6
CONTINUOUS
 62
  256
370
   -1
100
AcDbLine
 10
62.17
 20
27.7189
 11
62.17
 21
32.56889999999999
  0
LINE
  5
E5A
100
AcDbEntity
  8
parts layout
  6
CONTINUOUS
 62
  256
370
   -1
100
AcDbLine
 10
62.17
 20
32.56889999999999
 11
52.32000000000001
 21
32.56889999999999
  0
LINE
  5
E5B
100
AcDbEntity
  8
parts layout
  6
CONTINUOUS
 62
  256
370
   -1
100
AcDbLine
 10
-15.460368
 20
34.312459
 11
-15.43333200000001
 21
34.30126
  0
LINE
  5
E5C
100
AcDbEntity
  8
parts layout
  6
CONTINUOUS
 62
  256
370
   -1
100
AcDbLine
 10
-15.43333200000001
 20
34.30126
 11
-15.41264
 21
34.280568
  0
LINE
  5
E5D
100
AcDbEntity
  8
parts layout
  6
CONTINUOUS
 62
  256
370
   -1
100
AcDbLine
 10
-15.41264
 20
34.280568
 11
-15.40144100000001
 21
34.25353199999999
  0
LINE
  5
E5E
100
AcDbEntity
  8
parts layout
  6
CONTINUOUS
 62
  256
370
   -1
100
AcDbLine
 10
-15.40144100000001
 20
34.25353199999999
 11
-15.40000000000001
 21
34.23889999999999
  0
LINE
  5
E5F
100
AcDbEntity
  8
parts layout
  6
CONTINUOUS
 62
  256
370
   -1
100
AcDbLine
 10
-15.40000000000001
 20
34.23889999999999
 11
-15.40000000000001
 21
33.88889999999999
  0
LINE
  5
E60
100
AcDbEntity
  8
parts layout
  6
CONTINUOUS
 62
  256
370
   -1
100
AcDbLine
 10
-15.40000000000001
 20
33.88889999999999
 11
-15.40144100000001
 21
33.87426799999999
  0
LINE
  5
E61
100
AcDbEntity
  8
parts layout
  6
CONTINUOUS
 62
  256
370
   -1
100
AcDbLine
 10
-15.40144100000001
 20
33.87426799999999
 11
-15.41264
 21
33.847232
  0
LINE
  5
E62
100
AcDbEntity
  8
parts layout
  6
CONTINUOUS
 62
  256
370
   -1
100
AcDbLine
 10
-15.41264
 20
33.847232
 11
-15.43333200000001
 21
33.82653999999999
  0
LINE
  5
E63
100
AcDbEntity
  8
parts layout
  6
CONTINUOUS
 62
  256
370
   -1
100
AcDbLine
 10
-15.43333200000001
 20
33.82653999999999
 11
-15.460368
 21
33.815341
  0
LINE
  5
E64
100
AcDbEntity
  8
parts layout
  6
CONTINUOUS
 62
  256
370
   -1
100
AcDbLine
 10
-15.460368
 20
33.815341
 11
-15.47499999999999
 21
33.8139
  0
LINE
  5
E65
100
AcDbEntity
  8
parts layout
  6
CONTINUOUS
 62
  256
370
   -1
100
AcDbLine
 10
-15.47499999999999
 20
33.8139
 11
-15.62
 21
33.8139
  0
LINE
  5
E66
100
AcDbEntity
  8
parts layout
  6
CONTINUOUS
 62
  256
370
   -1
100
AcDbLine
 10
-15.62
 20
33.8139
 11
-15.62
 21
31.728438
  0
LINE
  5
E67
100
AcDbEntity
  8
parts layout
  6
CONTINUOUS
 62
  256
370
   -1
100
AcDbLine
 10
-15.62
 20
31.728438
 11
-15.58490399999999
 21
31.7139
  0
LINE
  5
E68
100
AcDbEntity
  8
parts layout
  6
CONTINUOUS
 62
  256
370
   -1
100
AcDbLine
 10
-15.58490399999999
 20
31.7139
 11
-15.47499999999999
 21
31.7139
  0
LINE
  5
E69
100
AcDbEntity
  8
parts layout
  6
CONTINUOUS
 62
  256
370
   -1
100
AcDbLine
 10
-15.47499999999999
 20
31.7139
 11
-15.460368
 21
31.712459
  0
LINE
  5
E6A
100
AcDbEntity
  8
parts layout
  6
CONTINUOUS
 62
  256
370
   -1
100
AcDbLine
 10
-15.460368
 20
31.712459
 11
-15.43333200000001
 21
31.70126
  0
LINE
  5
E6B
100
AcDbEntity
  8
parts layout
  6
CONTINUOUS
 62
  256
370
   -1
100
AcDbLine
 10
-15.43333200000001
 20
31.70126
 11
-15.41264
 21
31.68056799999999
  0
LINE
  5
E6C
100
AcDbEntity
  8
parts layout
  6
CONTINUOUS
 62
  256
370
   -1
100
AcDbLine
 10
-15.41264
 20
31.68056799999999
 11
-15.40144100000001
 21
31.653532
  0
LINE
  5
E6D
100
AcDbEntity
  8
parts layout
  6
CONTINUOUS
 62
  256
370
   -1
100
AcDbLine
 10
-15.40144100000001
 20
31.653532
 11
-15.40000000000001
 21
31.63889999999999
  0
LINE
  5
E6E
100
AcDbEntity
  8
parts layout
  6
CONTINUOUS
 62
  256
370
   -1
100
AcDbLine
 10
-15.40000000000001
 20
31.63889999999999
 11
-15.40000000000001
 21
30.63889999999999
  0
LINE
  5
E6F
100
AcDbEntity
  8
parts layout
  6
CONTINUOUS
 62
  256
370
   -1
100
AcDbLine
 10
-15.40000000000001
 20
30.63889999999999
 11
-15.40144100000001
 21
30.62426799999999
  0
LINE
  5
E70
100
AcDbEntity
  8
parts layout
  6
CONTINUOUS
 62
  256
370
   -1
100
AcDbLine
 10
-15.40144100000001
 20
30.62426799999999
 11
-15.41264
 21
30.597232
  0
LINE
  5
E71
100
AcDbEntity
  8
parts layout
  6
CONTINUOUS
 62
  256
370
   -1
100
AcDbLine
 10
-15.41264
 20
30.597232
 11
-15.43333200000001
 21
30.57653999999999
  0
LINE
  5
E72
100
AcDbEntity
  8
parts layout
  6
CONTINUOUS
 62
  256
370
   -1
100
AcDbLine
 10
-15.43333200000001
 20
30.57653999999999
 11
-15.460368
 21
30.565341
  0
LINE
  5
E73
100
AcDbEntity
  8
parts layout
  6
CONTINUOUS
 62
  256
370
   -1
100
AcDbLine
 10
-15.460368
 20
30.565341
 11
-15.47499999999999
 21
30.5639
  0
LINE
  5
E74
100
AcDbEntity
  8
parts layout
  6
CONTINUOUS
 62
  256
370
   -1
100
AcDbLine
 10
-15.47499999999999
 20
30.5639
 11
-20.47499999999999
 21
30.5639
  0
LINE
  5
E75
100
AcDbEntity
  8
parts layout
  6
CONTINUOUS
 62
  256
370
   -1
100
AcDbLine
 10
-20.47499999999999
 20
30.5639
 11
-20.476767
 21
30.564074
  0
LINE
  5
E76
100
AcDbEntity
  8
parts layout
  6
CONTINUOUS
 62
  256
370
   -1
100
AcDbLine
 10
-20.476767
 20
30.564074
 11
-20.47724600000001
 21
30.563934
  0
LINE
  5
E77
100
AcDbEntity
  8
parts layout
  6
CONTINUOUS
 62
  256
370
   -1
100
AcDbLine
 10
-20.47724600000001
 20
30.563934
 11
-20.605385
 21
30.56783799999999
  0
LINE
  5
E78
100
AcDbEntity
  8
parts layout
  6
CONTINUOUS
 62
  256
370
   -1
100
AcDbLine
 10
-20.605385
 20
30.56783799999999
 11
-20.755759
 21
30.553931
  0
LINE
  5
E79
100
AcDbEntity
  8
parts layout
  6
CONTINUOUS
 62
  256
370
   -1
100
AcDbLine
 10
-20.755759
 20
30.553931
 11
-20.760109
 21
30.552279
  0
LINE
  5
E7A
100
AcDbEntity
  8
parts layout
  6
CONTINUOUS
 62
  256
370
   -1
100
AcDbLine
 10
-20.760109
 20
30.552279
 11
-20.879032
 21
30.54023299999999
  0
LINE
  5
E7B
100
AcDbEntity
  8
parts layout
  6
CONTINUOUS
 62
  256
370
   -1
100
AcDbLine
 10
-20.879032
 20
30.54023299999999
 11
-21.111222
 21
30.489673
  0
LINE
  5
E7C
100
AcDbEntity
  8
parts layout
  6
CONTINUOUS
 62
  256
370
   -1
100
AcDbLine
 10
-21.111222
 20
30.489673
 11
-21.353235
 21
30.404996
  0
LINE
  5
E7D
100
AcDbEntity
  8
parts layout
  6
CONTINUOUS
 62
  256
370
   -1
100
AcDbLine
 10
-21.353235
 20
30.404996
 11
-21.583124
 21
30.291456
  0
LINE
  5
E7E
100
AcDbEntity
  8
parts layout
  6
CONTINUOUS
 62
  256
370
   -1
100
AcDbLine
 10
-21.583124
 20
30.291456
 11
-21.797462
 21
30.150746
  0
LINE
  5
E7F
100
AcDbEntity
  8
parts layout
  6
CONTINUOUS
 62
  256
370
   -1
100
AcDbLine
 10
-21.797462
 20
30.150746
 11
-21.993054
 21
29.984964
  0
LINE
  5
E80
100
AcDbEntity
  8
parts layout
  6
CONTINUOUS
 62
  256
370
   -1
100
AcDbLine
 10
-21.993054
 20
29.984964
 11
-22.166985
 21
29.796581
  0
LINE
  5
E81
100
AcDbEntity
  8
parts layout
  6
CONTINUOUS
 62
  256
370
   -1
100
AcDbLine
 10
-22.166985
 20
29.796581
 11
-22.31666200000001
 21
29.58840499999999
  0
LINE
  5
E82
100
AcDbEntity
  8
parts layout
  6
CONTINUOUS
 62
  256
370
   -1
100
AcDbLine
 10
-22.31666200000001
 20
29.58840499999999
 11
-22.439852
 21
29.363539
  0
LINE
  5
E83
100
AcDbEntity
  8
parts layout
  6
CONTINUOUS
 62
  256
370
   -1
100
AcDbLine
 10
-22.439852
 20
29.363539
 11
-22.53472000000001
 21
29.12533699999999
  0
LINE
  5
E84
100
AcDbEntity
  8
parts layout
  6
CONTINUOUS
 62
  256
370
   -1
100
AcDbLine
 10
-22.53472000000001
 20
29.12533699999999
 11
-22.599851
 21
28.877349
  0
LINE
  5
E85
100
AcDbEntity
  8
parts layout
  6
CONTINUOUS
 62
  256
370
   -1
100
AcDbLine
 10
-22.599851
 20
28.877349
 11
-22.616997
 21
28.750302
  0
LINE
  5
E86
100
AcDbEntity
  8
parts layout
  6
CONTINUOUS
 62
  256
370
   -1
100
AcDbLine
 10
-22.616997
 20
28.750302
 11
-22.621441
 21
28.741075
  0
LINE
  5
E87
100
AcDbEntity
  8
parts layout
  6
CONTINUOUS
 62
  256
370
   -1
100
AcDbLine
 10
-22.621441
 20
28.741075
 11
-22.621441
 21
28.724268
  0
LINE
  5
E88
100
AcDbEntity
  8
parts layout
  6
CONTINUOUS
 62
  256
370
   -1
100
AcDbLine
 10
-22.621441
 20
28.724268
 11
-22.63263999999999
 21
28.69723199999999
  0
LINE
  5
E89
100
AcDbEntity
  8
parts layout
  6
CONTINUOUS
 62
  256
370
   -1
100
AcDbLine
 10
-22.63263999999999
 20
28.69723199999999
 11
-22.65333200000001
 21
28.67654
  0
LINE
  5
E8A
100
AcDbEntity
  8
parts layout
  6
CONTINUOUS
 62
  256
370
   -1
100
AcDbLine
 10
-22.65333200000001
 20
28.67654
 11
-22.680368
 21
28.665341
  0
LINE
  5
E8B
100
AcDbEntity
  8
parts layout
  6
CONTINUOUS
 62
  256
370
   -1
100
AcDbLine
 10
-22.680368
 20
28.665341
 11
-22.69500000000001
 21
28.6639
  0
LINE
  5
E8C
100
AcDbEntity
  8
parts layout
  6
CONTINUOUS
 62
  256
370
   -1
100
AcDbLine
 10
-22.69500000000001
 20
28.6639
 11
-25.97499999999999
 21
28.6639
  0
LINE
  5
E8D
100
AcDbEntity
  8
parts layout
  6
CONTINUOUS
 62
  256
370
   -1
100
AcDbLine
 10
-25.97499999999999
 20
28.6639
 11
-25.989632
 21
28.665341
  0
LINE
  5
E8E
100
AcDbEntity
  8
parts layout
  6
CONTINUOUS
 62
  256
370
   -1
100
AcDbLine
 10
-25.989632
 20
28.665341
 11
-26.016668
 21
28.67654
  0
LINE
  5
E8F
100
AcDbEntity
  8
parts layout
  6
CONTINUOUS
 62
  256
370
   -1
100
AcDbLine
 10
-26.016668
 20
28.67654
 11
-26.03736000000001
 21
28.69723199999999
  0
LINE
  5
E90
100
AcDbEntity
  8
parts layout
  6
CONTINUOUS
 62
  256
370
   -1
100
AcDbLine
 10
-26.03736000000001
 20
28.69723199999999
 11
-26.048559
 21
28.724268
  0
LINE
  5
E91
100
AcDbEntity
  8
parts layout
  6
CONTINUOUS
 62
  256
370
   -1
100
AcDbLine
 10
-26.048559
 20
28.724268
 11
-26.05
 21
28.73889999999999
  0
LINE
  5
E92
100
AcDbEntity
  8
parts layout
  6
CONTINUOUS
 62
  256
370
   -1
100
AcDbLine
 10
-26.05
 20
28.73889999999999
 11
-26.05
 21
29.09889999999999
  0
LINE
  5
E93
100
AcDbEntity
  8
parts layout
  6
CONTINUOUS
 62
  256
370
   -1
100
AcDbLine
 10
-26.05
 20
29.09889999999999
 11
-26.048559
 21
29.113532
  0
LINE
  5
E94
100
AcDbEntity
  8
parts layout
  6
CONTINUOUS
 62
  256
370
   -1
100
AcDbLine
 10
-26.048559
 20
29.113532
 11
-26.03736000000001
 21
29.14056799999999
  0
LINE
  5
E95
100
AcDbEntity
  8
parts layout
  6
CONTINUOUS
 62
  256
370
   -1
100
AcDbLine
 10
-26.03736000000001
 20
29.14056799999999
 11
-26.016668
 21
29.16126
  0
LINE
  5
E96
100
AcDbEntity
  8
parts layout
  6
CONTINUOUS
 62
  256
370
   -1
100
AcDbLine
 10
-26.016668
 20
29.16126
 11
-25.989632
 21
29.172459
  0
LINE
  5
E97
100
AcDbEntity
  8
parts layout
  6
CONTINUOUS
 62
  256
370
   -1
100
AcDbLine
 10
-25.989632
 20
29.172459
 11
-25.97499999999999
 21
29.1739
  0
LINE
  5
E98
100
AcDbEntity
  8
parts layout
  6
CONTINUOUS
 62
  256
370
   -1
100
AcDbLine
 10
-25.97499999999999
 20
29.1739
 11
-25.848388
 21
29.1739
  0
LINE
  5
E99
100
AcDbEntity
  8
parts layout
  6
CONTINUOUS
 62
  256
370
   -1
100
AcDbLine
 10
-25.848388
 20
29.1739
 11
-25.823773
 21
29.184096
  0
LINE
  5
E9A
100
AcDbEntity
  8
parts layout
  6
CONTINUOUS
 62
  256
370
   -1
100
AcDbLine
 10
-25.823773
 20
29.184096
 11
-25.82000000000001
 21
29.184468
  0
LINE
  5
E9B
100
AcDbEntity
  8
parts layout
  6
CONTINUOUS
 62
  256
370
   -1
100
AcDbLine
 10
-25.82000000000001
 20
29.184468
 11
-25.82000000000001
 21
31.26389999999999
  0
LINE
  5
E9C
100
AcDbEntity
  8
parts layout
  6
CONTINUOUS
 62
  256
370
   -1
100
AcDbLine
 10
-25.82000000000001
 20
31.26389999999999
 11
-25.97499999999999
 21
31.26389999999999
  0
LINE
  5
E9D
100
AcDbEntity
  8
parts layout
  6
CONTINUOUS
 62
  256
370
   -1
100
AcDbLine
 10
-25.97499999999999
 20
31.26389999999999
 11
-25.989632
 21
31.26534099999999
  0
LINE
  5
E9E
100
AcDbEntity
  8
parts layout
  6
CONTINUOUS
 62
  256
370
   -1
100
AcDbLine
 10
-25.989632
 20
31.26534099999999
 11
-26.016668
 21
31.27654
  0
LINE
  5
E9F
100
AcDbEntity
  8
parts layout
  6
CONTINUOUS
 62
  256
370
   -1
100
AcDbLine
 10
-26.016668
 20
31.27654
 11
-26.03736000000001
 21
31.29723199999999
  0
LINE
  5
EA0
100
AcDbEntity
  8
parts layout
  6
CONTINUOUS
 62
  256
370
   -1
100
AcDbLine
 10
-26.03736000000001
 20
31.29723199999999
 11
-26.048559
 21
31.324268
  0
LINE
  5
EA1
100
AcDbEntity
  8
parts layout
  6
CONTINUOUS
 62
  256
370
   -1
100
AcDbLine
 10
-26.048559
 20
31.324268
 11
-26.05
 21
31.3389
  0
LINE
  5
EA2
100
AcDbEntity
  8
parts layout
  6
CONTINUOUS
 62
  256
370
   -1
100
AcDbLine
 10
-26.05
 20
31.3389
 11
-26.05
 21
32.3389
  0
LINE
  5
EA3
100
AcDbEntity
  8
parts layout
  6
CONTINUOUS
 62
  256
370
   -1
100
AcDbLine
 10
-26.05
 20
32.3389
 11
-26.049705
 21
32.3419
  0
LINE
  5
EA4
100
AcDbEntity
  8
parts layout
  6
CONTINUOUS
 62
  256
370
   -1
100
AcDbLine
 10
-26.049705
 20
32.3419
 11
-26.04990600000001
 21
32.34264399999999
  0
LINE
  5
EA5
100
AcDbEntity
  8
parts layout
  6
CONTINUOUS
 62
  256
370
   -1
100
AcDbLine
 10
-26.04990600000001
 20
32.34264399999999
 11
-26.018614
 21
32.61258599999999
  0
LINE
  5
EA6
100
AcDbEntity
  8
parts layout
  6
CONTINUOUS
 62
  256
370
   -1
100
AcDbLine
 10
-26.018614
 20
32.61258599999999
 11
-25.952355
 21
32.876135
  0
LINE
  5
EA7
100
AcDbEntity
  8
parts layout
  6
CONTINUOUS
 62
  256
370
   -1
100
AcDbLine
 10
-25.952355
 20
32.876135
 11
-25.85226300000001
 21
33.12878
  0
LINE
  5
EA8
100
AcDbEntity
  8
parts layout
  6
CONTINUOUS
 62
  256
370
   -1
100
AcDbLine
 10
-25.85226300000001
 20
33.12878
 11
-25.72005
 21
33.36619899999999
  0
LINE
  5
EA9
100
AcDbEntity
  8
parts layout
  6
CONTINUOUS
 62
  256
370
   -1
100
AcDbLine
 10
-25.72005
 20
33.36619899999999
 11
-25.557979
 21
33.584329
  0
LINE
  5
EAA
100
AcDbEntity
  8
parts layout
  6
CONTINUOUS
 62
  256
370
   -1
100
AcDbLine
 10
-25.557979
 20
33.584329
 11
-25.36882300000001
 21
33.779439
  0
LINE
  5
EAB
100
AcDbEntity
  8
parts layout
  6
CONTINUOUS
 62
  256
370
   -1
100
AcDbLine
 10
-25.36882300000001
 20
33.779439
 11
-25.155817
 21
33.94819
  0
LINE
  5
EAC
100
AcDbEntity
  8
parts layout
  6
CONTINUOUS
 62
  256
370
   -1
100
AcDbLine
 10
-25.155817
 20
33.94819
 11
-24.922608
 21
34.087694
  0
LINE
  5
EAD
100
AcDbEntity
  8
parts layout
  6
CONTINUOUS
 62
  256
370
   -1
100
AcDbLine
 10
-24.922608
 20
34.087694
 11
-24.673185
 21
34.19556499999999
  0
LINE
  5
EAE
100
AcDbEntity
  8
parts layout
  6
CONTINUOUS
 62
  256
370
   -1
100
AcDbLine
 10
-24.673185
 20
34.19556499999999
 11
-24.411816
 21
34.269957
  0
LINE
  5
EAF
100
AcDbEntity
  8
parts layout
  6
CONTINUOUS
 62
  256
370
   -1
100
AcDbLine
 10
-24.411816
 20
34.269957
 11
-24.142973
 21
34.309597
  0
LINE
  5
EB0
100
AcDbEntity
  8
parts layout
  6
CONTINUOUS
 62
  256
370
   -1
100
AcDbLine
 10
-24.142973
 20
34.309597
 11
-23.876833
 21
34.31372
  0
LINE
  5
EB1
100
AcDbEntity
  8
parts layout
  6
CONTINUOUS
 62
  256
370
   -1
100
AcDbLine
 10
-23.876833
 20
34.31372
 11
-23.875001
 21
34.3139
  0
LINE
  5
EB2
100
AcDbEntity
  8
parts layout
  6
CONTINUOUS
 62
  256
370
   -1
100
AcDbLine
 10
-23.875001
 20
34.3139
 11
-15.47499999999999
 21
34.3139
  0
LINE
  5
EB3
100
AcDbEntity
  8
parts layout
  6
CONTINUOUS
 62
  256
370
   -1
100
AcDbLine
 10
-15.47499999999999
 20
34.3139
 11
-15.460368
 21
34.312459
  0
LINE
  5
EB4
100
AcDbEntity
  8
parts layout
  6
CONTINUOUS
 62
  256
370
   -1
100
AcDbLine
 10
-24.97827700000001
 20
29.1889
 11
-24.967828
 21
29.1889
  0
LINE
  5
EB5
100
AcDbEntity
  8
parts layout
  6
CONTINUOUS
 62
  256
370
   -1
100
AcDbLine
 10
-24.967828
 20
29.1889
 11
-24.97794
 21
29.194052
  0
LINE
  5
EB6
100
AcDbEntity
  8
parts layout
  6
CONTINUOUS
 62
  256
370
   -1
100
AcDbLine
 10
-24.97794
 20
29.194052
 11
-24.97827700000001
 21
29.1889
  0
LINE
  5
EB7
100
AcDbEntity
  8
parts layout
  6
CONTINUOUS
 62
  256
370
   -1
100
AcDbLine
 10
22.63963199999999
 20
34.312459
 11
22.666668
 21
34.30126
  0
LINE
  5
EB8
100
AcDbEntity
  8
parts layout
  6
CONTINUOUS
 62
  256
370
   -1
100
AcDbLine
 10
22.666668
 20
34.30126
 11
22.68736
 21
34.280568
  0
LINE
  5
EB9
100
AcDbEntity
  8
parts layout
  6
CONTINUOUS
 62
  256
370
   -1
100
AcDbLine
 10
22.68736
 20
34.280568
 11
22.698559
 21
34.25353199999999
  0
LINE
  5
EBA
100
AcDbEntity
  8
parts layout
  6
CONTINUOUS
 62
  256
370
   -1
100
AcDbLine
 10
22.698559
 20
34.25353199999999
 11
22.7
 21
34.23889999999999
  0
LINE
  5
EBB
100
AcDbEntity
  8
parts layout
  6
CONTINUOUS
 62
  256
370
   -1
100
AcDbLine
 10
22.7
 20
34.23889999999999
 11
22.7
 21
33.88889999999999
  0
LINE
  5
EBC
100
AcDbEntity
  8
parts layout
  6
CONTINUOUS
 62
  256
370
   -1
100
AcDbLine
 10
22.7
 20
33.88889999999999
 11
22.698559
 21
33.87426799999999
  0
LINE
  5
EBD
100
AcDbEntity
  8
parts layout
  6
CONTINUOUS
 62
  256
370
   -1
100
AcDbLine
 10
22.698559
 20
33.87426799999999
 11
22.68736
 21
33.847232
  0
LINE
  5
EBE
100
AcDbEntity
  8
parts layout
  6
CONTINUOUS
 62
  256
370
   -1
100
AcDbLine
 10
22.68736
 20
33.847232
 11
22.666668
 21
33.82653999999999
  0
LINE
  5
EBF
100
AcDbEntity
  8
parts layout
  6
CONTINUOUS
 62
  256
370
   -1
100
AcDbLine
 10
22.666668
 20
33.82653999999999
 11
22.63963199999999
 21
33.815341
  0
LINE
  5
EC0
100
AcDbEntity
  8
parts layout
  6
CONTINUOUS
 62
  256
370
   -1
100
AcDbLine
 10
22.63963199999999
 20
33.815341
 11
22.62499999999999
 21
33.8139
  0
LINE
  5
EC1
100
AcDbEntity
  8
parts layout
  6
CONTINUOUS
 62
  256
370
   -1
100
AcDbLine
 10
22.62499999999999
 20
33.8139
 11
22.48
 21
33.8139
  0
LINE
  5
EC2
100
AcDbEntity
  8
parts layout
  6
CONTINUOUS
 62
  256
370
   -1
100
AcDbLine
 10
22.48
 20
33.8139
 11
22.48
 21
31.728438
  0
LINE
  5
EC3
100
AcDbEntity
  8
parts layout
  6
CONTINUOUS
 62
  256
370
   -1
100
AcDbLine
 10
22.48
 20
31.728438
 11
22.51509599999999
 21
31.7139
  0
LINE
  5
EC4
100
AcDbEntity
  8
parts layout
  6
CONTINUOUS
 62
  256
370
   -1
100
AcDbLine
 10
22.51509599999999
 20
31.7139
 11
22.62499999999999
 21
31.7139
  0
LINE
  5
EC5
100
AcDbEntity
  8
parts layout
  6
CONTINUOUS
 62
  256
370
   -1
100
AcDbLine
 10
22.62499999999999
 20
31.7139
 11
22.63963199999999
 21
31.712459
  0
LINE
  5
EC6
100
AcDbEntity
  8
parts layout
  6
CONTINUOUS
 62
  256
370
   -1
100
AcDbLine
 10
22.63963199999999
 20
31.712459
 11
22.666668
 21
31.70126
  0
LINE
  5
EC7
100
AcDbEntity
  8
parts layout
  6
CONTINUOUS
 62
  256
370
   -1
100
AcDbLine
 10
22.666668
 20
31.70126
 11
22.68736
 21
31.68056799999999
  0
LINE
  5
EC8
100
AcDbEntity
  8
parts layout
  6
CONTINUOUS
 62
  256
370
   -1
100
AcDbLine
 10
22.68736
 20
31.68056799999999
 11
22.698559
 21
31.653532
  0
LINE
  5
EC9
100
AcDbEntity
  8
parts layout
  6
CONTINUOUS
 62
  256
370
   -1
100
AcDbLine
 10
22.698559
 20
31.653532
 11
22.7
 21
31.63889999999999
  0
LINE
  5
ECA
100
AcDbEntity
  8
parts layout
  6
CONTINUOUS
 62
  256
370
   -1
100
AcDbLine
 10
22.7
 20
31.63889999999999
 11
22.7
 21
30.63889999999999
  0
LINE
  5
ECB
100
AcDbEntity
  8
parts layout
  6
CONTINUOUS
 62
  256
370
   -1
100
AcDbLine
 10
22.7
 20
30.63889999999999
 11
22.698559
 21
30.62426799999999
  0
LINE
  5
ECC
100
AcDbEntity
  8
parts layout
  6
CONTINUOUS
 62
  256
370
   -1
100
AcDbLine
 10
22.698559
 20
30.62426799999999
 11
22.68736
 21
30.597232
  0
LINE
  5
ECD
100
AcDbEntity
  8
parts layout
  6
CONTINUOUS
 62
  256
370
   -1
100
AcDbLine
 10
22.68736
 20
30.597232
 11
22.666668
 21
30.57653999999999
  0
LINE
  5
ECE
100
AcDbEntity
  8
parts layout
  6
CONTINUOUS
 62
  256
370
   -1
100
AcDbLine
 10
22.666668
 20
30.57653999999999
 11
22.63963199999999
 21
30.565341
  0
LINE
  5
ECF
100
AcDbEntity
  8
parts layout
  6
CONTINUOUS
 62
  256
370
   -1
100
AcDbLine
 10
22.63963199999999
 20
30.565341
 11
22.62499999999999
 21
30.5639
  0
LINE
  5
ED0
100
AcDbEntity
  8
parts layout
  6
CONTINUOUS
 62
  256
370
   -1
100
AcDbLine
 10
22.62499999999999
 20
30.5639
 11
17.625
 21
30.5639
  0
LINE
  5
ED1
100
AcDbEntity
  8
parts layout
  6
CONTINUOUS
 62
  256
370
   -1
100
AcDbLine
 10
17.625
 20
30.5639
 11
17.623233
 21
30.564074
  0
LINE
  5
ED2
100
AcDbEntity
  8
parts layout
  6
CONTINUOUS
 62
  256
370
   -1
100
AcDbLine
 10
17.623233
 20
30.564074
 11
17.622754
 21
30.563934
  0
LINE
  5
ED3
100
AcDbEntity
  8
parts layout
  6
CONTINUOUS
 62
  256
370
   -1
100
AcDbLine
 10
17.622754
 20
30.563934
 11
17.494615
 21
30.56783799999999
  0
LINE
  5
ED4
100
AcDbEntity
  8
parts layout
  6
CONTINUOUS
 62
  256
370
   -1
100
AcDbLine
 10
17.494615
 20
30.56783799999999
 11
17.344241
 21
30.553931
  0
LINE
  5
ED5
100
AcDbEntity
  8
parts layout
  6
CONTINUOUS
 62
  256
370
   -1
100
AcDbLine
 10
17.344241
 20
30.553931
 11
17.33989099999999
 21
30.552279
  0
LINE
  5
ED6
100
AcDbEntity
  8
parts layout
  6
CONTINUOUS
 62
  256
370
   -1
100
AcDbLine
 10
17.33989099999999
 20
30.552279
 11
17.220968
 21
30.54023299999999
  0
LINE
  5
ED7
100
AcDbEntity
  8
parts layout
  6
CONTINUOUS
 62
  256
370
   -1
100
AcDbLine
 10
17.220968
 20
30.54023299999999
 11
16.988778
 21
30.489673
  0
LINE
  5
ED8
100
AcDbEntity
  8
parts layout
  6
CONTINUOUS
 62
  256
370
   -1
100
AcDbLine
 10
16.988778
 20
30.489673
 11
16.746765
 21
30.404996
  0
LINE
  5
ED9
100
AcDbEntity
  8
parts layout
  6
CONTINUOUS
 62
  256
370
   -1
100
AcDbLine
 10
16.746765
 20
30.404996
 11
16.516876
 21
30.291456
  0
LINE
  5
EDA
100
AcDbEntity
  8
parts layout
  6
CONTINUOUS
 62
  256
370
   -1
100
AcDbLine
 10
16.516876
 20
30.291456
 11
16.302538
 21
30.150746
  0
LINE
  5
EDB
100
AcDbEntity
  8
parts layout
  6
CONTINUOUS
 62
  256
370
   -1
100
AcDbLine
 10
16.302538
 20
30.150746
 11
16.10694599999999
 21
29.984964
  0
LINE
  5
EDC
100
AcDbEntity
  8
parts layout
  6
CONTINUOUS
 62
  256
370
   -1
100
AcDbLine
 10
16.10694599999999
 20
29.984964
 11
15.933015
 21
29.796581
  0
LINE
  5
EDD
100
AcDbEntity
  8
parts layout
  6
CONTINUOUS
 62
  256
370
   -1
100
AcDbLine
 10
15.933015
 20
29.796581
 11
15.783338
 21
29.58840499999999
  0
LINE
  5
EDE
100
AcDbEntity
  8
parts layout
  6
CONTINUOUS
 62
  256
370
   -1
100
AcDbLine
 10
15.783338
 20
29.58840499999999
 11
15.66014799999999
 21
29.363539
  0
LINE
  5
EDF
100
AcDbEntity
  8
parts layout
  6
CONTINUOUS
 62
  256
370
   -1
100
AcDbLine
 10
15.66014799999999
 20
29.363539
 11
15.56528
 21
29.12533699999999
  0
LINE
  5
EE0
100
AcDbEntity
  8
parts layout
  6
CONTINUOUS
 62
  256
370
   -1
100
AcDbLine
 10
15.56528
 20
29.12533699999999
 11
15.50014899999999
 21
28.877349
  0
LINE
  5
EE1
100
AcDbEntity
  8
parts layout
  6
CONTINUOUS
 62
  256
370
   -1
100
AcDbLine
 10
15.50014899999999
 20
28.877349
 11
15.483003
 21
28.750302
  0
LINE
  5
EE2
100
AcDbEntity
  8
parts layout
  6
CONTINUOUS
 62
  256
370
   -1
100
AcDbLine
 10
15.483003
 20
28.750302
 11
15.478559
 21
28.741075
  0
LINE
  5
EE3
100
AcDbEntity
  8
parts layout
  6
CONTINUOUS
 62
  256
370
   -1
100
AcDbLine
 10
15.478559
 20
28.741075
 11
15.478559
 21
28.724268
  0
LINE
  5
EE4
100
AcDbEntity
  8
parts layout
  6
CONTINUOUS
 62
  256
370
   -1
100
AcDbLine
 10
15.478559
 20
28.724268
 11
15.46736
 21
28.69723199999999
  0
LINE
  5
EE5
100
AcDbEntity
  8
parts layout
  6
CONTINUOUS
 62
  256
370
   -1
100
AcDbLine
 10
15.46736
 20
28.69723199999999
 11
15.446668
 21
28.67654
  0
LINE
  5
EE6
100
AcDbEntity
  8
parts layout
  6
CONTINUOUS
 62
  256
370
   -1
100
AcDbLine
 10
15.446668
 20
28.67654
 11
15.41963199999999
 21
28.665341
  0
LINE
  5
EE7
100
AcDbEntity
  8
parts layout
  6
CONTINUOUS
 62
  256
370
   -1
100
AcDbLine
 10
15.41963199999999
 20
28.665341
 11
15.405
 21
28.6639
  0
LINE
  5
EE8
100
AcDbEntity
  8
parts layout
  6
CONTINUOUS
 62
  256
370
   -1
100
AcDbLine
 10
15.405
 20
28.6639
 11
12.125
 21
28.6639
  0
LINE
  5
EE9
100
AcDbEntity
  8
parts layout
  6
CONTINUOUS
 62
  256
370
   -1
100
AcDbLine
 10
12.125
 20
28.6639
 11
12.11036799999999
 21
28.665341
  0
LINE
  5
EEA
100
AcDbEntity
  8
parts layout
  6
CONTINUOUS
 62
  256
370
   -1
100
AcDbLine
 10
12.11036799999999
 20
28.665341
 11
12.083332
 21
28.67654
  0
LINE
  5
EEB
100
AcDbEntity
  8
parts layout
  6
CONTINUOUS
 62
  256
370
   -1
100
AcDbLine
 10
12.083332
 20
28.67654
 11
12.06264
 21
28.69723199999999
  0
LINE
  5
EEC
100
AcDbEntity
  8
parts layout
  6
CONTINUOUS
 62
  256
370
   -1
100
AcDbLine
 10
12.06264
 20
28.69723199999999
 11
12.051441
 21
28.724268
  0
LINE
  5
EED
100
AcDbEntity
  8
parts layout
  6
CONTINUOUS
 62
  256
370
   -1
100
AcDbLine
 10
12.051441
 20
28.724268
 11
12.05
 21
28.73889999999999
  0
LINE
  5
EEE
100
AcDbEntity
  8
parts layout
  6
CONTINUOUS
 62
  256
370
   -1
100
AcDbLine
 10
12.05
 20
28.73889999999999
 11
12.05
 21
29.09889999999999
  0
LINE
  5
EEF
100
AcDbEntity
  8
parts layout
  6
CONTINUOUS
 62
  256
370
   -1
100
AcDbLine
 10
12.05
 20
29.09889999999999
 11
12.051441
 21
29.113532
  0
LINE
  5
EF0
100
AcDbEntity
  8
parts layout
  6
CONTINUOUS
 62
  256
370
   -1
100
AcDbLine
 10
12.051441
 20
29.113532
 11
12.06264
 21
29.14056799999999
  0
LINE
  5
EF1
100
AcDbEntity
  8
parts layout
  6
CONTINUOUS
 62
  256
370
   -1
100
AcDbLine
 10
12.06264
 20
29.14056799999999
 11
12.083332
 21
29.16126
  0
LINE
  5
EF2
100
AcDbEntity
  8
parts layout
  6
CONTINUOUS
 62
  256
370
   -1
100
AcDbLine
 10
12.083332
 20
29.16126
 11
12.11036799999999
 21
29.172459
  0
LINE
  5
EF3
100
AcDbEntity
  8
parts layout
  6
CONTINUOUS
 62
  256
370
   -1
100
AcDbLine
 10
12.11036799999999
 20
29.172459
 11
12.125
 21
29.1739
  0
LINE
  5
EF4
100
AcDbEntity
  8
parts layout
  6
CONTINUOUS
 62
  256
370
   -1
100
AcDbLine
 10
12.125
 20
29.1739
 11
12.25161199999999
 21
29.1739
  0
LINE
  5
EF5
100
AcDbEntity
  8
parts layout
  6
CONTINUOUS
 62
  256
370
   -1
100
AcDbLine
 10
12.25161199999999
 20
29.1739
 11
12.27622699999999
 21
29.184096
  0
LINE
  5
EF6
100
AcDbEntity
  8
parts layout
  6
CONTINUOUS
 62
  256
370
   -1
100
AcDbLine
 10
12.27622699999999
 20
29.184096
 11
12.28
 21
29.184468
  0
LINE
  5
EF7
100
AcDbEntity
  8
parts layout
  6
CONTINUOUS
 62
  256
370
   -1
100
AcDbLine
 10
12.28
 20
29.184468
 11
12.28
 21
31.26389999999999
  0
LINE
  5
EF8
100
AcDbEntity
  8
parts layout
  6
CONTINUOUS
 62
  256
370
   -1
100
AcDbLine
 10
12.28
 20
31.26389999999999
 11
12.125
 21
31.26389999999999
  0
LINE
  5
EF9
100
AcDbEntity
  8
parts layout
  6
CONTINUOUS
 62
  256
370
   -1
100
AcDbLine
 10
12.125
 20
31.26389999999999
 11
12.11036799999999
 21
31.26534099999999
  0
LINE
  5
EFA
100
AcDbEntity
  8
parts layout
  6
CONTINUOUS
 62
  256
370
   -1
100
AcDbLine
 10
12.11036799999999
 20
31.26534099999999
 11
12.083332
 21
31.27654
  0
LINE
  5
EFB
100
AcDbEntity
  8
parts layout
  6
CONTINUOUS
 62
  256
370
   -1
100
AcDbLine
 10
12.083332
 20
31.27654
 11
12.06264
 21
31.29723199999999
  0
LINE
  5
EFC
100
AcDbEntity
  8
parts layout
  6
CONTINUOUS
 62
  256
370
   -1
100
AcDbLine
 10
12.06264
 20
31.29723199999999
 11
12.051441
 21
31.324268
  0
LINE
  5
EFD
100
AcDbEntity
  8
parts layout
  6
CONTINUOUS
 62
  256
370
   -1
100
AcDbLine
 10
12.051441
 20
31.324268
 11
12.05
 21
31.3389
  0
LINE
  5
EFE
100
AcDbEntity
  8
parts layout
  6
CONTINUOUS
 62
  256
370
   -1
100
AcDbLine
 10
12.05
 20
31.3389
 11
12.05
 21
32.3389
  0
LINE
  5
EFF
100
AcDbEntity
  8
parts layout
  6
CONTINUOUS
 62
  256
370
   -1
100
AcDbLine
 10
12.05
 20
32.3389
 11
12.05029499999999
 21
32.3419
  0
LINE
  5
F00
100
AcDbEntity
  8
parts layout
  6
CONTINUOUS
 62
  256
370
   -1
100
AcDbLine
 10
12.05029499999999
 20
32.3419
 11
12.050094
 21
32.34264399999999
  0
LINE
  5
F01
100
AcDbEntity
  8
parts layout
  6
CONTINUOUS
 62
  256
370
   -1
100
AcDbLine
 10
12.050094
 20
32.34264399999999
 11
12.08138599999999
 21
32.61258599999999
  0
LINE
  5
F02
100
AcDbEntity
  8
parts layout
  6
CONTINUOUS
 62
  256
370
   -1
100
AcDbLine
 10
12.08138599999999
 20
32.61258599999999
 11
12.147645
 21
32.876135
  0
LINE
  5
F03
100
AcDbEntity
  8
parts layout
  6
CONTINUOUS
 62
  256
370
   -1
100
AcDbLine
 10
12.147645
 20
32.876135
 11
12.247737
 21
33.12878
  0
LINE
  5
F04
100
AcDbEntity
  8
parts layout
  6
CONTINUOUS
 62
  256
370
   -1
100
AcDbLine
 10
12.247737
 20
33.12878
 11
12.37994999999999
 21
33.36619899999999
  0
LINE
  5
F05
100
AcDbEntity
  8
parts layout
  6
CONTINUOUS
 62
  256
370
   -1
100
AcDbLine
 10
12.37994999999999
 20
33.36619899999999
 11
12.54202099999999
 21
33.584329
  0
LINE
  5
F06
100
AcDbEntity
  8
parts layout
  6
CONTINUOUS
 62
  256
370
   -1
100
AcDbLine
 10
12.54202099999999
 20
33.584329
 11
12.731177
 21
33.779439
  0
LINE
  5
F07
100
AcDbEntity
  8
parts layout
  6
CONTINUOUS
 62
  256
370
   -1
100
AcDbLine
 10
12.731177
 20
33.779439
 11
12.944183
 21
33.94819
  0
LINE
  5
F08
100
AcDbEntity
  8
parts layout
  6
CONTINUOUS
 62
  256
370
   -1
100
AcDbLine
 10
12.944183
 20
33.94819
 11
13.177392
 21
34.087694
  0
LINE
  5
F09
100
AcDbEntity
  8
parts layout
  6
CONTINUOUS
 62
  256
370
   -1
100
AcDbLine
 10
13.177392
 20
34.087694
 11
13.42681499999999
 21
34.19556499999999
  0
LINE
  5
F0A
100
AcDbEntity
  8
parts layout
  6
CONTINUOUS
 62
  256
370
   -1
100
AcDbLine
 10
13.42681499999999
 20
34.19556499999999
 11
13.68818399999999
 21
34.269957
  0
LINE
  5
F0B
100
AcDbEntity
  8
parts layout
  6
CONTINUOUS
 62
  256
370
   -1
100
AcDbLine
 10
13.68818399999999
 20
34.269957
 11
13.957027
 21
34.309597
  0
LINE
  5
F0C
100
AcDbEntity
  8
parts layout
  6
CONTINUOUS
 62
  256
370
   -1
100
AcDbLine
 10
13.957027
 20
34.309597
 11
14.223167
 21
34.31372
  0
LINE
  5
F0D
100
AcDbEntity
  8
parts layout
  6
CONTINUOUS
 62
  256
370
   -1
100
AcDbLine
 10
14.223167
 20
34.31372
 11
14.224999
 21
34.3139
  0
LINE
  5
F0E
100
AcDbEntity
  8
parts layout
  6
CONTINUOUS
 62
  256
370
   -1
100
AcDbLine
 10
14.224999
 20
34.3139
 11
22.62499999999999
 21
34.3139
  0
LINE
  5
F0F
100
AcDbEntity
  8
parts layout
  6
CONTINUOUS
 62
  256
370
   -1
100
AcDbLine
 10
22.62499999999999
 20
34.3139
 11
22.63963199999999
 21
34.312459
  0
LINE
  5
F10
100
AcDbEntity
  8
parts layout
  6
CONTINUOUS
 62
  256
370
   -1
100
AcDbLine
 10
13.121723
 20
29.1889
 11
13.132172
 21
29.1889
  0
LINE
  5
F11
100
AcDbEntity
  8
parts layout
  6
CONTINUOUS
 62
  256
370
   -1
100
AcDbLine
 10
13.132172
 20
29.1889
 11
13.12205999999999
 21
29.194052
  0
LINE
  5
F12
100
AcDbEntity
  8
parts layout
  6
CONTINUOUS
 62
  256
370
   -1
100
AcDbLine
 10
13.12205999999999
 20
29.194052
 11
13.121723
 21
29.1889
  0
LINE
  5
F13
100
AcDbEntity
  8
parts layout
  6
CONTINUOUS
 62
  256
370
   -1
100
AcDbLine
 10
3.589631999999995
 20
36.217459
 11
3.616668000000004
 21
36.20625999999999
  0
LINE
  5
F14
100
AcDbEntity
  8
parts layout
  6
CONTINUOUS
 62
  256
370
   -1
100
AcDbLine
 10
3.616668000000004
 20
36.20625999999999
 11
3.637360000000001
 21
36.185568
  0
LINE
  5
F15
100
AcDbEntity
  8
parts layout
  6
CONTINUOUS
 62
  256
370
   -1
100
AcDbLine
 10
3.637360000000001
 20
36.185568
 11
3.648558999999992
 21
36.15853199999999
  0
LINE
  5
F16
100
AcDbEntity
  8
parts layout
  6
CONTINUOUS
 62
  256
370
   -1
100
AcDbLine
 10
3.648558999999992
 20
36.15853199999999
 11
3.649999999999991
 21
36.1439
  0
LINE
  5
F17
100
AcDbEntity
  8
parts layout
  6
CONTINUOUS
 62
  256
370
   -1
100
AcDbLine
 10
3.649999999999991
 20
36.1439
 11
3.649999999999991
 21
35.79389999999999
  0
LINE
  5
F18
100
AcDbEntity
  8
parts layout
  6
CONTINUOUS
 62
  256
370
   -1
100
AcDbLine
 10
3.649999999999991
 20
35.79389999999999
 11
3.648558999999992
 21
35.77926799999999
  0
LINE
  5
F19
100
AcDbEntity
  8
parts layout
  6
CONTINUOUS
 62
  256
370
   -1
100
AcDbLine
 10
3.648558999999992
 20
35.77926799999999
 11
3.637360000000001
 21
35.75223199999999
  0
LINE
  5
F1A
100
AcDbEntity
  8
parts layout
  6
CONTINUOUS
 62
  256
370
   -1
100
AcDbLine
 10
3.637360000000001
 20
35.75223199999999
 11
3.616668000000004
 21
35.73154
  0
LINE
  5
F1B
100
AcDbEntity
  8
parts layout
  6
CONTINUOUS
 62
  256
370
   -1
100
AcDbLine
 10
3.616668000000004
 20
35.73154
 11
3.589631999999995
 21
35.720341
  0
LINE
  5
F1C
100
AcDbEntity
  8
parts layout
  6
CONTINUOUS
 62
  256
370
   -1
100
AcDbLine
 10
3.589631999999995
 20
35.720341
 11
3.575000000000003
 21
35.7189
  0
LINE
  5
F1D
100
AcDbEntity
  8
parts layout
  6
CONTINUOUS
 62
  256
370
   -1
100
AcDbLine
 10
3.575000000000003
 20
35.7189
 11
3.429999999999993
 21
35.7189
  0
LINE
  5
F1E
100
AcDbEntity
  8
parts layout
  6
CONTINUOUS
 62
  256
370
   -1
100
AcDbLine
 10
3.429999999999993
 20
35.7189
 11
3.429999999999993
 21
33.633438
  0
LINE
  5
F1F
100
AcDbEntity
  8
parts layout
  6
CONTINUOUS
 62
  256
370
   -1
100
AcDbLine
 10
3.429999999999993
 20
33.633438
 11
3.465096000000003
 21
33.6189
  0
LINE
  5
F20
100
AcDbEntity
  8
parts layout
  6
CONTINUOUS
 62
  256
370
   -1
100
AcDbLine
 10
3.465096000000003
 20
33.6189
 11
3.575000000000003
 21
33.6189
  0
LINE
  5
F21
100
AcDbEntity
  8
parts layout
  6
CONTINUOUS
 62
  256
370
   -1
100
AcDbLine
 10
3.575000000000003
 20
33.6189
 11
3.589631999999995
 21
33.617459
  0
LINE
  5
F22
100
AcDbEntity
  8
parts layout
  6
CONTINUOUS
 62
  256
370
   -1
100
AcDbLine
 10
3.589631999999995
 20
33.617459
 11
3.616668000000004
 21
33.60626
  0
LINE
  5
F23
100
AcDbEntity
  8
parts layout
  6
CONTINUOUS
 62
  256
370
   -1
100
AcDbLine
 10
3.616668000000004
 20
33.60626
 11
3.637360000000001
 21
33.58556799999999
  0
LINE
  5
F24
100
AcDbEntity
  8
parts layout
  6
CONTINUOUS
 62
  256
370
   -1
100
AcDbLine
 10
3.637360000000001
 20
33.58556799999999
 11
3.648558999999992
 21
33.55853199999999
  0
LINE
  5
F25
100
AcDbEntity
  8
parts layout
  6
CONTINUOUS
 62
  256
370
   -1
100
AcDbLine
 10
3.648558999999992
 20
33.55853199999999
 11
3.649999999999991
 21
33.54389999999999
  0
LINE
  5
F26
100
AcDbEntity
  8
parts layout
  6
CONTINUOUS
 62
  256
370
   -1
100
AcDbLine
 10
3.649999999999991
 20
33.54389999999999
 11
3.649999999999991
 21
32.54389999999999
  0
LINE
  5
F27
100
AcDbEntity
  8
parts layout
  6
CONTINUOUS
 62
  256
370
   -1
100
AcDbLine
 10
3.649999999999991
 20
32.54389999999999
 11
3.648558999999992
 21
32.52926799999999
  0
LINE
  5
F28
100
AcDbEntity
  8
parts layout
  6
CONTINUOUS
 62
  256
370
   -1
100
AcDbLine
 10
3.648558999999992
 20
32.52926799999999
 11
3.637360000000001
 21
32.50223199999999
  0
LINE
  5
F29
100
AcDbEntity
  8
parts layout
  6
CONTINUOUS
 62
  256
370
   -1
100
AcDbLine
 10
3.637360000000001
 20
32.50223199999999
 11
3.616668000000004
 21
32.48154
  0
LINE
  5
F2A
100
AcDbEntity
  8
parts layout
  6
CONTINUOUS
 62
  256
370
   -1
100
AcDbLine
 10
3.616668000000004
 20
32.48154
 11
3.589631999999995
 21
32.470341
  0
LINE
  5
F2B
100
AcDbEntity
  8
parts layout
  6
CONTINUOUS
 62
  256
370
   -1
100
AcDbLine
 10
3.589631999999995
 20
32.470341
 11
3.575000000000003
 21
32.4689
  0
LINE
  5
F2C
100
AcDbEntity
  8
parts layout
  6
CONTINUOUS
 62
  256
370
   -1
100
AcDbLine
 10
3.575000000000003
 20
32.4689
 11
-1.424999999999997
 21
32.4689
  0
LINE
  5
F2D
100
AcDbEntity
  8
parts layout
  6
CONTINUOUS
 62
  256
370
   -1
100
AcDbLine
 10
-1.424999999999997
 20
32.4689
 11
-1.426766999999998
 21
32.469074
  0
LINE
  5
F2E
100
AcDbEntity
  8
parts layout
  6
CONTINUOUS
 62
  256
370
   -1
100
AcDbLine
 10
-1.426766999999998
 20
32.469074
 11
-1.427245999999997
 21
32.468934
  0
LINE
  5
F2F
100
AcDbEntity
  8
parts layout
  6
CONTINUOUS
 62
  256
370
   -1
100
AcDbLine
 10
-1.427245999999997
 20
32.468934
 11
-1.555385000000001
 21
32.472838
  0
LINE
  5
F30
100
AcDbEntity
  8
parts layout
  6
CONTINUOUS
 62
  256
370
   -1
100
AcDbLine
 10
-1.555385000000001
 20
32.472838
 11
-1.705759
 21
32.45893099999999
  0
LINE
  5
F31
100
AcDbEntity
  8
parts layout
  6
CONTINUOUS
 62
  256
370
   -1
100
AcDbLine
 10
-1.705759
 20
32.45893099999999
 11
-1.710109000000003
 21
32.45727899999999
  0
LINE
  5
F32
100
AcDbEntity
  8
parts layout
  6
CONTINUOUS
 62
  256
370
   -1
100
AcDbLine
 10
-1.710109000000003
 20
32.45727899999999
 11
-1.829031999999998
 21
32.44523299999999
  0
LINE
  5
F33
100
AcDbEntity
  8
parts layout
  6
CONTINUOUS
 62
  256
370
   -1
100
AcDbLine
 10
-1.829031999999998
 20
32.44523299999999
 11
-2.061222000000001
 21
32.394673
  0
LINE
  5
F34
100
AcDbEntity
  8
parts layout
  6
CONTINUOUS
 62
  256
370
   -1
100
AcDbLine
 10
-2.061222000000001
 20
32.394673
 11
-2.303235000000001
 21
32.309996
  0
LINE
  5
F35
100
AcDbEntity
  8
parts layout
  6
CONTINUOUS
 62
  256
370
   -1
100
AcDbLine
 10
-2.303235000000001
 20
32.309996
 11
-2.533124000000001
 21
32.196456
  0
LINE
  5
F36
100
AcDbEntity
  8
parts layout
  6
CONTINUOUS
 62
  256
370
   -1
100
AcDbLine
 10
-2.533124000000001
 20
32.196456
 11
-2.747461999999999
 21
32.055746
  0
LINE
  5
F37
100
AcDbEntity
  8
parts layout
  6
CONTINUOUS
 62
  256
370
   -1
100
AcDbLine
 10
-2.747461999999999
 20
32.055746
 11
-2.943054000000004
 21
31.889964
  0
LINE
  5
F38
100
AcDbEntity
  8
parts layout
  6
CONTINUOUS
 62
  256
370
   -1
100
AcDbLine
 10
-2.943054000000004
 20
31.889964
 11
-3.116985
 21
31.701581
  0
LINE
  5
F39
100
AcDbEntity
  8
parts layout
  6
CONTINUOUS
 62
  256
370
   -1
100
AcDbLine
 10
-3.116985
 20
31.701581
 11
-3.266661999999997
 21
31.493405
  0
LINE
  5
F3A
100
AcDbEntity
  8
parts layout
  6
CONTINUOUS
 62
  256
370
   -1
100
AcDbLine
 10
-3.266661999999997
 20
31.493405
 11
-3.389852000000005
 21
31.268539
  0
LINE
  5
F3B
100
AcDbEntity
  8
parts layout
  6
CONTINUOUS
 62
  256
370
   -1
100
AcDbLine
 10
-3.389852000000005
 20
31.268539
 11
-3.484719999999996
 21
31.030337
  0
LINE
  5
F3C
100
AcDbEntity
  8
parts layout
  6
CONTINUOUS
 62
  256
370
   -1
100
AcDbLine
 10
-3.484719999999996
 20
31.030337
 11
-3.549851000000004
 21
30.782349
  0
LINE
  5
F3D
100
AcDbEntity
  8
parts layout
  6
CONTINUOUS
 62
  256
370
   -1
100
AcDbLine
 10
-3.549851000000004
 20
30.782349
 11
-3.566997000000001
 21
30.655302
  0
LINE
  5
F3E
100
AcDbEntity
  8
parts layout
  6
CONTINUOUS
 62
  256
370
   -1
100
AcDbLine
 10
-3.566997000000001
 20
30.655302
 11
-3.571441000000007
 21
30.646075
  0
LINE
  5
F3F
100
AcDbEntity
  8
parts layout
  6
CONTINUOUS
 62
  256
370
   -1
100
AcDbLine
 10
-3.571441000000007
 20
30.646075
 11
-3.571441000000007
 21
30.629268
  0
LINE
  5
F40
100
AcDbEntity
  8
parts layout
  6
CONTINUOUS
 62
  256
370
   -1
100
AcDbLine
 10
-3.571441000000007
 20
30.629268
 11
-3.582639999999998
 21
30.60223199999999
  0
LINE
  5
F41
100
AcDbEntity
  8
parts layout
  6
CONTINUOUS
 62
  256
370
   -1
100
AcDbLine
 10
-3.582639999999998
 20
30.60223199999999
 11
-3.603332000000009
 21
30.58154
  0
LINE
  5
F42
100
AcDbEntity
  8
parts layout
  6
CONTINUOUS
 62
  256
370
   -1
100
AcDbLine
 10
-3.603332000000009
 20
30.58154
 11
-3.630368000000004
 21
30.570341
  0
LINE
  5
F43
100
AcDbEntity
  8
parts layout
  6
CONTINUOUS
 62
  256
370
   -1
100
AcDbLine
 10
-3.630368000000004
 20
30.570341
 11
-3.644999999999996
 21
30.5689
  0
LINE
  5
F44
100
AcDbEntity
  8
parts layout
  6
CONTINUOUS
 62
  256
370
   -1
100
AcDbLine
 10
-3.644999999999996
 20
30.5689
 11
-6.924999999999997
 21
30.5689
  0
LINE
  5
F45
100
AcDbEntity
  8
parts layout
  6
CONTINUOUS
 62
  256
370
   -1
100
AcDbLine
 10
-6.924999999999997
 20
30.5689
 11
-6.939632000000003
 21
30.570341
  0
LINE
  5
F46
100
AcDbEntity
  8
parts layout
  6
CONTINUOUS
 62
  256
370
   -1
100
AcDbLine
 10
-6.939632000000003
 20
30.570341
 11
-6.966667999999999
 21
30.58154
  0
LINE
  5
F47
100
AcDbEntity
  8
parts layout
  6
CONTINUOUS
 62
  256
370
   -1
100
AcDbLine
 10
-6.966667999999999
 20
30.58154
 11
-6.987359999999995
 21
30.60223199999999
  0
LINE
  5
F48
100
AcDbEntity
  8
parts layout
  6
CONTINUOUS
 62
  256
370
   -1
100
AcDbLine
 10
-6.987359999999995
 20
30.60223199999999
 11
-6.998559
 21
30.629268
  0
LINE
  5
F49
100
AcDbEntity
  8
parts layout
  6
CONTINUOUS
 62
  256
370
   -1
100
AcDbLine
 10
-6.998559
 20
30.629268
 11
-7
 21
30.6439
  0
LINE
  5
F4A
100
AcDbEntity
  8
parts layout
  6
CONTINUOUS
 62
  256
370
   -1
100
AcDbLine
 10
-7
 20
30.6439
 11
-7
 21
31.00389999999999
  0
LINE
  5
F4B
100
AcDbEntity
  8
parts layout
  6
CONTINUOUS
 62
  256
370
   -1
100
AcDbLine
 10
-7
 20
31.00389999999999
 11
-6.998559
 21
31.01853199999999
  0
LINE
  5
F4C
100
AcDbEntity
  8
parts layout
  6
CONTINUOUS
 62
  256
370
   -1
100
AcDbLine
 10
-6.998559
 20
31.01853199999999
 11
-6.987359999999995
 21
31.045568
  0
LINE
  5
F4D
100
AcDbEntity
  8
parts layout
  6
CONTINUOUS
 62
  256
370
   -1
100
AcDbLine
 10
-6.987359999999995
 20
31.045568
 11
-6.966667999999999
 21
31.06625999999999
  0
LINE
  5
F4E
100
AcDbEntity
  8
parts layout
  6
CONTINUOUS
 62
  256
370
   -1
100
AcDbLine
 10
-6.966667999999999
 20
31.06625999999999
 11
-6.939632000000003
 21
31.077459
  0
LINE
  5
F4F
100
AcDbEntity
  8
parts layout
  6
CONTINUOUS
 62
  256
370
   -1
100
AcDbLine
 10
-6.939632000000003
 20
31.077459
 11
-6.924999999999997
 21
31.0789
  0
LINE
  5
F50
100
AcDbEntity
  8
parts layout
  6
CONTINUOUS
 62
  256
370
   -1
100
AcDbLine
 10
-6.924999999999997
 20
31.0789
 11
-6.798388000000003
 21
31.0789
  0
LINE
  5
F51
100
AcDbEntity
  8
parts layout
  6
CONTINUOUS
 62
  256
370
   -1
100
AcDbLine
 10
-6.798388000000003
 20
31.0789
 11
-6.773773000000006
 21
31.089096
  0
LINE
  5
F52
100
AcDbEntity
  8
parts layout
  6
CONTINUOUS
 62
  256
370
   -1
100
AcDbLine
 10
-6.773773000000006
 20
31.089096
 11
-6.769999999999996
 21
31.089468
  0
LINE
  5
F53
100
AcDbEntity
  8
parts layout
  6
CONTINUOUS
 62
  256
370
   -1
100
AcDbLine
 10
-6.769999999999996
 20
31.089468
 11
-6.769999999999996
 21
33.16889999999999
  0
LINE
  5
F54
100
AcDbEntity
  8
parts layout
  6
CONTINUOUS
 62
  256
370
   -1
100
AcDbLine
 10
-6.769999999999996
 20
33.16889999999999
 11
-6.924999999999997
 21
33.16889999999999
  0
LINE
  5
F55
100
AcDbEntity
  8
parts layout
  6
CONTINUOUS
 62
  256
370
   -1
100
AcDbLine
 10
-6.924999999999997
 20
33.16889999999999
 11
-6.939632000000003
 21
33.17034099999999
  0
LINE
  5
F56
100
AcDbEntity
  8
parts layout
  6
CONTINUOUS
 62
  256
370
   -1
100
AcDbLine
 10
-6.939632000000003
 20
33.17034099999999
 11
-6.966667999999999
 21
33.18154
  0
LINE
  5
F57
100
AcDbEntity
  8
parts layout
  6
CONTINUOUS
 62
  256
370
   -1
100
AcDbLine
 10
-6.966667999999999
 20
33.18154
 11
-6.987359999999995
 21
33.202232
  0
LINE
  5
F58
100
AcDbEntity
  8
parts layout
  6
CONTINUOUS
 62
  256
370
   -1
100
AcDbLine
 10
-6.987359999999995
 20
33.202232
 11
-6.998559
 21
33.229268
  0
LINE
  5
F59
100
AcDbEntity
  8
parts layout
  6
CONTINUOUS
 62
  256
370
   -1
100
AcDbLine
 10
-6.998559
 20
33.229268
 11
-7
 21
33.2439
  0
LINE
  5
F5A
100
AcDbEntity
  8
parts layout
  6
CONTINUOUS
 62
  256
370
   -1
100
AcDbLine
 10
-7
 20
33.2439
 11
-7
 21
34.2439
  0
LINE
  5
F5B
100
AcDbEntity
  8
parts layout
  6
CONTINUOUS
 62
  256
370
   -1
100
AcDbLine
 10
-7
 20
34.2439
 11
-6.999705000000006
 21
34.2469
  0
LINE
  5
F5C
100
AcDbEntity
  8
parts layout
  6
CONTINUOUS
 62
  256
370
   -1
100
AcDbLine
 10
-6.999705000000006
 20
34.2469
 11
-6.999905999999996
 21
34.24764399999999
  0
LINE
  5
F5D
100
AcDbEntity
  8
parts layout
  6
CONTINUOUS
 62
  256
370
   -1
100
AcDbLine
 10
-6.999905999999996
 20
34.24764399999999
 11
-6.968614000000002
 21
34.51758599999999
  0
LINE
  5
F5E
100
AcDbEntity
  8
parts layout
  6
CONTINUOUS
 62
  256
370
   -1
100
AcDbLine
 10
-6.968614000000002
 20
34.51758599999999
 11
-6.902355
 21
34.781135
  0
LINE
  5
F5F
100
AcDbEntity
  8
parts layout
  6
CONTINUOUS
 62
  256
370
   -1
100
AcDbLine
 10
-6.902355
 20
34.781135
 11
-6.802262999999996
 21
35.03377999999999
  0
LINE
  5
F60
100
AcDbEntity
  8
parts layout
  6
CONTINUOUS
 62
  256
370
   -1
100
AcDbLine
 10
-6.802262999999996
 20
35.03377999999999
 11
-6.670050000000003
 21
35.271199
  0
LINE
  5
F61
100
AcDbEntity
  8
parts layout
  6
CONTINUOUS
 62
  256
370
   -1
100
AcDbLine
 10
-6.670050000000003
 20
35.271199
 11
-6.507979000000006
 21
35.489329
  0
LINE
  5
F62
100
AcDbEntity
  8
parts layout
  6
CONTINUOUS
 62
  256
370
   -1
100
AcDbLine
 10
-6.507979000000006
 20
35.489329
 11
-6.318822999999995
 21
35.684439
  0
LINE
  5
F63
100
AcDbEntity
  8
parts layout
  6
CONTINUOUS
 62
  256
370
   -1
100
AcDbLine
 10
-6.318822999999995
 20
35.684439
 11
-6.105817000000002
 21
35.85319
  0
LINE
  5
F64
100
AcDbEntity
  8
parts layout
  6
CONTINUOUS
 62
  256
370
   -1
100
AcDbLine
 10
-6.105817000000002
 20
35.85319
 11
-5.872608
 21
35.99269399999999
  0
LINE
  5
F65
100
AcDbEntity
  8
parts layout
  6
CONTINUOUS
 62
  256
370
   -1
100
AcDbLine
 10
-5.872608
 20
35.99269399999999
 11
-5.623185000000007
 21
36.100565
  0
LINE
  5
F66
100
AcDbEntity
  8
parts layout
  6
CONTINUOUS
 62
  256
370
   -1
100
AcDbLine
 10
-5.623185000000007
 20
36.100565
 11
-5.361816000000005
 21
36.17495699999999
  0
LINE
  5
F67
100
AcDbEntity
  8
parts layout
  6
CONTINUOUS
 62
  256
370
   -1
100
AcDbLine
 10
-5.361816000000005
 20
36.17495699999999
 11
-5.092973000000001
 21
36.214597
  0
LINE
  5
F68
100
AcDbEntity
  8
parts layout
  6
CONTINUOUS
 62
  256
370
   -1
100
AcDbLine
 10
-5.092973000000001
 20
36.214597
 11
-4.826833000000008
 21
36.21872
  0
LINE
  5
F69
100
AcDbEntity
  8
parts layout
  6
CONTINUOUS
 62
  256
370
   -1
100
AcDbLine
 10
-4.826833000000008
 20
36.21872
 11
-4.825001
 21
36.2189
  0
LINE
  5
F6A
100
AcDbEntity
  8
parts layout
  6
CONTINUOUS
 62
  256
370
   -1
100
AcDbLine
 10
-4.825001
 20
36.2189
 11
3.575000000000003
 21
36.2189
  0
LINE
  5
F6B
100
AcDbEntity
  8
parts layout
  6
CONTINUOUS
 62
  256
370
   -1
100
AcDbLine
 10
3.575000000000003
 20
36.2189
 11
3.589631999999995
 21
36.217459
  0
LINE
  5
F6C
100
AcDbEntity
  8
parts layout
  6
CONTINUOUS
 62
  256
370
   -1
100
AcDbLine
 10
-5.928277000000008
 20
31.0939
 11
-5.917828
 21
31.0939
  0
LINE
  5
F6D
100
AcDbEntity
  8
parts layout
  6
CONTINUOUS
 62
  256
370
   -1
100
AcDbLine
 10
-5.917828
 20
31.0939
 11
-5.927940000000007
 21
31.09905199999999
  0
LINE
  5
F6E
100
AcDbEntity
  8
parts layout
  6
CONTINUOUS
 62
  256
370
   -1
100
AcDbLine
 10
-5.927940000000007
 20
31.09905199999999
 11
-5.928277000000008
 21
31.0939
  0
LINE
  5
F6F
100
AcDbEntity
  8
parts layout
  6
CONTINUOUS
 62
  256
370
   -1
100
AcDbLine
 10
67.75313200000001
 20
-12.30129100000001
 11
67.78016799999999
 21
-12.31249
  0
LINE
  5
F70
100
AcDbEntity
  8
parts layout
  6
CONTINUOUS
 62
  256
370
   -1
100
AcDbLine
 10
67.78016799999999
 20
-12.31249
 11
67.80085999999999
 21
-12.33318200000001
  0
LINE
  5
F71
100
AcDbEntity
  8
parts layout
  6
CONTINUOUS
 62
  256
370
   -1
100
AcDbLine
 10
67.80085999999999
 20
-12.33318200000001
 11
67.81205899999999
 21
-12.360218
  0
LINE
  5
F72
100
AcDbEntity
  8
parts layout
  6
CONTINUOUS
 62
  256
370
   -1
100
AcDbLine
 10
67.81205899999999
 20
-12.360218
 11
67.81349999999999
 21
-12.37485000000001
  0
LINE
  5
F73
100
AcDbEntity
  8
parts layout
  6
CONTINUOUS
 62
  256
370
   -1
100
AcDbLine
 10
67.81349999999999
 20
-12.37485000000001
 11
67.81349999999999
 21
-18.37485
  0
LINE
  5
F74
100
AcDbEntity
  8
parts layout
  6
CONTINUOUS
 62
  256
370
   -1
100
AcDbLine
 10
67.81349999999999
 20
-18.37485
 11
67.81205899999999
 21
-18.389482
  0
LINE
  5
F75
100
AcDbEntity
  8
parts layout
  6
CONTINUOUS
 62
  256
370
   -1
100
AcDbLine
 10
67.81205899999999
 20
-18.389482
 11
67.80085999999999
 21
-18.416518
  0
LINE
  5
F76
100
AcDbEntity
  8
parts layout
  6
CONTINUOUS
 62
  256
370
   -1
100
AcDbLine
 10
67.80085999999999
 20
-18.416518
 11
67.78016799999999
 21
-18.43721000000001
  0
LINE
  5
F77
100
AcDbEntity
  8
parts layout
  6
CONTINUOUS
 62
  256
370
   -1
100
AcDbLine
 10
67.78016799999999
 20
-18.43721000000001
 11
67.75313200000001
 21
-18.448409
  0
LINE
  5
F78
100
AcDbEntity
  8
parts layout
  6
CONTINUOUS
 62
  256
370
   -1
100
AcDbLine
 10
67.75313200000001
 20
-18.448409
 11
67.7385
 21
-18.44985
  0
LINE
  5
F79
100
AcDbEntity
  8
parts layout
  6
CONTINUOUS
 62
  256
370
   -1
100
AcDbLine
 10
67.7385
 20
-18.44985
 11
55.7385
 21
-18.44985
  0
LINE
  5
F7A
100
AcDbEntity
  8
parts layout
  6
CONTINUOUS
 62
  256
370
   -1
100
AcDbLine
 10
55.7385
 20
-18.44985
 11
55.723868
 21
-18.448409
  0
LINE
  5
F7B
100
AcDbEntity
  8
parts layout
  6
CONTINUOUS
 62
  256
370
   -1
100
AcDbLine
 10
55.723868
 20
-18.448409
 11
55.69683199999999
 21
-18.43721000000001
  0
LINE
  5
F7C
100
AcDbEntity
  8
parts layout
  6
CONTINUOUS
 62
  256
370
   -1
100
AcDbLine
 10
55.69683199999999
 20
-18.43721000000001
 11
55.67613999999999
 21
-18.416518
  0
LINE
  5
F7D
100
AcDbEntity
  8
parts layout
  6
CONTINUOUS
 62
  256
370
   -1
100
AcDbLine
 10
55.67613999999999
 20
-18.416518
 11
55.66494099999998
 21
-18.389482
  0
LINE
  5
F7E
100
AcDbEntity
  8
parts layout
  6
CONTINUOUS
 62
  256
370
   -1
100
AcDbLine
 10
55.66494099999998
 20
-18.389482
 11
55.66349999999998
 21
-18.37485
  0
LINE
  5
F7F
100
AcDbEntity
  8
parts layout
  6
CONTINUOUS
 62
  256
370
   -1
100
AcDbLine
 10
55.66349999999998
 20
-18.37485
 11
55.66349999999998
 21
-12.37485000000001
  0
LINE
  5
F80
100
AcDbEntity
  8
parts layout
  6
CONTINUOUS
 62
  256
370
   -1
100
AcDbLine
 10
55.66349999999998
 20
-12.37485000000001
 11
55.66494099999998
 21
-12.360218
  0
LINE
  5
F81
100
AcDbEntity
  8
parts layout
  6
CONTINUOUS
 62
  256
370
   -1
100
AcDbLine
 10
55.66494099999998
 20
-12.360218
 11
55.67613999999999
 21
-12.33318200000001
  0
LINE
  5
F82
100
AcDbEntity
  8
parts layout
  6
CONTINUOUS
 62
  256
370
   -1
100
AcDbLine
 10
55.67613999999999
 20
-12.33318200000001
 11
55.69683199999999
 21
-12.31249
  0
LINE
  5
F83
100
AcDbEntity
  8
parts layout
  6
CONTINUOUS
 62
  256
370
   -1
100
AcDbLine
 10
55.69683199999999
 20
-12.31249
 11
55.723868
 21
-12.30129100000001
  0
LINE
  5
F84
100
AcDbEntity
  8
parts layout
  6
CONTINUOUS
 62
  256
370
   -1
100
AcDbLine
 10
55.723868
 20
-12.30129100000001
 11
55.7385
 21
-12.29985000000001
  0
LINE
  5
F85
100
AcDbEntity
  8
parts layout
  6
CONTINUOUS
 62
  256
370
   -1
100
AcDbLine
 10
55.7385
 20
-12.29985000000001
 11
67.7385
 21
-12.29985000000001
  0
LINE
  5
F86
100
AcDbEntity
  8
parts layout
  6
CONTINUOUS
 62
  256
370
   -1
100
AcDbLine
 10
67.7385
 20
-12.29985000000001
 11
67.75313200000001
 21
-12.30129100000001
  0
LINE
  5
F87
100
AcDbEntity
  8
parts layout
  6
CONTINUOUS
 62
  256
370
   -1
100
AcDbLine
 10
55.81349999999999
 20
-12.44985
 11
55.81349999999999
 21
-18.29985000000001
  0
LINE
  5
F88
100
AcDbEntity
  8
parts layout
  6
CONTINUOUS
 62
  256
370
   -1
100
AcDbLine
 10
55.81349999999999
 20
-18.29985000000001
 11
67.66349999999998
 21
-18.29985000000001
  0
LINE
  5
F89
100
AcDbEntity
  8
parts layout
  6
CONTINUOUS
 62
  256
370
   -1
100
AcDbLine
 10
67.66349999999998
 20
-18.29985000000001
 11
67.66349999999998
 21
-12.44985
  0
LINE
  5
F8A
100
AcDbEntity
  8
parts layout
  6
CONTINUOUS
 62
  256
370
   -1
100
AcDbLine
 10
67.66349999999998
 20
-12.44985
 11
55.81349999999999
 21
-12.44985
  0
LINE
  5
F8B
100
AcDbEntity
  8
parts layout
  6
CONTINUOUS
 62
  256
370
   -1
100
AcDbLine
 10
63.83963200000001
 20
-3.782541000000009
 11
63.86666799999999
 21
-3.79374
  0
LINE
  5
F8C
100
AcDbEntity
  8
parts layout
  6
CONTINUOUS
 62
  256
370
   -1
100
AcDbLine
 10
63.86666799999999
 20
-3.79374
 11
63.88735999999999
 21
-3.814431999999996
  0
LINE
  5
F8D
100
AcDbEntity
  8
parts layout
  6
CONTINUOUS
 62
  256
370
   -1
100
AcDbLine
 10
63.88735999999999
 20
-3.814431999999996
 11
63.89855899999999
 21
-3.841468000000006
  0
LINE
  5
F8E
100
AcDbEntity
  8
parts layout
  6
CONTINUOUS
 62
  256
370
   -1
100
AcDbLine
 10
63.89855899999999
 20
-3.841468000000006
 11
63.89855899999999
 21
-3.870732000000004
  0
LINE
  5
F8F
100
AcDbEntity
  8
parts layout
  6
CONTINUOUS
 62
  256
370
   -1
100
AcDbLine
 10
63.89855899999999
 20
-3.870732000000004
 11
63.88735999999999
 21
-3.897767999999999
  0
LINE
  5
F90
100
AcDbEntity
  8
parts layout
  6
CONTINUOUS
 62
  256
370
   -1
100
AcDbLine
 10
63.88735999999999
 20
-3.897767999999999
 11
63.86666799999999
 21
-3.918459999999996
  0
LINE
  5
F91
100
AcDbEntity
  8
parts layout
  6
CONTINUOUS
 62
  256
370
   -1
100
AcDbLine
 10
63.86666799999999
 20
-3.918459999999996
 11
63.83963200000001
 21
-3.929659000000001
  0
LINE
  5
F92
100
AcDbEntity
  8
parts layout
  6
CONTINUOUS
 62
  256
370
   -1
100
AcDbLine
 10
63.83963200000001
 20
-3.929659000000001
 11
63.825
 21
-3.931100000000001
  0
LINE
  5
F93
100
AcDbEntity
  8
parts layout
  6
CONTINUOUS
 62
  256
370
   -1
100
AcDbLine
 10
63.825
 20
-3.931100000000001
 11
63.64999999999999
 21
-3.931100000000001
  0
LINE
  5
F94
100
AcDbEntity
  8
parts layout
  6
CONTINUOUS
 62
  256
370
   -1
100
AcDbLine
 10
63.64999999999999
 20
-3.931100000000001
 11
63.64999999999999
 21
-9.781100000000009
  0
LINE
  5
F95
100
AcDbEntity
  8
parts layout
  6
CONTINUOUS
 62
  256
370
   -1
100
AcDbLine
 10
63.64999999999999
 20
-9.781100000000009
 11
63.825
 21
-9.781100000000009
  0
LINE
  5
F96
100
AcDbEntity
  8
parts layout
  6
CONTINUOUS
 62
  256
370
   -1
100
AcDbLine
 10
63.825
 20
-9.781100000000009
 11
63.83963200000001
 21
-9.782541000000009
  0
LINE
  5
F97
100
AcDbEntity
  8
parts layout
  6
CONTINUOUS
 62
  256
370
   -1
100
AcDbLine
 10
63.83963200000001
 20
-9.782541000000009
 11
63.86666799999999
 21
-9.79374
  0
LINE
  5
F98
100
AcDbEntity
  8
parts layout
  6
CONTINUOUS
 62
  256
370
   -1
100
AcDbLine
 10
63.86666799999999
 20
-9.79374
 11
63.88735999999999
 21
-9.814431999999996
  0
LINE
  5
F99
100
AcDbEntity
  8
parts layout
  6
CONTINUOUS
 62
  256
370
   -1
100
AcDbLine
 10
63.88735999999999
 20
-9.814431999999996
 11
63.89855899999999
 21
-9.841468000000006
  0
LINE
  5
F9A
100
AcDbEntity
  8
parts layout
  6
CONTINUOUS
 62
  256
370
   -1
100
AcDbLine
 10
63.89855899999999
 20
-9.841468000000006
 11
63.89855899999999
 21
-9.870732000000004
  0
LINE
  5
F9B
100
AcDbEntity
  8
parts layout
  6
CONTINUOUS
 62
  256
370
   -1
100
AcDbLine
 10
63.89855899999999
 20
-9.870732000000004
 11
63.88735999999999
 21
-9.897767999999999
  0
LINE
  5
F9C
100
AcDbEntity
  8
parts layout
  6
CONTINUOUS
 62
  256
370
   -1
100
AcDbLine
 10
63.88735999999999
 20
-9.897767999999999
 11
63.86666799999999
 21
-9.918459999999996
  0
LINE
  5
F9D
100
AcDbEntity
  8
parts layout
  6
CONTINUOUS
 62
  256
370
   -1
100
AcDbLine
 10
63.86666799999999
 20
-9.918459999999996
 11
63.83963200000001
 21
-9.929659000000001
  0
LINE
  5
F9E
100
AcDbEntity
  8
parts layout
  6
CONTINUOUS
 62
  256
370
   -1
100
AcDbLine
 10
63.83963200000001
 20
-9.929659000000001
 11
63.825
 21
-9.931100000000001
  0
LINE
  5
F9F
100
AcDbEntity
  8
parts layout
  6
CONTINUOUS
 62
  256
370
   -1
100
AcDbLine
 10
63.825
 20
-9.931100000000001
 11
63.575
 21
-9.931100000000001
  0
LINE
  5
FA0
100
AcDbEntity
  8
parts layout
  6
CONTINUOUS
 62
  256
370
   -1
100
AcDbLine
 10
63.575
 20
-9.931100000000001
 11
63.560368
 21
-9.929659000000001
  0
LINE
  5
FA1
100
AcDbEntity
  8
parts layout
  6
CONTINUOUS
 62
  256
370
   -1
100
AcDbLine
 10
63.560368
 20
-9.929659000000001
 11
63.53333199999999
 21
-9.918459999999996
  0
LINE
  5
FA2
100
AcDbEntity
  8
parts layout
  6
CONTINUOUS
 62
  256
370
   -1
100
AcDbLine
 10
63.53333199999999
 20
-9.918459999999996
 11
63.51263999999999
 21
-9.897767999999999
  0
LINE
  5
FA3
100
AcDbEntity
  8
parts layout
  6
CONTINUOUS
 62
  256
370
   -1
100
AcDbLine
 10
63.51263999999999
 20
-9.897767999999999
 11
63.50144099999999
 21
-9.870732000000004
  0
LINE
  5
FA4
100
AcDbEntity
  8
parts layout
  6
CONTINUOUS
 62
  256
370
   -1
100
AcDbLine
 10
63.50144099999999
 20
-9.870732000000004
 11
63.49999999999999
 21
-9.856099999999998
  0
LINE
  5
FA5
100
AcDbEntity
  8
parts layout
  6
CONTINUOUS
 62
  256
370
   -1
100
AcDbLine
 10
63.49999999999999
 20
-9.856099999999998
 11
63.49999999999999
 21
-3.856099999999998
  0
LINE
  5
FA6
100
AcDbEntity
  8
parts layout
  6
CONTINUOUS
 62
  256
370
   -1
100
AcDbLine
 10
63.49999999999999
 20
-3.856099999999998
 11
63.50144099999999
 21
-3.841468000000006
  0
LINE
  5
FA7
100
AcDbEntity
  8
parts layout
  6
CONTINUOUS
 62
  256
370
   -1
100
AcDbLine
 10
63.50144099999999
 20
-3.841468000000006
 11
63.51263999999999
 21
-3.814431999999996
  0
LINE
  5
FA8
100
AcDbEntity
  8
parts layout
  6
CONTINUOUS
 62
  256
370
   -1
100
AcDbLine
 10
63.51263999999999
 20
-3.814431999999996
 11
63.53333199999999
 21
-3.79374
  0
LINE
  5
FA9
100
AcDbEntity
  8
parts layout
  6
CONTINUOUS
 62
  256
370
   -1
100
AcDbLine
 10
63.53333199999999
 20
-3.79374
 11
63.560368
 21
-3.782541000000009
  0
LINE
  5
FAA
100
AcDbEntity
  8
parts layout
  6
CONTINUOUS
 62
  256
370
   -1
100
AcDbLine
 10
63.560368
 20
-3.782541000000009
 11
63.575
 21
-3.781100000000009
  0
LINE
  5
FAB
100
AcDbEntity
  8
parts layout
  6
CONTINUOUS
 62
  256
370
   -1
100
AcDbLine
 10
63.575
 20
-3.781100000000009
 11
63.825
 21
-3.781100000000009
  0
LINE
  5
FAC
100
AcDbEntity
  8
parts layout
  6
CONTINUOUS
 62
  256
370
   -1
100
AcDbLine
 10
63.825
 20
-3.781100000000009
 11
63.83963200000001
 21
-3.782541000000009
  0
LINE
  5
FAD
100
AcDbEntity
  8
parts layout
  6
CONTINUOUS
 62
  256
370
   -1
100
AcDbLine
 10
67.08963200000001
 20
-3.782541000000009
 11
67.11666799999999
 21
-3.79374
  0
LINE
  5
FAE
100
AcDbEntity
  8
parts layout
  6
CONTINUOUS
 62
  256
370
   -1
100
AcDbLine
 10
67.11666799999999
 20
-3.79374
 11
67.13735999999999
 21
-3.814431999999996
  0
LINE
  5
FAF
100
AcDbEntity
  8
parts layout
  6
CONTINUOUS
 62
  256
370
   -1
100
AcDbLine
 10
67.13735999999999
 20
-3.814431999999996
 11
67.14855899999999
 21
-3.841468000000006
  0
LINE
  5
FB0
100
AcDbEntity
  8
parts layout
  6
CONTINUOUS
 62
  256
370
   -1
100
AcDbLine
 10
67.14855899999999
 20
-3.841468000000006
 11
67.14999999999999
 21
-3.856099999999998
  0
LINE
  5
FB1
100
AcDbEntity
  8
parts layout
  6
CONTINUOUS
 62
  256
370
   -1
100
AcDbLine
 10
67.14999999999999
 20
-3.856099999999998
 11
67.14999999999999
 21
-9.856099999999998
  0
LINE
  5
FB2
100
AcDbEntity
  8
parts layout
  6
CONTINUOUS
 62
  256
370
   -1
100
AcDbLine
 10
67.14999999999999
 20
-9.856099999999998
 11
67.14855899999999
 21
-9.870732000000004
  0
LINE
  5
FB3
100
AcDbEntity
  8
parts layout
  6
CONTINUOUS
 62
  256
370
   -1
100
AcDbLine
 10
67.14855899999999
 20
-9.870732000000004
 11
67.13735999999999
 21
-9.897767999999999
  0
LINE
  5
FB4
100
AcDbEntity
  8
parts layout
  6
CONTINUOUS
 62
  256
370
   -1
100
AcDbLine
 10
67.13735999999999
 20
-9.897767999999999
 11
67.11666799999999
 21
-9.918459999999996
  0
LINE
  5
FB5
100
AcDbEntity
  8
parts layout
  6
CONTINUOUS
 62
  256
370
   -1
100
AcDbLine
 10
67.11666799999999
 20
-9.918459999999996
 11
67.08963200000001
 21
-9.929659000000001
  0
LINE
  5
FB6
100
AcDbEntity
  8
parts layout
  6
CONTINUOUS
 62
  256
370
   -1
100
AcDbLine
 10
67.08963200000001
 20
-9.929659000000001
 11
67.075
 21
-9.931100000000001
  0
LINE
  5
FB7
100
AcDbEntity
  8
parts layout
  6
CONTINUOUS
 62
  256
370
   -1
100
AcDbLine
 10
67.075
 20
-9.931100000000001
 11
66.825
 21
-9.931100000000001
  0
LINE
  5
FB8
100
AcDbEntity
  8
parts layout
  6
CONTINUOUS
 62
  256
370
   -1
100
AcDbLine
 10
66.825
 20
-9.931100000000001
 11
66.810368
 21
-9.929659000000001
  0
LINE
  5
FB9
100
AcDbEntity
  8
parts layout
  6
CONTINUOUS
 62
  256
370
   -1
100
AcDbLine
 10
66.810368
 20
-9.929659000000001
 11
66.78333199999999
 21
-9.918459999999996
  0
LINE
  5
FBA
100
AcDbEntity
  8
parts layout
  6
CONTINUOUS
 62
  256
370
   -1
100
AcDbLine
 10
66.78333199999999
 20
-9.918459999999996
 11
66.76263999999999
 21
-9.897767999999999
  0
LINE
  5
FBB
100
AcDbEntity
  8
parts layout
  6
CONTINUOUS
 62
  256
370
   -1
100
AcDbLine
 10
66.76263999999999
 20
-9.897767999999999
 11
66.75144099999999
 21
-9.870732000000004
  0
LINE
  5
FBC
100
AcDbEntity
  8
parts layout
  6
CONTINUOUS
 62
  256
370
   -1
100
AcDbLine
 10
66.75144099999999
 20
-9.870732000000004
 11
66.75144099999999
 21
-9.841468000000006
  0
LINE
  5
FBD
100
AcDbEntity
  8
parts layout
  6
CONTINUOUS
 62
  256
370
   -1
100
AcDbLine
 10
66.75144099999999
 20
-9.841468000000006
 11
66.76263999999999
 21
-9.814431999999996
  0
LINE
  5
FBE
100
AcDbEntity
  8
parts layout
  6
CONTINUOUS
 62
  256
370
   -1
100
AcDbLine
 10
66.76263999999999
 20
-9.814431999999996
 11
66.78333199999999
 21
-9.79374
  0
LINE
  5
FBF
100
AcDbEntity
  8
parts layout
  6
CONTINUOUS
 62
  256
370
   -1
100
AcDbLine
 10
66.78333199999999
 20
-9.79374
 11
66.810368
 21
-9.782541000000009
  0
LINE
  5
FC0
100
AcDbEntity
  8
parts layout
  6
CONTINUOUS
 62
  256
370
   -1
100
AcDbLine
 10
66.810368
 20
-9.782541000000009
 11
66.825
 21
-9.781100000000009
  0
LINE
  5
FC1
100
AcDbEntity
  8
parts layout
  6
CONTINUOUS
 62
  256
370
   -1
100
AcDbLine
 10
66.825
 20
-9.781100000000009
 11
66.99999999999999
 21
-9.781100000000009
  0
LINE
  5
FC2
100
AcDbEntity
  8
parts layout
  6
CONTINUOUS
 62
  256
370
   -1
100
AcDbLine
 10
66.99999999999999
 20
-9.781100000000009
 11
66.99999999999999
 21
-3.931100000000001
  0
LINE
  5
FC3
100
AcDbEntity
  8
parts layout
  6
CONTINUOUS
 62
  256
370
   -1
100
AcDbLine
 10
66.99999999999999
 20
-3.931100000000001
 11
66.825
 21
-3.931100000000001
  0
LINE
  5
FC4
100
AcDbEntity
  8
parts layout
  6
CONTINUOUS
 62
  256
370
   -1
100
AcDbLine
 10
66.825
 20
-3.931100000000001
 11
66.810368
 21
-3.929659000000001
  0
LINE
  5
FC5
100
AcDbEntity
  8
parts layout
  6
CONTINUOUS
 62
  256
370
   -1
100
AcDbLine
 10
66.810368
 20
-3.929659000000001
 11
66.78333199999999
 21
-3.918459999999996
  0
LINE
  5
FC6
100
AcDbEntity
  8
parts layout
  6
CONTINUOUS
 62
  256
370
   -1
100
AcDbLine
 10
66.78333199999999
 20
-3.918459999999996
 11
66.76263999999999
 21
-3.897767999999999
  0
LINE
  5
FC7
100
AcDbEntity
  8
parts layout
  6
CONTINUOUS
 62
  256
370
   -1
100
AcDbLine
 10
66.76263999999999
 20
-3.897767999999999
 11
66.75144099999999
 21
-3.870732000000004
  0
LINE
  5
FC8
100
AcDbEntity
  8
parts layout
  6
CONTINUOUS
 62
  256
370
   -1
100
AcDbLine
 10
66.75144099999999
 20
-3.870732000000004
 11
66.75144099999999
 21
-3.841468000000006
  0
LINE
  5
FC9
100
AcDbEntity
  8
parts layout
  6
CONTINUOUS
 62
  256
370
   -1
100
AcDbLine
 10
66.75144099999999
 20
-3.841468000000006
 11
66.76263999999999
 21
-3.814431999999996
  0
LINE
  5
FCA
100
AcDbEntity
  8
parts layout
  6
CONTINUOUS
 62
  256
370
   -1
100
AcDbLine
 10
66.76263999999999
 20
-3.814431999999996
 11
66.78333199999999
 21
-3.79374
  0
LINE
  5
FCB
100
AcDbEntity
  8
parts layout
  6
CONTINUOUS
 62
  256
370
   -1
100
AcDbLine
 10
66.78333199999999
 20
-3.79374
 11
66.810368
 21
-3.782541000000009
  0
LINE
  5
FCC
100
AcDbEntity
  8
parts layout
  6
CONTINUOUS
 62
  256
370
   -1
100
AcDbLine
 10
66.810368
 20
-3.782541000000009
 11
66.825
 21
-3.781100000000009
  0
LINE
  5
FCD
100
AcDbEntity
  8
parts layout
  6
CONTINUOUS
 62
  256
370
   -1
100
AcDbLine
 10
66.825
 20
-3.781100000000009
 11
67.075
 21
-3.781100000000009
  0
LINE
  5
FCE
100
AcDbEntity
  8
parts layout
  6
CONTINUOUS
 62
  256
370
   -1
100
AcDbLine
 10
67.075
 20
-3.781100000000009
 11
67.08963200000001
 21
-3.782541000000009
  0
LINE
  5
FCF
100
AcDbEntity
  8
parts layout
  6
CONTINUOUS
 62
  256
370
   -1
100
AcDbLine
 10
65.04896799999999
 20
0.4298390000000012
 11
65.186975
 21
0.3726740000000035
  0
LINE
  5
FD0
100
AcDbEntity
  8
parts layout
  6
CONTINUOUS
 62
  256
370
   -1
100
AcDbLine
 10
65.186975
 20
0.3726740000000035
 11
65.311179
 21
0.2896839999999941
  0
LINE
  5
FD1
100
AcDbEntity
  8
parts layout
  6
CONTINUOUS
 62
  256
370
   -1
100
AcDbLine
 10
65.311179
 20
0.2896839999999941
 11
65.416805
 21
0.1840579999999932
  0
LINE
  5
FD2
100
AcDbEntity
  8
parts layout
  6
CONTINUOUS
 62
  256
370
   -1
100
AcDbLine
 10
65.416805
 20
0.1840579999999932
 11
65.49979499999999
 21
0.05985400000000141
  0
LINE
  5
FD3
100
AcDbEntity
  8
parts layout
  6
CONTINUOUS
 62
  256
370
   -1
100
AcDbLine
 10
65.49979499999999
 20
0.05985400000000141
 11
65.55695999999999
 21
-0.07815300000000036
  0
LINE
  5
FD4
100
AcDbEntity
  8
parts layout
  6
CONTINUOUS
 62
  256
370
   -1
100
AcDbLine
 10
65.55695999999999
 20
-0.07815300000000036
 11
65.586102
 21
-0.2246609999999976
  0
LINE
  5
FD5
100
AcDbEntity
  8
parts layout
  6
CONTINUOUS
 62
  256
370
   -1
100
AcDbLine
 10
65.586102
 20
-0.2246609999999976
 11
65.586102
 21
-0.3740389999999962
  0
LINE
  5
FD6
100
AcDbEntity
  8
parts layout
  6
CONTINUOUS
 62
  256
370
   -1
100
AcDbLine
 10
65.586102
 20
-0.3740389999999962
 11
65.55695999999999
 21
-0.5205470000000076
  0
LINE
  5
FD7
100
AcDbEntity
  8
parts layout
  6
CONTINUOUS
 62
  256
370
   -1
100
AcDbLine
 10
65.55695999999999
 20
-0.5205470000000076
 11
65.49979499999999
 21
-0.6585540000000094
  0
LINE
  5
FD8
100
AcDbEntity
  8
parts layout
  6
CONTINUOUS
 62
  256
370
   -1
100
AcDbLine
 10
65.49979499999999
 20
-0.6585540000000094
 11
65.416805
 21
-0.7827580000000012
  0
LINE
  5
FD9
100
AcDbEntity
  8
parts layout
  6
CONTINUOUS
 62
  256
370
   -1
100
AcDbLine
 10
65.416805
 20
-0.7827580000000012
 11
65.311179
 21
-0.8883840000000021
  0
LINE
  5
FDA
100
AcDbEntity
  8
parts layout
  6
CONTINUOUS
 62
  256
370
   -1
100
AcDbLine
 10
65.311179
 20
-0.8883840000000021
 11
65.186975
 21
-0.9713739999999973
  0
LINE
  5
FDB
100
AcDbEntity
  8
parts layout
  6
CONTINUOUS
 62
  256
370
   -1
100
AcDbLine
 10
65.186975
 20
-0.9713739999999973
 11
65.04896799999999
 21
-1.028539000000009
  0
LINE
  5
FDC
100
AcDbEntity
  8
parts layout
  6
CONTINUOUS
 62
  256
370
   -1
100
AcDbLine
 10
65.04896799999999
 20
-1.028539000000009
 11
64.90246
 21
-1.057681000000002
  0
LINE
  5
FDD
100
AcDbEntity
  8
parts layout
  6
CONTINUOUS
 62
  256
370
   -1
100
AcDbLine
 10
64.90246
 20
-1.057681000000002
 11
64.75308199999999
 21
-1.057681000000002
  0
LINE
  5
FDE
100
AcDbEntity
  8
parts layout
  6
CONTINUOUS
 62
  256
370
   -1
100
AcDbLine
 10
64.75308199999999
 20
-1.057681000000002
 11
64.60657400000001
 21
-1.028539000000009
  0
LINE
  5
FDF
100
AcDbEntity
  8
parts layout
  6
CONTINUOUS
 62
  256
370
   -1
100
AcDbLine
 10
64.60657400000001
 20
-1.028539000000009
 11
64.46856699999999
 21
-0.9713739999999973
  0
LINE
  5
FE0
100
AcDbEntity
  8
parts layout
  6
CONTINUOUS
 62
  256
370
   -1
100
AcDbLine
 10
64.46856699999999
 20
-0.9713739999999973
 11
64.344363
 21
-0.8883840000000021
  0
LINE
  5
FE1
100
AcDbEntity
  8
parts layout
  6
CONTINUOUS
 62
  256
370
   -1
100
AcDbLine
 10
64.344363
 20
-0.8883840000000021
 11
64.238737
 21
-0.7827580000000012
  0
LINE
  5
FE2
100
AcDbEntity
  8
parts layout
  6
CONTINUOUS
 62
  256
370
   -1
100
AcDbLine
 10
64.238737
 20
-0.7827580000000012
 11
64.15574700000001
 21
-0.6585540000000094
  0
LINE
  5
FE3
100
AcDbEntity
  8
parts layout
  6
CONTINUOUS
 62
  256
370
   -1
100
AcDbLine
 10
64.15574700000001
 20
-0.6585540000000094
 11
64.09858200000001
 21
-0.5205470000000076
  0
LINE
  5
FE4
100
AcDbEntity
  8
parts layout
  6
CONTINUOUS
 62
  256
370
   -1
100
AcDbLine
 10
64.09858200000001
 20
-0.5205470000000076
 11
64.06944
 21
-0.3740389999999962
  0
LINE
  5
FE5
100
AcDbEntity
  8
parts layout
  6
CONTINUOUS
 62
  256
370
   -1
100
AcDbLine
 10
64.06944
 20
-0.3740389999999962
 11
64.06944
 21
-0.2246609999999976
  0
LINE
  5
FE6
100
AcDbEntity
  8
parts layout
  6
CONTINUOUS
 62
  256
370
   -1
100
AcDbLine
 10
64.06944
 20
-0.2246609999999976
 11
64.09858200000001
 21
-0.07815300000000036
  0
LINE
  5
FE7
100
AcDbEntity
  8
parts layout
  6
CONTINUOUS
 62
  256
370
   -1
100
AcDbLine
 10
64.09858200000001
 20
-0.07815300000000036
 11
64.15574700000001
 21
0.05985400000000141
  0
LINE
  5
FE8
100
AcDbEntity
  8
parts layout
  6
CONTINUOUS
 62
  256
370
   -1
100
AcDbLine
 10
64.15574700000001
 20
0.05985400000000141
 11
64.238737
 21
0.1840579999999932
  0
LINE
  5
FE9
100
AcDbEntity
  8
parts layout
  6
CONTINUOUS
 62
  256
370
   -1
100
AcDbLine
 10
64.238737
 20
0.1840579999999932
 11
64.344363
 21
0.2896839999999941
  0
LINE
  5
FEA
100
AcDbEntity
  8
parts layout
  6
CONTINUOUS
 62
  256
370
   -1
100
AcDbLine
 10
64.344363
 20
0.2896839999999941
 11
64.46856699999999
 21
0.3726740000000035
  0
LINE
  5
FEB
100
AcDbEntity
  8
parts layout
  6
CONTINUOUS
 62
  256
370
   -1
100
AcDbLine
 10
64.46856699999999
 20
0.3726740000000035
 11
64.60657400000001
 21
0.4298390000000012
  0
LINE
  5
FEC
100
AcDbEntity
  8
parts layout
  6
CONTINUOUS
 62
  256
370
   -1
100
AcDbLine
 10
64.60657400000001
 20
0.4298390000000012
 11
64.75308199999999
 21
0.4589809999999943
  0
LINE
  5
FED
100
AcDbEntity
  8
parts layout
  6
CONTINUOUS
 62
  256
370
   -1
100
AcDbLine
 10
64.75308199999999
 20
0.4589809999999943
 11
64.90246
 21
0.4589809999999943
  0
LINE
  5
FEE
100
AcDbEntity
  8
parts layout
  6
CONTINUOUS
 62
  256
370
   -1
100
AcDbLine
 10
64.90246
 20
0.4589809999999943
 11
65.04896799999999
 21
0.4298390000000012
  0
LINE
  5
FEF
100
AcDbEntity
  8
parts layout
  6
CONTINUOUS
 62
  256
370
   -1
100
AcDbLine
 10
65.04896799999999
 20
2.969838999999993
 11
65.186975
 21
2.912673999999996
  0
LINE
  5
FF0
100
AcDbEntity
  8
parts layout
  6
CONTINUOUS
 62
  256
370
   -1
100
AcDbLine
 10
65.186975
 20
2.912673999999996
 11
65.311179
 21
2.829684
  0
LINE
  5
FF1
100
AcDbEntity
  8
parts layout
  6
CONTINUOUS
 62
  256
370
   -1
100
AcDbLine
 10
65.311179
 20
2.829684
 11
65.416805
 21
2.724057999999999
  0
LINE
  5
FF2
100
AcDbEntity
  8
parts layout
  6
CONTINUOUS
 62
  256
370
   -1
100
AcDbLine
 10
65.416805
 20
2.724057999999999
 11
65.49979499999999
 21
2.599853999999993
  0
LINE
  5
FF3
100
AcDbEntity
  8
parts layout
  6
CONTINUOUS
 62
  256
370
   -1
100
AcDbLine
 10
65.49979499999999
 20
2.599853999999993
 11
65.55695999999999
 21
2.461846999999992
  0
LINE
  5
FF4
100
AcDbEntity
  8
parts layout
  6
CONTINUOUS
 62
  256
370
   -1
100
AcDbLine
 10
65.55695999999999
 20
2.461846999999992
 11
65.586102
 21
2.315338999999994
  0
LINE
  5
FF5
100
AcDbEntity
  8
parts layout
  6
CONTINUOUS
 62
  256
370
   -1
100
AcDbLine
 10
65.586102
 20
2.315338999999994
 11
65.586102
 21
2.165960999999996
  0
LINE
  5
FF6
100
AcDbEntity
  8
parts layout
  6
CONTINUOUS
 62
  256
370
   -1
100
AcDbLine
 10
65.586102
 20
2.165960999999996
 11
65.55695999999999
 21
2.019452999999999
  0
LINE
  5
FF7
100
AcDbEntity
  8
parts layout
  6
CONTINUOUS
 62
  256
370
   -1
100
AcDbLine
 10
65.55695999999999
 20
2.019452999999999
 11
65.49979499999999
 21
1.881445999999997
  0
LINE
  5
FF8
100
AcDbEntity
  8
parts layout
  6
CONTINUOUS
 62
  256
370
   -1
100
AcDbLine
 10
65.49979499999999
 20
1.881445999999997
 11
65.416805
 21
1.757241999999991
  0
LINE
  5
FF9
100
AcDbEntity
  8
parts layout
  6
CONTINUOUS
 62
  256
370
   -1
100
AcDbLine
 10
65.416805
 20
1.757241999999991
 11
65.311179
 21
1.651616000000004
  0
LINE
  5
FFA
100
AcDbEntity
  8
parts layout
  6
CONTINUOUS
 62
  256
370
   -1
100
AcDbLine
 10
65.311179
 20
1.651616000000004
 11
65.186975
 21
1.568625999999995
  0
LINE
  5
FFB
100
AcDbEntity
  8
parts layout
  6
CONTINUOUS
 62
  256
370
   -1
100
AcDbLine
 10
65.186975
 20
1.568625999999995
 11
65.04896799999999
 21
1.511460999999997
  0
LINE
  5
FFC
100
AcDbEntity
  8
parts layout
  6
CONTINUOUS
 62
  256
370
   -1
100
AcDbLine
 10
65.04896799999999
 20
1.511460999999997
 11
64.90246
 21
1.482319000000004
  0
LINE
  5
FFD
100
AcDbEntity
  8
parts layout
  6
CONTINUOUS
 62
  256
370
   -1
100
AcDbLine
 10
64.90246
 20
1.482319000000004
 11
64.75308199999999
 21
1.482319000000004
  0
LINE
  5
FFE
100
AcDbEntity
  8
parts layout
  6
CONTINUOUS
 62
  256
370
   -1
100
AcDbLine
 10
64.75308199999999
 20
1.482319000000004
 11
64.60657400000001
 21
1.511460999999997
  0
LINE
  5
FFF
100
AcDbEntity
  8
parts layout
  6
CONTINUOUS
 62
  256
370
   -1
100
AcDbLine
 10
64.60657400000001
 20
1.511460999999997
 11
64.46856699999999
 21
1.568625999999995
  0
LINE
  5
1000
100
AcDbEntity
  8
parts layout
  6
CONTINUOUS
 62
  256
370
   -1
100
AcDbLine
 10
64.46856699999999
 20
1.568625999999995
 11
64.344363
 21
1.651616000000004
  0
LINE
  5
1001
100
AcDbEntity
  8
parts layout
  6
CONTINUOUS
 62
  256
370
   -1
100
AcDbLine
 10
64.344363
 20
1.651616000000004
 11
64.238737
 21
1.757241999999991
  0
LINE
  5
1002
100
AcDbEntity
  8
parts layout
  6
CONTINUOUS
 62
  256
370
   -1
100
AcDbLine
 10
64.238737
 20
1.757241999999991
 11
64.15574700000001
 21
1.881445999999997
  0
LINE
  5
1003
100
AcDbEntity
  8
parts layout
  6
CONTINUOUS
 62
  256
370
   -1
100
AcDbLine
 10
64.15574700000001
 20
1.881445999999997
 11
64.09858200000001
 21
2.019452999999999
  0
LINE
  5
1004
100
AcDbEntity
  8
parts layout
  6
CONTINUOUS
 62
  256
370
   -1
100
AcDbLine
 10
64.09858200000001
 20
2.019452999999999
 11
64.06944
 21
2.165960999999996
  0
LINE
  5
1005
100
AcDbEntity
  8
parts layout
  6
CONTINUOUS
 62
  256
370
   -1
100
AcDbLine
 10
64.06944
 20
2.165960999999996
 11
64.06944
 21
2.315338999999994
  0
LINE
  5
1006
100
AcDbEntity
  8
parts layout
  6
CONTINUOUS
 62
  256
370
   -1
100
AcDbLine
 10
64.06944
 20
2.315338999999994
 11
64.09858200000001
 21
2.461846999999992
  0
LINE
  5
1007
100
AcDbEntity
  8
parts layout
  6
CONTINUOUS
 62
  256
370
   -1
100
AcDbLine
 10
64.09858200000001
 20
2.461846999999992
 11
64.15574700000001
 21
2.599853999999993
  0
LINE
  5
1008
100
AcDbEntity
  8
parts layout
  6
CONTINUOUS
 62
  256
370
   -1
100
AcDbLine
 10
64.15574700000001
 20
2.599853999999993
 11
64.238737
 21
2.724057999999999
  0
LINE
  5
1009
100
AcDbEntity
  8
parts layout
  6
CONTINUOUS
 62
  256
370
   -1
100
AcDbLine
 10
64.238737
 20
2.724057999999999
 11
64.344363
 21
2.829684
  0
LINE
  5
100A
100
AcDbEntity
  8
parts layout
  6
CONTINUOUS
 62
  256
370
   -1
100
AcDbLine
 10
64.344363
 20
2.829684
 11
64.46856699999999
 21
2.912673999999996
  0
LINE
  5
100B
100
AcDbEntity
  8
parts layout
  6
CONTINUOUS
 62
  256
370
   -1
100
AcDbLine
 10
64.46856699999999
 20
2.912673999999996
 11
64.60657400000001
 21
2.969838999999993
  0
LINE
  5
100C
100
AcDbEntity
  8
parts layout
  6
CONTINUOUS
 62
  256
370
   -1
100
AcDbLine
 10
64.60657400000001
 20
2.969838999999993
 11
64.75308199999999
 21
2.998981000000001
  0
LINE
  5
100D
100
AcDbEntity
  8
parts layout
  6
CONTINUOUS
 62
  256
370
   -1
100
AcDbLine
 10
64.75308199999999
 20
2.998981000000001
 11
64.90246
 21
2.998981000000001
  0
LINE
  5
100E
100
AcDbEntity
  8
parts layout
  6
CONTINUOUS
 62
  256
370
   -1
100
AcDbLine
 10
64.90246
 20
2.998981000000001
 11
65.04896799999999
 21
2.969838999999993
  0
LINE
  5
100F
100
AcDbEntity
  8
parts layout
  6
CONTINUOUS
 62
  256
370
   -1
100
AcDbLine
 10
65.04896799999999
 20
5.509838999999999
 11
65.186975
 21
5.452674000000002
  0
LINE
  5
1010
100
AcDbEntity
  8
parts layout
  6
CONTINUOUS
 62
  256
370
   -1
100
AcDbLine
 10
65.186975
 20
5.452674000000002
 11
65.311179
 21
5.369683999999992
  0
LINE
  5
1011
100
AcDbEntity
  8
parts layout
  6
CONTINUOUS
 62
  256
370
   -1
100
AcDbLine
 10
65.311179
 20
5.369683999999992
 11
65.416805
 21
5.264057999999991
  0
LINE
  5
1012
100
AcDbEntity
  8
parts layout
  6
CONTINUOUS
 62
  256
370
   -1
100
AcDbLine
 10
65.416805
 20
5.264057999999991
 11
65.49979499999999
 21
5.139854
  0
LINE
  5
1013
100
AcDbEntity
  8
parts layout
  6
CONTINUOUS
 62
  256
370
   -1
100
AcDbLine
 10
65.49979499999999
 20
5.139854
 11
65.55695999999999
 21
5.001846999999998
  0
LINE
  5
1014
100
AcDbEntity
  8
parts layout
  6
CONTINUOUS
 62
  256
370
   -1
100
AcDbLine
 10
65.55695999999999
 20
5.001846999999998
 11
65.586102
 21
4.855339000000001
  0
LINE
  5
1015
100
AcDbEntity
  8
parts layout
  6
CONTINUOUS
 62
  256
370
   -1
100
AcDbLine
 10
65.586102
 20
4.855339000000001
 11
65.586102
 21
4.705961000000002
  0
LINE
  5
1016
100
AcDbEntity
  8
parts layout
  6
CONTINUOUS
 62
  256
370
   -1
100
AcDbLine
 10
65.586102
 20
4.705961000000002
 11
65.55695999999999
 21
4.559452999999991
  0
LINE
  5
1017
100
AcDbEntity
  8
parts layout
  6
CONTINUOUS
 62
  256
370
   -1
100
AcDbLine
 10
65.55695999999999
 20
4.559452999999991
 11
65.49979499999999
 21
4.421446000000003
  0
LINE
  5
1018
100
AcDbEntity
  8
parts layout
  6
CONTINUOUS
 62
  256
370
   -1
100
AcDbLine
 10
65.49979499999999
 20
4.421446000000003
 11
65.416805
 21
4.297241999999997
  0
LINE
  5
1019
100
AcDbEntity
  8
parts layout
  6
CONTINUOUS
 62
  256
370
   -1
100
AcDbLine
 10
65.416805
 20
4.297241999999997
 11
65.311179
 21
4.191615999999996
  0
LINE
  5
101A
100
AcDbEntity
  8
parts layout
  6
CONTINUOUS
 62
  256
370
   -1
100
AcDbLine
 10
65.311179
 20
4.191615999999996
 11
65.186975
 21
4.108626000000001
  0
LINE
  5
101B
100
AcDbEntity
  8
parts layout
  6
CONTINUOUS
 62
  256
370
   -1
100
AcDbLine
 10
65.186975
 20
4.108626000000001
 11
65.04896799999999
 21
4.051461000000003
  0
LINE
  5
101C
100
AcDbEntity
  8
parts layout
  6
CONTINUOUS
 62
  256
370
   -1
100
AcDbLine
 10
65.04896799999999
 20
4.051461000000003
 11
64.90246
 21
4.022318999999996
  0
LINE
  5
101D
100
AcDbEntity
  8
parts layout
  6
CONTINUOUS
 62
  256
370
   -1
100
AcDbLine
 10
64.90246
 20
4.022318999999996
 11
64.75308199999999
 21
4.022318999999996
  0
LINE
  5
101E
100
AcDbEntity
  8
parts layout
  6
CONTINUOUS
 62
  256
370
   -1
100
AcDbLine
 10
64.75308199999999
 20
4.022318999999996
 11
64.60657400000001
 21
4.051461000000003
  0
LINE
  5
101F
100
AcDbEntity
  8
parts layout
  6
CONTINUOUS
 62
  256
370
   -1
100
AcDbLine
 10
64.60657400000001
 20
4.051461000000003
 11
64.46856699999999
 21
4.108626000000001
  0
LINE
  5
1020
100
AcDbEntity
  8
parts layout
  6
CONTINUOUS
 62
  256
370
   -1
100
AcDbLine
 10
64.46856699999999
 20
4.108626000000001
 11
64.344363
 21
4.191615999999996
  0
LINE
  5
1021
100
AcDbEntity
  8
parts layout
  6
CONTINUOUS
 62
  256
370
   -1
100
AcDbLine
 10
64.344363
 20
4.191615999999996
 11
64.238737
 21
4.297241999999997
  0
LINE
  5
1022
100
AcDbEntity
  8
parts layout
  6
CONTINUOUS
 62
  256
370
   -1
100
AcDbLine
 10
64.238737
 20
4.297241999999997
 11
64.15574700000001
 21
4.421446000000003
  0
LINE
  5
1023
100
AcDbEntity
  8
parts layout
  6
CONTINUOUS
 62
  256
370
   -1
100
AcDbLine
 10
64.15574700000001
 20
4.421446000000003
 11
64.09858200000001
 21
4.559452999999991
  0
LINE
  5
1024
100
AcDbEntity
  8
parts layout
  6
CONTINUOUS
 62
  256
370
   -1
100
AcDbLine
 10
64.09858200000001
 20
4.559452999999991
 11
64.06944
 21
4.705961000000002
  0
LINE
  5
1025
100
AcDbEntity
  8
parts layout
  6
CONTINUOUS
 62
  256
370
   -1
100
AcDbLine
 10
64.06944
 20
4.705961000000002
 11
64.06944
 21
4.855339000000001
  0
LINE
  5
1026
100
AcDbEntity
  8
parts layout
  6
CONTINUOUS
 62
  256
370
   -1
100
AcDbLine
 10
64.06944
 20
4.855339000000001
 11
64.09858200000001
 21
5.001846999999998
  0
LINE
  5
1027
100
AcDbEntity
  8
parts layout
  6
CONTINUOUS
 62
  256
370
   -1
100
AcDbLine
 10
64.09858200000001
 20
5.001846999999998
 11
64.15574700000001
 21
5.139854
  0
LINE
  5
1028
100
AcDbEntity
  8
parts layout
  6
CONTINUOUS
 62
  256
370
   -1
100
AcDbLine
 10
64.15574700000001
 20
5.139854
 11
64.238737
 21
5.264057999999991
  0
LINE
  5
1029
100
AcDbEntity
  8
parts layout
  6
CONTINUOUS
 62
  256
370
   -1
100
AcDbLine
 10
64.238737
 20
5.264057999999991
 11
64.344363
 21
5.369683999999992
  0
LINE
  5
102A
100
AcDbEntity
  8
parts layout
  6
CONTINUOUS
 62
  256
370
   -1
100
AcDbLine
 10
64.344363
 20
5.369683999999992
 11
64.46856699999999
 21
5.452674000000002
  0
LINE
  5
102B
100
AcDbEntity
  8
parts layout
  6
CONTINUOUS
 62
  256
370
   -1
100
AcDbLine
 10
64.46856699999999
 20
5.452674000000002
 11
64.60657400000001
 21
5.509838999999999
  0
LINE
  5
102C
100
AcDbEntity
  8
parts layout
  6
CONTINUOUS
 62
  256
370
   -1
100
AcDbLine
 10
64.60657400000001
 20
5.509838999999999
 11
64.75308199999999
 21
5.538980999999993
  0
LINE
  5
102D
100
AcDbEntity
  8
parts layout
  6
CONTINUOUS
 62
  256
370
   -1
100
AcDbLine
 10
64.75308199999999
 20
5.538980999999993
 11
64.90246
 21
5.538980999999993
  0
LINE
  5
102E
100
AcDbEntity
  8
parts layout
  6
CONTINUOUS
 62
  256
370
   -1
100
AcDbLine
 10
64.90246
 20
5.538980999999993
 11
65.04896799999999
 21
5.509838999999999
  0
LINE
  5
102F
100
AcDbEntity
  8
parts layout
  6
CONTINUOUS
 62
  256
370
   -1
100
AcDbLine
 10
65.04896799999999
 20
8.049838999999992
 11
65.186975
 21
7.992673999999994
  0
LINE
  5
1030
100
AcDbEntity
  8
parts layout
  6
CONTINUOUS
 62
  256
370
   -1
100
AcDbLine
 10
65.186975
 20
7.992673999999994
 11
65.311179
 21
7.909683999999999
  0
LINE
  5
1031
100
AcDbEntity
  8
parts layout
  6
CONTINUOUS
 62
  256
370
   -1
100
AcDbLine
 10
65.311179
 20
7.909683999999999
 11
65.416805
 21
7.804057999999998
  0
LINE
  5
1032
100
AcDbEntity
  8
parts layout
  6
CONTINUOUS
 62
  256
370
   -1
100
AcDbLine
 10
65.416805
 20
7.804057999999998
 11
65.49979499999999
 21
7.679853999999992
  0
LINE
  5
1033
100
AcDbEntity
  8
parts layout
  6
CONTINUOUS
 62
  256
370
   -1
100
AcDbLine
 10
65.49979499999999
 20
7.679853999999992
 11
65.55695999999999
 21
7.54184699999999
  0
LINE
  5
1034
100
AcDbEntity
  8
parts layout
  6
CONTINUOUS
 62
  256
370
   -1
100
AcDbLine
 10
65.55695999999999
 20
7.54184699999999
 11
65.586102
 21
7.395338999999993
  0
LINE
  5
1035
100
AcDbEntity
  8
parts layout
  6
CONTINUOUS
 62
  256
370
   -1
100
AcDbLine
 10
65.586102
 20
7.395338999999993
 11
65.586102
 21
7.245960999999994
  0
LINE
  5
1036
100
AcDbEntity
  8
parts layout
  6
CONTINUOUS
 62
  256
370
   -1
100
AcDbLine
 10
65.586102
 20
7.245960999999994
 11
65.55695999999999
 21
7.099452999999997
  0
LINE
  5
1037
100
AcDbEntity
  8
parts layout
  6
CONTINUOUS
 62
  256
370
   -1
100
AcDbLine
 10
65.55695999999999
 20
7.099452999999997
 11
65.49979499999999
 21
6.961445999999995
  0
LINE
  5
1038
100
AcDbEntity
  8
parts layout
  6
CONTINUOUS
 62
  256
370
   -1
100
AcDbLine
 10
65.49979499999999
 20
6.961445999999995
 11
65.416805
 21
6.837242000000003
  0
LINE
  5
1039
100
AcDbEntity
  8
parts layout
  6
CONTINUOUS
 62
  256
370
   -1
100
AcDbLine
 10
65.416805
 20
6.837242000000003
 11
65.311179
 21
6.731616000000002
  0
LINE
  5
103A
100
AcDbEntity
  8
parts layout
  6
CONTINUOUS
 62
  256
370
   -1
100
AcDbLine
 10
65.311179
 20
6.731616000000002
 11
65.186975
 21
6.648625999999993
  0
LINE
  5
103B
100
AcDbEntity
  8
parts layout
  6
CONTINUOUS
 62
  256
370
   -1
100
AcDbLine
 10
65.186975
 20
6.648625999999993
 11
65.04896799999999
 21
6.591460999999995
  0
LINE
  5
103C
100
AcDbEntity
  8
parts layout
  6
CONTINUOUS
 62
  256
370
   -1
100
AcDbLine
 10
65.04896799999999
 20
6.591460999999995
 11
64.90246
 21
6.562319000000002
  0
LINE
  5
103D
100
AcDbEntity
  8
parts layout
  6
CONTINUOUS
 62
  256
370
   -1
100
AcDbLine
 10
64.90246
 20
6.562319000000002
 11
64.75308199999999
 21
6.562319000000002
  0
LINE
  5
103E
100
AcDbEntity
  8
parts layout
  6
CONTINUOUS
 62
  256
370
   -1
100
AcDbLine
 10
64.75308199999999
 20
6.562319000000002
 11
64.60657400000001
 21
6.591460999999995
  0
LINE
  5
103F
100
AcDbEntity
  8
parts layout
  6
CONTINUOUS
 62
  256
370
   -1
100
AcDbLine
 10
64.60657400000001
 20
6.591460999999995
 11
64.46856699999999
 21
6.648625999999993
  0
LINE
  5
1040
100
AcDbEntity
  8
parts layout
  6
CONTINUOUS
 62
  256
370
   -1
100
AcDbLine
 10
64.46856699999999
 20
6.648625999999993
 11
64.344363
 21
6.731616000000002
  0
LINE
  5
1041
100
AcDbEntity
  8
parts layout
  6
CONTINUOUS
 62
  256
370
   -1
100
AcDbLine
 10
64.344363
 20
6.731616000000002
 11
64.238737
 21
6.837242000000003
  0
LINE
  5
1042
100
AcDbEntity
  8
parts layout
  6
CONTINUOUS
 62
  256
370
   -1
100
AcDbLine
 10
64.238737
 20
6.837242000000003
 11
64.15574700000001
 21
6.961445999999995
  0
LINE
  5
1043
100
AcDbEntity
  8
parts layout
  6
CONTINUOUS
 62
  256
370
   -1
100
AcDbLine
 10
64.15574700000001
 20
6.961445999999995
 11
64.09858200000001
 21
7.099452999999997
  0
LINE
  5
1044
100
AcDbEntity
  8
parts layout
  6
CONTINUOUS
 62
  256
370
   -1
100
AcDbLine
 10
64.09858200000001
 20
7.099452999999997
 11
64.06944
 21
7.245960999999994
  0
LINE
  5
1045
100
AcDbEntity
  8
parts layout
  6
CONTINUOUS
 62
  256
370
   -1
100
AcDbLine
 10
64.06944
 20
7.245960999999994
 11
64.06944
 21
7.395338999999993
  0
LINE
  5
1046
100
AcDbEntity
  8
parts layout
  6
CONTINUOUS
 62
  256
370
   -1
100
AcDbLine
 10
64.06944
 20
7.395338999999993
 11
64.09858200000001
 21
7.54184699999999
  0
LINE
  5
1047
100
AcDbEntity
  8
parts layout
  6
CONTINUOUS
 62
  256
370
   -1
100
AcDbLine
 10
64.09858200000001
 20
7.54184699999999
 11
64.15574700000001
 21
7.679853999999992
  0
LINE
  5
1048
100
AcDbEntity
  8
parts layout
  6
CONTINUOUS
 62
  256
370
   -1
100
AcDbLine
 10
64.15574700000001
 20
7.679853999999992
 11
64.238737
 21
7.804057999999998
  0
LINE
  5
1049
100
AcDbEntity
  8
parts layout
  6
CONTINUOUS
 62
  256
370
   -1
100
AcDbLine
 10
64.238737
 20
7.804057999999998
 11
64.344363
 21
7.909683999999999
  0
LINE
  5
104A
100
AcDbEntity
  8
parts layout
  6
CONTINUOUS
 62
  256
370
   -1
100
AcDbLine
 10
64.344363
 20
7.909683999999999
 11
64.46856699999999
 21
7.992673999999994
  0
LINE
  5
104B
100
AcDbEntity
  8
parts layout
  6
CONTINUOUS
 62
  256
370
   -1
100
AcDbLine
 10
64.46856699999999
 20
7.992673999999994
 11
64.60657400000001
 21
8.049838999999992
  0
LINE
  5
104C
100
AcDbEntity
  8
parts layout
  6
CONTINUOUS
 62
  256
370
   -1
100
AcDbLine
 10
64.60657400000001
 20
8.049838999999992
 11
64.75308199999999
 21
8.078980999999999
  0
LINE
  5
104D
100
AcDbEntity
  8
parts layout
  6
CONTINUOUS
 62
  256
370
   -1
100
AcDbLine
 10
64.75308199999999
 20
8.078980999999999
 11
64.90246
 21
8.078980999999999
  0
LINE
  5
104E
100
AcDbEntity
  8
parts layout
  6
CONTINUOUS
 62
  256
370
   -1
100
AcDbLine
 10
64.90246
 20
8.078980999999999
 11
65.04896799999999
 21
8.049838999999992
  0
LINE
  5
104F
100
AcDbEntity
  8
parts layout
  6
CONTINUOUS
 62
  256
370
   -1
100
AcDbLine
 10
65.04896799999999
 20
10.589839
 11
65.186975
 21
10.532674
  0
LINE
  5
1050
100
AcDbEntity
  8
parts layout
  6
CONTINUOUS
 62
  256
370
   -1
100
AcDbLine
 10
65.186975
 20
10.532674
 11
65.311179
 21
10.44968399999999
  0
LINE
  5
1051
100
AcDbEntity
  8
parts layout
  6
CONTINUOUS
 62
  256
370
   -1
100
AcDbLine
 10
65.311179
 20
10.44968399999999
 11
65.416805
 21
10.34405799999999
  0
LINE
  5
1052
100
AcDbEntity
  8
parts layout
  6
CONTINUOUS
 62
  256
370
   -1
100
AcDbLine
 10
65.416805
 20
10.34405799999999
 11
65.49979499999999
 21
10.219854
  0
LINE
  5
1053
100
AcDbEntity
  8
parts layout
  6
CONTINUOUS
 62
  256
370
   -1
100
AcDbLine
 10
65.49979499999999
 20
10.219854
 11
65.55695999999999
 21
10.081847
  0
LINE
  5
1054
100
AcDbEntity
  8
parts layout
  6
CONTINUOUS
 62
  256
370
   -1
100
AcDbLine
 10
65.55695999999999
 20
10.081847
 11
65.586102
 21
9.935338999999999
  0
LINE
  5
1055
100
AcDbEntity
  8
parts layout
  6
CONTINUOUS
 62
  256
370
   -1
100
AcDbLine
 10
65.586102
 20
9.935338999999999
 11
65.586102
 21
9.785961
  0
LINE
  5
1056
100
AcDbEntity
  8
parts layout
  6
CONTINUOUS
 62
  256
370
   -1
100
AcDbLine
 10
65.586102
 20
9.785961
 11
65.55695999999999
 21
9.639453000000003
  0
LINE
  5
1057
100
AcDbEntity
  8
parts layout
  6
CONTINUOUS
 62
  256
370
   -1
100
AcDbLine
 10
65.55695999999999
 20
9.639453000000003
 11
65.49979499999999
 21
9.501446000000001
  0
LINE
  5
1058
100
AcDbEntity
  8
parts layout
  6
CONTINUOUS
 62
  256
370
   -1
100
AcDbLine
 10
65.49979499999999
 20
9.501446000000001
 11
65.416805
 21
9.377241999999995
  0
LINE
  5
1059
100
AcDbEntity
  8
parts layout
  6
CONTINUOUS
 62
  256
370
   -1
100
AcDbLine
 10
65.416805
 20
9.377241999999995
 11
65.311179
 21
9.271615999999995
  0
LINE
  5
105A
100
AcDbEntity
  8
parts layout
  6
CONTINUOUS
 62
  256
370
   -1
100
AcDbLine
 10
65.311179
 20
9.271615999999995
 11
65.186975
 21
9.188625999999999
  0
LINE
  5
105B
100
AcDbEntity
  8
parts layout
  6
CONTINUOUS
 62
  256
370
   -1
100
AcDbLine
 10
65.186975
 20
9.188625999999999
 11
65.04896799999999
 21
9.131461000000002
  0
LINE
  5
105C
100
AcDbEntity
  8
parts layout
  6
CONTINUOUS
 62
  256
370
   -1
100
AcDbLine
 10
65.04896799999999
 20
9.131461000000002
 11
64.90246
 21
9.102318999999994
  0
LINE
  5
105D
100
AcDbEntity
  8
parts layout
  6
CONTINUOUS
 62
  256
370
   -1
100
AcDbLine
 10
64.90246
 20
9.102318999999994
 11
64.75308199999999
 21
9.102318999999994
  0
LINE
  5
105E
100
AcDbEntity
  8
parts layout
  6
CONTINUOUS
 62
  256
370
   -1
100
AcDbLine
 10
64.75308199999999
 20
9.102318999999994
 11
64.60657400000001
 21
9.131461000000002
  0
LINE
  5
105F
100
AcDbEntity
  8
parts layout
  6
CONTINUOUS
 62
  256
370
   -1
100
AcDbLine
 10
64.60657400000001
 20
9.131461000000002
 11
64.46856699999999
 21
9.188625999999999
  0
LINE
  5
1060
100
AcDbEntity
  8
parts layout
  6
CONTINUOUS
 62
  256
370
   -1
100
AcDbLine
 10
64.46856699999999
 20
9.188625999999999
 11
64.344363
 21
9.271615999999995
  0
LINE
  5
1061
100
AcDbEntity
  8
parts layout
  6
CONTINUOUS
 62
  256
370
   -1
100
AcDbLine
 10
64.344363
 20
9.271615999999995
 11
64.238737
 21
9.377241999999995
  0
LINE
  5
1062
100
AcDbEntity
  8
parts layout
  6
CONTINUOUS
 62
  256
370
   -1
100
AcDbLine
 10
64.238737
 20
9.377241999999995
 11
64.15574700000001
 21
9.501446000000001
  0
LINE
  5
1063
100
AcDbEntity
  8
parts layout
  6
CONTINUOUS
 62
  256
370
   -1
100
AcDbLine
 10
64.15574700000001
 20
9.501446000000001
 11
64.09858200000001
 21
9.639453000000003
  0
LINE
  5
1064
100
AcDbEntity
  8
parts layout
  6
CONTINUOUS
 62
  256
370
   -1
100
AcDbLine
 10
64.09858200000001
 20
9.639453000000003
 11
64.06944
 21
9.785961
  0
LINE
  5
1065
100
AcDbEntity
  8
parts layout
  6
CONTINUOUS
 62
  256
370
   -1
100
AcDbLine
 10
64.06944
 20
9.785961
 11
64.06944
 21
9.935338999999999
  0
LINE
  5
1066
100
AcDbEntity
  8
parts layout
  6
CONTINUOUS
 62
  256
370
   -1
100
AcDbLine
 10
64.06944
 20
9.935338999999999
 11
64.09858200000001
 21
10.081847
  0
LINE
  5
1067
100
AcDbEntity
  8
parts layout
  6
CONTINUOUS
 62
  256
370
   -1
100
AcDbLine
 10
64.09858200000001
 20
10.081847
 11
64.15574700000001
 21
10.219854
  0
LINE
  5
1068
100
AcDbEntity
  8
parts layout
  6
CONTINUOUS
 62
  256
370
   -1
100
AcDbLine
 10
64.15574700000001
 20
10.219854
 11
64.238737
 21
10.34405799999999
  0
LINE
  5
1069
100
AcDbEntity
  8
parts layout
  6
CONTINUOUS
 62
  256
370
   -1
100
AcDbLine
 10
64.238737
 20
10.34405799999999
 11
64.344363
 21
10.44968399999999
  0
LINE
  5
106A
100
AcDbEntity
  8
parts layout
  6
CONTINUOUS
 62
  256
370
   -1
100
AcDbLine
 10
64.344363
 20
10.44968399999999
 11
64.46856699999999
 21
10.532674
  0
LINE
  5
106B
100
AcDbEntity
  8
parts layout
  6
CONTINUOUS
 62
  256
370
   -1
100
AcDbLine
 10
64.46856699999999
 20
10.532674
 11
64.60657400000001
 21
10.589839
  0
LINE
  5
106C
100
AcDbEntity
  8
parts layout
  6
CONTINUOUS
 62
  256
370
   -1
100
AcDbLine
 10
64.60657400000001
 20
10.589839
 11
64.75308199999999
 21
10.61898099999999
  0
LINE
  5
106D
100
AcDbEntity
  8
parts layout
  6
CONTINUOUS
 62
  256
370
   -1
100
AcDbLine
 10
64.75308199999999
 20
10.61898099999999
 11
64.90246
 21
10.61898099999999
  0
LINE
  5
106E
100
AcDbEntity
  8
parts layout
  6
CONTINUOUS
 62
  256
370
   -1
100
AcDbLine
 10
64.90246
 20
10.61898099999999
 11
65.04896799999999
 21
10.589839
  0
LINE
  5
106F
100
AcDbEntity
  8
parts layout
  6
CONTINUOUS
 62
  256
370
   -1
100
AcDbLine
 10
65.04896799999999
 20
13.12983899999999
 11
65.186975
 21
13.07267399999999
  0
LINE
  5
1070
100
AcDbEntity
  8
parts layout
  6
CONTINUOUS
 62
  256
370
   -1
100
AcDbLine
 10
65.186975
 20
13.07267399999999
 11
65.311179
 21
12.989684
  0
LINE
  5
1071
100
AcDbEntity
  8
parts layout
  6
CONTINUOUS
 62
  256
370
   -1
100
AcDbLine
 10
65.311179
 20
12.989684
 11
65.416805
 21
12.884058
  0
LINE
  5
1072
100
AcDbEntity
  8
parts layout
  6
CONTINUOUS
 62
  256
370
   -1
100
AcDbLine
 10
65.416805
 20
12.884058
 11
65.49979499999999
 21
12.75985399999999
  0
LINE
  5
1073
100
AcDbEntity
  8
parts layout
  6
CONTINUOUS
 62
  256
370
   -1
100
AcDbLine
 10
65.49979499999999
 20
12.75985399999999
 11
65.55695999999999
 21
12.621847
  0
LINE
  5
1074
100
AcDbEntity
  8
parts layout
  6
CONTINUOUS
 62
  256
370
   -1
100
AcDbLine
 10
65.55695999999999
 20
12.621847
 11
65.586102
 21
12.47533899999999
  0
LINE
  5
1075
100
AcDbEntity
  8
parts layout
  6
CONTINUOUS
 62
  256
370
   -1
100
AcDbLine
 10
65.586102
 20
12.47533899999999
 11
65.586102
 21
12.32596099999999
  0
LINE
  5
1076
100
AcDbEntity
  8
parts layout
  6
CONTINUOUS
 62
  256
370
   -1
100
AcDbLine
 10
65.586102
 20
12.32596099999999
 11
65.55695999999999
 21
12.179453
  0
LINE
  5
1077
100
AcDbEntity
  8
parts layout
  6
CONTINUOUS
 62
  256
370
   -1
100
AcDbLine
 10
65.55695999999999
 20
12.179453
 11
65.49979499999999
 21
12.04144599999999
  0
LINE
  5
1078
100
AcDbEntity
  8
parts layout
  6
CONTINUOUS
 62
  256
370
   -1
100
AcDbLine
 10
65.49979499999999
 20
12.04144599999999
 11
65.416805
 21
11.917242
  0
LINE
  5
1079
100
AcDbEntity
  8
parts layout
  6
CONTINUOUS
 62
  256
370
   -1
100
AcDbLine
 10
65.416805
 20
11.917242
 11
65.311179
 21
11.811616
  0
LINE
  5
107A
100
AcDbEntity
  8
parts layout
  6
CONTINUOUS
 62
  256
370
   -1
100
AcDbLine
 10
65.311179
 20
11.811616
 11
65.186975
 21
11.72862599999999
  0
LINE
  5
107B
100
AcDbEntity
  8
parts layout
  6
CONTINUOUS
 62
  256
370
   -1
100
AcDbLine
 10
65.186975
 20
11.72862599999999
 11
65.04896799999999
 21
11.67146099999999
  0
LINE
  5
107C
100
AcDbEntity
  8
parts layout
  6
CONTINUOUS
 62
  256
370
   -1
100
AcDbLine
 10
65.04896799999999
 20
11.67146099999999
 11
64.90246
 21
11.642319
  0
LINE
  5
107D
100
AcDbEntity
  8
parts layout
  6
CONTINUOUS
 62
  256
370
   -1
100
AcDbLine
 10
64.90246
 20
11.642319
 11
64.75308199999999
 21
11.642319
  0
LINE
  5
107E
100
AcDbEntity
  8
parts layout
  6
CONTINUOUS
 62
  256
370
   -1
100
AcDbLine
 10
64.75308199999999
 20
11.642319
 11
64.60657400000001
 21
11.67146099999999
  0
LINE
  5
107F
100
AcDbEntity
  8
parts layout
  6
CONTINUOUS
 62
  256
370
   -1
100
AcDbLine
 10
64.60657400000001
 20
11.67146099999999
 11
64.46856699999999
 21
11.72862599999999
  0
LINE
  5
1080
100
AcDbEntity
  8
parts layout
  6
CONTINUOUS
 62
  256
370
   -1
100
AcDbLine
 10
64.46856699999999
 20
11.72862599999999
 11
64.344363
 21
11.811616
  0
LINE
  5
1081
100
AcDbEntity
  8
parts layout
  6
CONTINUOUS
 62
  256
370
   -1
100
AcDbLine
 10
64.344363
 20
11.811616
 11
64.238737
 21
11.917242
  0
LINE
  5
1082
100
AcDbEntity
  8
parts layout
  6
CONTINUOUS
 62
  256
370
   -1
100
AcDbLine
 10
64.238737
 20
11.917242
 11
64.15574700000001
 21
12.04144599999999
  0
LINE
  5
1083
100
AcDbEntity
  8
parts layout
  6
CONTINUOUS
 62
  256
370
   -1
100
AcDbLine
 10
64.15574700000001
 20
12.04144599999999
 11
64.09858200000001
 21
12.179453
  0
LINE
  5
1084
100
AcDbEntity
  8
parts layout
  6
CONTINUOUS
 62
  256
370
   -1
100
AcDbLine
 10
64.09858200000001
 20
12.179453
 11
64.06944
 21
12.32596099999999
  0
LINE
  5
1085
100
AcDbEntity
  8
parts layout
  6
CONTINUOUS
 62
  256
370
   -1
100
AcDbLine
 10
64.06944
 20
12.32596099999999
 11
64.06944
 21
12.47533899999999
  0
LINE
  5
1086
100
AcDbEntity
  8
parts layout
  6
CONTINUOUS
 62
  256
370
   -1
100
AcDbLine
 10
64.06944
 20
12.47533899999999
 11
64.09858200000001
 21
12.621847
  0
LINE
  5
1087
100
AcDbEntity
  8
parts layout
  6
CONTINUOUS
 62
  256
370
   -1
100
AcDbLine
 10
64.09858200000001
 20
12.621847
 11
64.15574700000001
 21
12.75985399999999
  0
LINE
  5
1088
100
AcDbEntity
  8
parts layout
  6
CONTINUOUS
 62
  256
370
   -1
100
AcDbLine
 10
64.15574700000001
 20
12.75985399999999
 11
64.238737
 21
12.884058
  0
LINE
  5
1089
100
AcDbEntity
  8
parts layout
  6
CONTINUOUS
 62
  256
370
   -1
100
AcDbLine
 10
64.238737
 20
12.884058
 11
64.344363
 21
12.989684
  0
LINE
  5
108A
100
AcDbEntity
  8
parts layout
  6
CONTINUOUS
 62
  256
370
   -1
100
AcDbLine
 10
64.344363
 20
12.989684
 11
64.46856699999999
 21
13.07267399999999
  0
LINE
  5
108B
100
AcDbEntity
  8
parts layout
  6
CONTINUOUS
 62
  256
370
   -1
100
AcDbLine
 10
64.46856699999999
 20
13.07267399999999
 11
64.60657400000001
 21
13.12983899999999
  0
LINE
  5
108C
100
AcDbEntity
  8
parts layout
  6
CONTINUOUS
 62
  256
370
   -1
100
AcDbLine
 10
64.60657400000001
 20
13.12983899999999
 11
64.75308199999999
 21
13.158981
  0
LINE
  5
108D
100
AcDbEntity
  8
parts layout
  6
CONTINUOUS
 62
  256
370
   -1
100
AcDbLine
 10
64.75308199999999
 20
13.158981
 11
64.90246
 21
13.158981
  0
LINE
  5
108E
100
AcDbEntity
  8
parts layout
  6
CONTINUOUS
 62
  256
370
   -1
100
AcDbLine
 10
64.90246
 20
13.158981
 11
65.04896799999999
 21
13.12983899999999
  0
LINE
  5
108F
100
AcDbEntity
  8
parts layout
  6
CONTINUOUS
 62
  256
370
   -1
100
AcDbLine
 10
65.04896799999999
 20
15.669839
 11
65.186975
 21
15.612674
  0
LINE
  5
1090
100
AcDbEntity
  8
parts layout
  6
CONTINUOUS
 62
  256
370
   -1
100
AcDbLine
 10
65.186975
 20
15.612674
 11
65.311179
 21
15.529684
  0
LINE
  5
1091
100
AcDbEntity
  8
parts layout
  6
CONTINUOUS
 62
  256
370
   -1
100
AcDbLine
 10
65.311179
 20
15.529684
 11
65.416805
 21
15.424058
  0
LINE
  5
1092
100
AcDbEntity
  8
parts layout
  6
CONTINUOUS
 62
  256
370
   -1
100
AcDbLine
 10
65.416805
 20
15.424058
 11
65.49979499999999
 21
15.299854
  0
LINE
  5
1093
100
AcDbEntity
  8
parts layout
  6
CONTINUOUS
 62
  256
370
   -1
100
AcDbLine
 10
65.49979499999999
 20
15.299854
 11
65.55695999999999
 21
15.16184699999999
  0
LINE
  5
1094
100
AcDbEntity
  8
parts layout
  6
CONTINUOUS
 62
  256
370
   -1
100
AcDbLine
 10
65.55695999999999
 20
15.16184699999999
 11
65.586102
 21
15.015339
  0
LINE
  5
1095
100
AcDbEntity
  8
parts layout
  6
CONTINUOUS
 62
  256
370
   -1
100
AcDbLine
 10
65.586102
 20
15.015339
 11
65.586102
 21
14.865961
  0
LINE
  5
1096
100
AcDbEntity
  8
parts layout
  6
CONTINUOUS
 62
  256
370
   -1
100
AcDbLine
 10
65.586102
 20
14.865961
 11
65.55695999999999
 21
14.719453
  0
LINE
  5
1097
100
AcDbEntity
  8
parts layout
  6
CONTINUOUS
 62
  256
370
   -1
100
AcDbLine
 10
65.55695999999999
 20
14.719453
 11
65.49979499999999
 21
14.581446
  0
LINE
  5
1098
100
AcDbEntity
  8
parts layout
  6
CONTINUOUS
 62
  256
370
   -1
100
AcDbLine
 10
65.49979499999999
 20
14.581446
 11
65.416805
 21
14.45724199999999
  0
LINE
  5
1099
100
AcDbEntity
  8
parts layout
  6
CONTINUOUS
 62
  256
370
   -1
100
AcDbLine
 10
65.416805
 20
14.45724199999999
 11
65.311179
 21
14.35161599999999
  0
LINE
  5
109A
100
AcDbEntity
  8
parts layout
  6
CONTINUOUS
 62
  256
370
   -1
100
AcDbLine
 10
65.311179
 20
14.35161599999999
 11
65.186975
 21
14.268626
  0
LINE
  5
109B
100
AcDbEntity
  8
parts layout
  6
CONTINUOUS
 62
  256
370
   -1
100
AcDbLine
 10
65.186975
 20
14.268626
 11
65.04896799999999
 21
14.211461
  0
LINE
  5
109C
100
AcDbEntity
  8
parts layout
  6
CONTINUOUS
 62
  256
370
   -1
100
AcDbLine
 10
65.04896799999999
 20
14.211461
 11
64.90246
 21
14.18231899999999
  0
LINE
  5
109D
100
AcDbEntity
  8
parts layout
  6
CONTINUOUS
 62
  256
370
   -1
100
AcDbLine
 10
64.90246
 20
14.18231899999999
 11
64.75308199999999
 21
14.18231899999999
  0
LINE
  5
109E
100
AcDbEntity
  8
parts layout
  6
CONTINUOUS
 62
  256
370
   -1
100
AcDbLine
 10
64.75308199999999
 20
14.18231899999999
 11
64.60657400000001
 21
14.211461
  0
LINE
  5
109F
100
AcDbEntity
  8
parts layout
  6
CONTINUOUS
 62
  256
370
   -1
100
AcDbLine
 10
64.60657400000001
 20
14.211461
 11
64.46856699999999
 21
14.268626
  0
LINE
  5
10A0
100
AcDbEntity
  8
parts layout
  6
CONTINUOUS
 62
  256
370
   -1
100
AcDbLine
 10
64.46856699999999
 20
14.268626
 11
64.344363
 21
14.35161599999999
  0
LINE
  5
10A1
100
AcDbEntity
  8
parts layout
  6
CONTINUOUS
 62
  256
370
   -1
100
AcDbLine
 10
64.344363
 20
14.35161599999999
 11
64.238737
 21
14.45724199999999
  0
LINE
  5
10A2
100
AcDbEntity
  8
parts layout
  6
CONTINUOUS
 62
  256
370
   -1
100
AcDbLine
 10
64.238737
 20
14.45724199999999
 11
64.15574700000001
 21
14.581446
  0
LINE
  5
10A3
100
AcDbEntity
  8
parts layout
  6
CONTINUOUS
 62
  256
370
   -1
100
AcDbLine
 10
64.15574700000001
 20
14.581446
 11
64.09858200000001
 21
14.719453
  0
LINE
  5
10A4
100
AcDbEntity
  8
parts layout
  6
CONTINUOUS
 62
  256
370
   -1
100
AcDbLine
 10
64.09858200000001
 20
14.719453
 11
64.06944
 21
14.865961
  0
LINE
  5
10A5
100
AcDbEntity
  8
parts layout
  6
CONTINUOUS
 62
  256
370
   -1
100
AcDbLine
 10
64.06944
 20
14.865961
 11
64.06944
 21
15.015339
  0
LINE
  5
10A6
100
AcDbEntity
  8
parts layout
  6
CONTINUOUS
 62
  256
370
   -1
100
AcDbLine
 10
64.06944
 20
15.015339
 11
64.09858200000001
 21
15.16184699999999
  0
LINE
  5
10A7
100
AcDbEntity
  8
parts layout
  6
CONTINUOUS
 62
  256
370
   -1
100
AcDbLine
 10
64.09858200000001
 20
15.16184699999999
 11
64.15574700000001
 21
15.299854
  0
LINE
  5
10A8
100
AcDbEntity
  8
parts layout
  6
CONTINUOUS
 62
  256
370
   -1
100
AcDbLine
 10
64.15574700000001
 20
15.299854
 11
64.238737
 21
15.424058
  0
LINE
  5
10A9
100
AcDbEntity
  8
parts layout
  6
CONTINUOUS
 62
  256
370
   -1
100
AcDbLine
 10
64.238737
 20
15.424058
 11
64.344363
 21
15.529684
  0
LINE
  5
10AA
100
AcDbEntity
  8
parts layout
  6
CONTINUOUS
 62
  256
370
   -1
100
AcDbLine
 10
64.344363
 20
15.529684
 11
64.46856699999999
 21
15.612674
  0
LINE
  5
10AB
100
AcDbEntity
  8
parts layout
  6
CONTINUOUS
 62
  256
370
   -1
100
AcDbLine
 10
64.46856699999999
 20
15.612674
 11
64.60657400000001
 21
15.669839
  0
LINE
  5
10AC
100
AcDbEntity
  8
parts layout
  6
CONTINUOUS
 62
  256
370
   -1
100
AcDbLine
 10
64.60657400000001
 20
15.669839
 11
64.75308199999999
 21
15.698981
  0
LINE
  5
10AD
100
AcDbEntity
  8
parts layout
  6
CONTINUOUS
 62
  256
370
   -1
100
AcDbLine
 10
64.75308199999999
 20
15.698981
 11
64.90246
 21
15.698981
  0
LINE
  5
10AE
100
AcDbEntity
  8
parts layout
  6
CONTINUOUS
 62
  256
370
   -1
100
AcDbLine
 10
64.90246
 20
15.698981
 11
65.04896799999999
 21
15.669839
  0
LINE
  5
10AF
100
AcDbEntity
  8
parts layout
  6
CONTINUOUS
 62
  256
370
   -1
100
AcDbLine
 10
65.04896799999999
 20
18.209839
 11
65.186975
 21
18.152674
  0
LINE
  5
10B0
100
AcDbEntity
  8
parts layout
  6
CONTINUOUS
 62
  256
370
   -1
100
AcDbLine
 10
65.186975
 20
18.152674
 11
65.311179
 21
18.069684
  0
LINE
  5
10B1
100
AcDbEntity
  8
parts layout
  6
CONTINUOUS
 62
  256
370
   -1
100
AcDbLine
 10
65.311179
 20
18.069684
 11
65.416805
 21
17.96405799999999
  0
LINE
  5
10B2
100
AcDbEntity
  8
parts layout
  6
CONTINUOUS
 62
  256
370
   -1
100
AcDbLine
 10
65.416805
 20
17.96405799999999
 11
65.49979499999999
 21
17.839854
  0
LINE
  5
10B3
100
AcDbEntity
  8
parts layout
  6
CONTINUOUS
 62
  256
370
   -1
100
AcDbLine
 10
65.49979499999999
 20
17.839854
 11
65.55695999999999
 21
17.70184699999999
  0
LINE
  5
10B4
100
AcDbEntity
  8
parts layout
  6
CONTINUOUS
 62
  256
370
   -1
100
AcDbLine
 10
65.55695999999999
 20
17.70184699999999
 11
65.586102
 21
17.555339
  0
LINE
  5
10B5
100
AcDbEntity
  8
parts layout
  6
CONTINUOUS
 62
  256
370
   -1
100
AcDbLine
 10
65.586102
 20
17.555339
 11
65.586102
 21
17.405961
  0
LINE
  5
10B6
100
AcDbEntity
  8
parts layout
  6
CONTINUOUS
 62
  256
370
   -1
100
AcDbLine
 10
65.586102
 20
17.405961
 11
65.55695999999999
 21
17.25945299999999
  0
LINE
  5
10B7
100
AcDbEntity
  8
parts layout
  6
CONTINUOUS
 62
  256
370
   -1
100
AcDbLine
 10
65.55695999999999
 20
17.25945299999999
 11
65.49979499999999
 21
17.121446
  0
LINE
  5
10B8
100
AcDbEntity
  8
parts layout
  6
CONTINUOUS
 62
  256
370
   -1
100
AcDbLine
 10
65.49979499999999
 20
17.121446
 11
65.416805
 21
16.997242
  0
LINE
  5
10B9
100
AcDbEntity
  8
parts layout
  6
CONTINUOUS
 62
  256
370
   -1
100
AcDbLine
 10
65.416805
 20
16.997242
 11
65.311179
 21
16.891616
  0
LINE
  5
10BA
100
AcDbEntity
  8
parts layout
  6
CONTINUOUS
 62
  256
370
   -1
100
AcDbLine
 10
65.311179
 20
16.891616
 11
65.186975
 21
16.808626
  0
LINE
  5
10BB
100
AcDbEntity
  8
parts layout
  6
CONTINUOUS
 62
  256
370
   -1
100
AcDbLine
 10
65.186975
 20
16.808626
 11
65.04896799999999
 21
16.751461
  0
LINE
  5
10BC
100
AcDbEntity
  8
parts layout
  6
CONTINUOUS
 62
  256
370
   -1
100
AcDbLine
 10
65.04896799999999
 20
16.751461
 11
64.90246
 21
16.722319
  0
LINE
  5
10BD
100
AcDbEntity
  8
parts layout
  6
CONTINUOUS
 62
  256
370
   -1
100
AcDbLine
 10
64.90246
 20
16.722319
 11
64.75308199999999
 21
16.722319
  0
LINE
  5
10BE
100
AcDbEntity
  8
parts layout
  6
CONTINUOUS
 62
  256
370
   -1
100
AcDbLine
 10
64.75308199999999
 20
16.722319
 11
64.60657400000001
 21
16.751461
  0
LINE
  5
10BF
100
AcDbEntity
  8
parts layout
  6
CONTINUOUS
 62
  256
370
   -1
100
AcDbLine
 10
64.60657400000001
 20
16.751461
 11
64.46856699999999
 21
16.808626
  0
LINE
  5
10C0
100
AcDbEntity
  8
parts layout
  6
CONTINUOUS
 62
  256
370
   -1
100
AcDbLine
 10
64.46856699999999
 20
16.808626
 11
64.344363
 21
16.891616
  0
LINE
  5
10C1
100
AcDbEntity
  8
parts layout
  6
CONTINUOUS
 62
  256
370
   -1
100
AcDbLine
 10
64.344363
 20
16.891616
 11
64.238737
 21
16.997242
  0
LINE
  5
10C2
100
AcDbEntity
  8
parts layout
  6
CONTINUOUS
 62
  256
370
   -1
100
AcDbLine
 10
64.238737
 20
16.997242
 11
64.15574700000001
 21
17.121446
  0
LINE
  5
10C3
100
AcDbEntity
  8
parts layout
  6
CONTINUOUS
 62
  256
370
   -1
100
AcDbLine
 10
64.15574700000001
 20
17.121446
 11
64.09858200000001
 21
17.25945299999999
  0
LINE
  5
10C4
100
AcDbEntity
  8
parts layout
  6
CONTINUOUS
 62
  256
370
   -1
100
AcDbLine
 10
64.09858200000001
 20
17.25945299999999
 11
64.06944
 21
17.405961
  0
LINE
  5
10C5
100
AcDbEntity
  8
parts layout
  6
CONTINUOUS
 62
  256
370
   -1
100
AcDbLine
 10
64.06944
 20
17.405961
 11
64.06944
 21
17.555339
  0
LINE
  5
10C6
100
AcDbEntity
  8
parts layout
  6
CONTINUOUS
 62
  256
370
   -1
100
AcDbLine
 10
64.06944
 20
17.555339
 11
64.09858200000001
 21
17.70184699999999
  0
LINE
  5
10C7
100
AcDbEntity
  8
parts layout
  6
CONTINUOUS
 62
  256
370
   -1
100
AcDbLine
 10
64.09858200000001
 20
17.70184699999999
 11
64.15574700000001
 21
17.839854
  0
LINE
  5
10C8
100
AcDbEntity
  8
parts layout
  6
CONTINUOUS
 62
  256
370
   -1
100
AcDbLine
 10
64.15574700000001
 20
17.839854
 11
64.238737
 21
17.96405799999999
  0
LINE
  5
10C9
100
AcDbEntity
  8
parts layout
  6
CONTINUOUS
 62
  256
370
   -1
100
AcDbLine
 10
64.238737
 20
17.96405799999999
 11
64.344363
 21
18.069684
  0
LINE
  5
10CA
100
AcDbEntity
  8
parts layout
  6
CONTINUOUS
 62
  256
370
   -1
100
AcDbLine
 10
64.344363
 20
18.069684
 11
64.46856699999999
 21
18.152674
  0
LINE
  5
10CB
100
AcDbEntity
  8
parts layout
  6
CONTINUOUS
 62
  256
370
   -1
100
AcDbLine
 10
64.46856699999999
 20
18.152674
 11
64.60657400000001
 21
18.209839
  0
LINE
  5
10CC
100
AcDbEntity
  8
parts layout
  6
CONTINUOUS
 62
  256
370
   -1
100
AcDbLine
 10
64.60657400000001
 20
18.209839
 11
64.75308199999999
 21
18.238981
  0
LINE
  5
10CD
100
AcDbEntity
  8
parts layout
  6
CONTINUOUS
 62
  256
370
   -1
100
AcDbLine
 10
64.75308199999999
 20
18.238981
 11
64.90246
 21
18.238981
  0
LINE
  5
10CE
100
AcDbEntity
  8
parts layout
  6
CONTINUOUS
 62
  256
370
   -1
100
AcDbLine
 10
64.90246
 20
18.238981
 11
65.04896799999999
 21
18.209839
  0
LINE
  5
10CF
100
AcDbEntity
  8
parts layout
  6
CONTINUOUS
 62
  256
370
   -1
100
AcDbLine
 10
65.04896799999999
 20
20.74983899999999
 11
65.186975
 21
20.692674
  0
LINE
  5
10D0
100
AcDbEntity
  8
parts layout
  6
CONTINUOUS
 62
  256
370
   -1
100
AcDbLine
 10
65.186975
 20
20.692674
 11
65.311179
 21
20.60968399999999
  0
LINE
  5
10D1
100
AcDbEntity
  8
parts layout
  6
CONTINUOUS
 62
  256
370
   -1
100
AcDbLine
 10
65.311179
 20
20.60968399999999
 11
65.416805
 21
20.50405799999999
  0
LINE
  5
10D2
100
AcDbEntity
  8
parts layout
  6
CONTINUOUS
 62
  256
370
   -1
100
AcDbLine
 10
65.416805
 20
20.50405799999999
 11
65.49979499999999
 21
20.37985399999999
  0
LINE
  5
10D3
100
AcDbEntity
  8
parts layout
  6
CONTINUOUS
 62
  256
370
   -1
100
AcDbLine
 10
65.49979499999999
 20
20.37985399999999
 11
65.55695999999999
 21
20.24184699999999
  0
LINE
  5
10D4
100
AcDbEntity
  8
parts layout
  6
CONTINUOUS
 62
  256
370
   -1
100
AcDbLine
 10
65.55695999999999
 20
20.24184699999999
 11
65.586102
 21
20.095339
  0
LINE
  5
10D5
100
AcDbEntity
  8
parts layout
  6
CONTINUOUS
 62
  256
370
   -1
100
AcDbLine
 10
65.586102
 20
20.095339
 11
65.586102
 21
19.945961
  0
LINE
  5
10D6
100
AcDbEntity
  8
parts layout
  6
CONTINUOUS
 62
  256
370
   -1
100
AcDbLine
 10
65.586102
 20
19.945961
 11
65.55695999999999
 21
19.799453
  0
LINE
  5
10D7
100
AcDbEntity
  8
parts layout
  6
CONTINUOUS
 62
  256
370
   -1
100
AcDbLine
 10
65.55695999999999
 20
19.799453
 11
65.49979499999999
 21
19.661446
  0
LINE
  5
10D8
100
AcDbEntity
  8
parts layout
  6
CONTINUOUS
 62
  256
370
   -1
100
AcDbLine
 10
65.49979499999999
 20
19.661446
 11
65.416805
 21
19.537242
  0
LINE
  5
10D9
100
AcDbEntity
  8
parts layout
  6
CONTINUOUS
 62
  256
370
   -1
100
AcDbLine
 10
65.416805
 20
19.537242
 11
65.311179
 21
19.431616
  0
LINE
  5
10DA
100
AcDbEntity
  8
parts layout
  6
CONTINUOUS
 62
  256
370
   -1
100
AcDbLine
 10
65.311179
 20
19.431616
 11
65.186975
 21
19.348626
  0
LINE
  5
10DB
100
AcDbEntity
  8
parts layout
  6
CONTINUOUS
 62
  256
370
   -1
100
AcDbLine
 10
65.186975
 20
19.348626
 11
65.04896799999999
 21
19.291461
  0
LINE
  5
10DC
100
AcDbEntity
  8
parts layout
  6
CONTINUOUS
 62
  256
370
   -1
100
AcDbLine
 10
65.04896799999999
 20
19.291461
 11
64.90246
 21
19.262319
  0
LINE
  5
10DD
100
AcDbEntity
  8
parts layout
  6
CONTINUOUS
 62
  256
370
   -1
100
AcDbLine
 10
64.90246
 20
19.262319
 11
64.75308199999999
 21
19.262319
  0
LINE
  5
10DE
100
AcDbEntity
  8
parts layout
  6
CONTINUOUS
 62
  256
370
   -1
100
AcDbLine
 10
64.75308199999999
 20
19.262319
 11
64.60657400000001
 21
19.291461
  0
LINE
  5
10DF
100
AcDbEntity
  8
parts layout
  6
CONTINUOUS
 62
  256
370
   -1
100
AcDbLine
 10
64.60657400000001
 20
19.291461
 11
64.46856699999999
 21
19.348626
  0
LINE
  5
10E0
100
AcDbEntity
  8
parts layout
  6
CONTINUOUS
 62
  256
370
   -1
100
AcDbLine
 10
64.46856699999999
 20
19.348626
 11
64.344363
 21
19.431616
  0
LINE
  5
10E1
100
AcDbEntity
  8
parts layout
  6
CONTINUOUS
 62
  256
370
   -1
100
AcDbLine
 10
64.344363
 20
19.431616
 11
64.238737
 21
19.537242
  0
LINE
  5
10E2
100
AcDbEntity
  8
parts layout
  6
CONTINUOUS
 62
  256
370
   -1
100
AcDbLine
 10
64.238737
 20
19.537242
 11
64.15574700000001
 21
19.661446
  0
LINE
  5
10E3
100
AcDbEntity
  8
parts layout
  6
CONTINUOUS
 62
  256
370
   -1
100
AcDbLine
 10
64.15574700000001
 20
19.661446
 11
64.09858200000001
 21
19.799453
  0
LINE
  5
10E4
100
AcDbEntity
  8
parts layout
  6
CONTINUOUS
 62
  256
370
   -1
100
AcDbLine
 10
64.09858200000001
 20
19.799453
 11
64.06944
 21
19.945961
  0
LINE
  5
10E5
100
AcDbEntity
  8
parts layout
  6
CONTINUOUS
 62
  256
370
   -1
100
AcDbLine
 10
64.06944
 20
19.945961
 11
64.06944
 21
20.095339
  0
LINE
  5
10E6
100
AcDbEntity
  8
parts layout
  6
CONTINUOUS
 62
  256
370
   -1
100
AcDbLine
 10
64.06944
 20
20.095339
 11
64.09858200000001
 21
20.24184699999999
  0
LINE
  5
10E7
100
AcDbEntity
  8
parts layout
  6
CONTINUOUS
 62
  256
370
   -1
100
AcDbLine
 10
64.09858200000001
 20
20.24184699999999
 11
64.15574700000001
 21
20.37985399999999
  0
LINE
  5
10E8
100
AcDbEntity
  8
parts layout
  6
CONTINUOUS
 62
  256
370
   -1
100
AcDbLine
 10
64.15574700000001
 20
20.37985399999999
 11
64.238737
 21
20.50405799999999
  0
LINE
  5
10E9
100
AcDbEntity
  8
parts layout
  6
CONTINUOUS
 62
  256
370
   -1
100
AcDbLine
 10
64.238737
 20
20.50405799999999
 11
64.344363
 21
20.60968399999999
  0
LINE
  5
10EA
100
AcDbEntity
  8
parts layout
  6
CONTINUOUS
 62
  256
370
   -1
100
AcDbLine
 10
64.344363
 20
20.60968399999999
 11
64.46856699999999
 21
20.692674
  0
LINE
  5
10EB
100
AcDbEntity
  8
parts layout
  6
CONTINUOUS
 62
  256
370
   -1
100
AcDbLine
 10
64.46856699999999
 20
20.692674
 11
64.60657400000001
 21
20.74983899999999
  0
LINE
  5
10EC
100
AcDbEntity
  8
parts layout
  6
CONTINUOUS
 62
  256
370
   -1
100
AcDbLine
 10
64.60657400000001
 20
20.74983899999999
 11
64.75308199999999
 21
20.77898099999999
  0
LINE
  5
10ED
100
AcDbEntity
  8
parts layout
  6
CONTINUOUS
 62
  256
370
   -1
100
AcDbLine
 10
64.75308199999999
 20
20.77898099999999
 11
64.90246
 21
20.77898099999999
  0
LINE
  5
10EE
100
AcDbEntity
  8
parts layout
  6
CONTINUOUS
 62
  256
370
   -1
100
AcDbLine
 10
64.90246
 20
20.77898099999999
 11
65.04896799999999
 21
20.74983899999999
  0
LINE
  5
10EF
100
AcDbEntity
  8
parts layout
  6
CONTINUOUS
 62
  256
370
   -1
100
AcDbLine
 10
65.04896799999999
 20
23.28983899999999
 11
65.186975
 21
23.232674
  0
LINE
  5
10F0
100
AcDbEntity
  8
parts layout
  6
CONTINUOUS
 62
  256
370
   -1
100
AcDbLine
 10
65.186975
 20
23.232674
 11
65.311179
 21
23.14968399999999
  0
LINE
  5
10F1
100
AcDbEntity
  8
parts layout
  6
CONTINUOUS
 62
  256
370
   -1
100
AcDbLine
 10
65.311179
 20
23.14968399999999
 11
65.416805
 21
23.044058
  0
LINE
  5
10F2
100
AcDbEntity
  8
parts layout
  6
CONTINUOUS
 62
  256
370
   -1
100
AcDbLine
 10
65.416805
 20
23.044058
 11
65.49979499999999
 21
22.91985399999999
  0
LINE
  5
10F3
100
AcDbEntity
  8
parts layout
  6
CONTINUOUS
 62
  256
370
   -1
100
AcDbLine
 10
65.49979499999999
 20
22.91985399999999
 11
65.55695999999999
 21
22.781847
  0
LINE
  5
10F4
100
AcDbEntity
  8
parts layout
  6
CONTINUOUS
 62
  256
370
   -1
100
AcDbLine
 10
65.55695999999999
 20
22.781847
 11
65.586102
 21
22.63533899999999
  0
LINE
  5
10F5
100
AcDbEntity
  8
parts layout
  6
CONTINUOUS
 62
  256
370
   -1
100
AcDbLine
 10
65.586102
 20
22.63533899999999
 11
65.586102
 21
22.485961
  0
LINE
  5
10F6
100
AcDbEntity
  8
parts layout
  6
CONTINUOUS
 62
  256
370
   -1
100
AcDbLine
 10
65.586102
 20
22.485961
 11
65.55695999999999
 21
22.339453
  0
LINE
  5
10F7
100
AcDbEntity
  8
parts layout
  6
CONTINUOUS
 62
  256
370
   -1
100
AcDbLine
 10
65.55695999999999
 20
22.339453
 11
65.49979499999999
 21
22.201446
  0
LINE
  5
10F8
100
AcDbEntity
  8
parts layout
  6
CONTINUOUS
 62
  256
370
   -1
100
AcDbLine
 10
65.49979499999999
 20
22.201446
 11
65.416805
 21
22.077242
  0
LINE
  5
10F9
100
AcDbEntity
  8
parts layout
  6
CONTINUOUS
 62
  256
370
   -1
100
AcDbLine
 10
65.416805
 20
22.077242
 11
65.311179
 21
21.971616
  0
LINE
  5
10FA
100
AcDbEntity
  8
parts layout
  6
CONTINUOUS
 62
  256
370
   -1
100
AcDbLine
 10
65.311179
 20
21.971616
 11
65.186975
 21
21.888626
  0
LINE
  5
10FB
100
AcDbEntity
  8
parts layout
  6
CONTINUOUS
 62
  256
370
   -1
100
AcDbLine
 10
65.186975
 20
21.888626
 11
65.04896799999999
 21
21.831461
  0
LINE
  5
10FC
100
AcDbEntity
  8
parts layout
  6
CONTINUOUS
 62
  256
370
   -1
100
AcDbLine
 10
65.04896799999999
 20
21.831461
 11
64.90246
 21
21.802319
  0
LINE
  5
10FD
100
AcDbEntity
  8
parts layout
  6
CONTINUOUS
 62
  256
370
   -1
100
AcDbLine
 10
64.90246
 20
21.802319
 11
64.75308199999999
 21
21.802319
  0
LINE
  5
10FE
100
AcDbEntity
  8
parts layout
  6
CONTINUOUS
 62
  256
370
   -1
100
AcDbLine
 10
64.75308199999999
 20
21.802319
 11
64.60657400000001
 21
21.831461
  0
LINE
  5
10FF
100
AcDbEntity
  8
parts layout
  6
CONTINUOUS
 62
  256
370
   -1
100
AcDbLine
 10
64.60657400000001
 20
21.831461
 11
64.46856699999999
 21
21.888626
  0
LINE
  5
1100
100
AcDbEntity
  8
parts layout
  6
CONTINUOUS
 62
  256
370
   -1
100
AcDbLine
 10
64.46856699999999
 20
21.888626
 11
64.344363
 21
21.971616
  0
LINE
  5
1101
100
AcDbEntity
  8
parts layout
  6
CONTINUOUS
 62
  256
370
   -1
100
AcDbLine
 10
64.344363
 20
21.971616
 11
64.238737
 21
22.077242
  0
LINE
  5
1102
100
AcDbEntity
  8
parts layout
  6
CONTINUOUS
 62
  256
370
   -1
100
AcDbLine
 10
64.238737
 20
22.077242
 11
64.15574700000001
 21
22.201446
  0
LINE
  5
1103
100
AcDbEntity
  8
parts layout
  6
CONTINUOUS
 62
  256
370
   -1
100
AcDbLine
 10
64.15574700000001
 20
22.201446
 11
64.09858200000001
 21
22.339453
  0
LINE
  5
1104
100
AcDbEntity
  8
parts layout
  6
CONTINUOUS
 62
  256
370
   -1
100
AcDbLine
 10
64.09858200000001
 20
22.339453
 11
64.06944
 21
22.485961
  0
LINE
  5
1105
100
AcDbEntity
  8
parts layout
  6
CONTINUOUS
 62
  256
370
   -1
100
AcDbLine
 10
64.06944
 20
22.485961
 11
64.06944
 21
22.63533899999999
  0
LINE
  5
1106
100
AcDbEntity
  8
parts layout
  6
CONTINUOUS
 62
  256
370
   -1
100
AcDbLine
 10
64.06944
 20
22.63533899999999
 11
64.09858200000001
 21
22.781847
  0
LINE
  5
1107
100
AcDbEntity
  8
parts layout
  6
CONTINUOUS
 62
  256
370
   -1
100
AcDbLine
 10
64.09858200000001
 20
22.781847
 11
64.15574700000001
 21
22.91985399999999
  0
LINE
  5
1108
100
AcDbEntity
  8
parts layout
  6
CONTINUOUS
 62
  256
370
   -1
100
AcDbLine
 10
64.15574700000001
 20
22.91985399999999
 11
64.238737
 21
23.044058
  0
LINE
  5
1109
100
AcDbEntity
  8
parts layout
  6
CONTINUOUS
 62
  256
370
   -1
100
AcDbLine
 10
64.238737
 20
23.044058
 11
64.344363
 21
23.14968399999999
  0
LINE
  5
110A
100
AcDbEntity
  8
parts layout
  6
CONTINUOUS
 62
  256
370
   -1
100
AcDbLine
 10
64.344363
 20
23.14968399999999
 11
64.46856699999999
 21
23.232674
  0
LINE
  5
110B
100
AcDbEntity
  8
parts layout
  6
CONTINUOUS
 62
  256
370
   -1
100
AcDbLine
 10
64.46856699999999
 20
23.232674
 11
64.60657400000001
 21
23.28983899999999
  0
LINE
  5
110C
100
AcDbEntity
  8
parts layout
  6
CONTINUOUS
 62
  256
370
   -1
100
AcDbLine
 10
64.60657400000001
 20
23.28983899999999
 11
64.75308199999999
 21
23.31898099999999
  0
LINE
  5
110D
100
AcDbEntity
  8
parts layout
  6
CONTINUOUS
 62
  256
370
   -1
100
AcDbLine
 10
64.75308199999999
 20
23.31898099999999
 11
64.90246
 21
23.31898099999999
  0
LINE
  5
110E
100
AcDbEntity
  8
parts layout
  6
CONTINUOUS
 62
  256
370
   -1
100
AcDbLine
 10
64.90246
 20
23.31898099999999
 11
65.04896799999999
 21
23.28983899999999
  0
LINE
  5
110F
100
AcDbEntity
  8
parts layout
  6
CONTINUOUS
 62
  256
370
   -1
100
AcDbLine
 10
65.04896799999999
 20
25.82983899999999
 11
65.186975
 21
25.77267399999999
  0
LINE
  5
1110
100
AcDbEntity
  8
parts layout
  6
CONTINUOUS
 62
  256
370
   -1
100
AcDbLine
 10
65.186975
 20
25.77267399999999
 11
65.311179
 21
25.68968399999999
  0
LINE
  5
1111
100
AcDbEntity
  8
parts layout
  6
CONTINUOUS
 62
  256
370
   -1
100
AcDbLine
 10
65.311179
 20
25.68968399999999
 11
65.416805
 21
25.584058
  0
LINE
  5
1112
100
AcDbEntity
  8
parts layout
  6
CONTINUOUS
 62
  256
370
   -1
100
AcDbLine
 10
65.416805
 20
25.584058
 11
65.49979499999999
 21
25.45985399999999
  0
LINE
  5
1113
100
AcDbEntity
  8
parts layout
  6
CONTINUOUS
 62
  256
370
   -1
100
AcDbLine
 10
65.49979499999999
 20
25.45985399999999
 11
65.55695999999999
 21
25.321847
  0
LINE
  5
1114
100
AcDbEntity
  8
parts layout
  6
CONTINUOUS
 62
  256
370
   -1
100
AcDbLine
 10
65.55695999999999
 20
25.321847
 11
65.586102
 21
25.17533899999999
  0
LINE
  5
1115
100
AcDbEntity
  8
parts layout
  6
CONTINUOUS
 62
  256
370
   -1
100
AcDbLine
 10
65.586102
 20
25.17533899999999
 11
65.586102
 21
25.025961
  0
LINE
  5
1116
100
AcDbEntity
  8
parts layout
  6
CONTINUOUS
 62
  256
370
   -1
100
AcDbLine
 10
65.586102
 20
25.025961
 11
65.55695999999999
 21
24.879453
  0
LINE
  5
1117
100
AcDbEntity
  8
parts layout
  6
CONTINUOUS
 62
  256
370
   -1
100
AcDbLine
 10
65.55695999999999
 20
24.879453
 11
65.49979499999999
 21
24.741446
  0
LINE
  5
1118
100
AcDbEntity
  8
parts layout
  6
CONTINUOUS
 62
  256
370
   -1
100
AcDbLine
 10
65.49979499999999
 20
24.741446
 11
65.416805
 21
24.617242
  0
LINE
  5
1119
100
AcDbEntity
  8
parts layout
  6
CONTINUOUS
 62
  256
370
   -1
100
AcDbLine
 10
65.416805
 20
24.617242
 11
65.311179
 21
24.511616
  0
LINE
  5
111A
100
AcDbEntity
  8
parts layout
  6
CONTINUOUS
 62
  256
370
   -1
100
AcDbLine
 10
65.311179
 20
24.511616
 11
65.186975
 21
24.42862599999999
  0
LINE
  5
111B
100
AcDbEntity
  8
parts layout
  6
CONTINUOUS
 62
  256
370
   -1
100
AcDbLine
 10
65.186975
 20
24.42862599999999
 11
65.04896799999999
 21
24.371461
  0
LINE
  5
111C
100
AcDbEntity
  8
parts layout
  6
CONTINUOUS
 62
  256
370
   -1
100
AcDbLine
 10
65.04896799999999
 20
24.371461
 11
64.90246
 21
24.342319
  0
LINE
  5
111D
100
AcDbEntity
  8
parts layout
  6
CONTINUOUS
 62
  256
370
   -1
100
AcDbLine
 10
64.90246
 20
24.342319
 11
64.75308199999999
 21
24.342319
  0
LINE
  5
111E
100
AcDbEntity
  8
parts layout
  6
CONTINUOUS
 62
  256
370
   -1
100
AcDbLine
 10
64.75308199999999
 20
24.342319
 11
64.60657400000001
 21
24.371461
  0
LINE
  5
111F
100
AcDbEntity
  8
parts layout
  6
CONTINUOUS
 62
  256
370
   -1
100
AcDbLine
 10
64.60657400000001
 20
24.371461
 11
64.46856699999999
 21
24.42862599999999
  0
LINE
  5
1120
100
AcDbEntity
  8
parts layout
  6
CONTINUOUS
 62
  256
370
   -1
100
AcDbLine
 10
64.46856699999999
 20
24.42862599999999
 11
64.344363
 21
24.511616
  0
LINE
  5
1121
100
AcDbEntity
  8
parts layout
  6
CONTINUOUS
 62
  256
370
   -1
100
AcDbLine
 10
64.344363
 20
24.511616
 11
64.238737
 21
24.617242
  0
LINE
  5
1122
100
AcDbEntity
  8
parts layout
  6
CONTINUOUS
 62
  256
370
   -1
100
AcDbLine
 10
64.238737
 20
24.617242
 11
64.15574700000001
 21
24.741446
  0
LINE
  5
1123
100
AcDbEntity
  8
parts layout
  6
CONTINUOUS
 62
  256
370
   -1
100
AcDbLine
 10
64.15574700000001
 20
24.741446
 11
64.09858200000001
 21
24.879453
  0
LINE
  5
1124
100
AcDbEntity
  8
parts layout
  6
CONTINUOUS
 62
  256
370
   -1
100
AcDbLine
 10
64.09858200000001
 20
24.879453
 11
64.06944
 21
25.025961
  0
LINE
  5
1125
100
AcDbEntity
  8
parts layout
  6
CONTINUOUS
 62
  256
370
   -1
100
AcDbLine
 10
64.06944
 20
25.025961
 11
64.06944
 21
25.17533899999999
  0
LINE
  5
1126
100
AcDbEntity
  8
parts layout
  6
CONTINUOUS
 62
  256
370
   -1
100
AcDbLine
 10
64.06944
 20
25.17533899999999
 11
64.09858200000001
 21
25.321847
  0
LINE
  5
1127
100
AcDbEntity
  8
parts layout
  6
CONTINUOUS
 62
  256
370
   -1
100
AcDbLine
 10
64.09858200000001
 20
25.321847
 11
64.15574700000001
 21
25.45985399999999
  0
LINE
  5
1128
100
AcDbEntity
  8
parts layout
  6
CONTINUOUS
 62
  256
370
   -1
100
AcDbLine
 10
64.15574700000001
 20
25.45985399999999
 11
64.238737
 21
25.584058
  0
LINE
  5
1129
100
AcDbEntity
  8
parts layout
  6
CONTINUOUS
 62
  256
370
   -1
100
AcDbLine
 10
64.238737
 20
25.584058
 11
64.344363
 21
25.68968399999999
  0
LINE
  5
112A
100
AcDbEntity
  8
parts layout
  6
CONTINUOUS
 62
  256
370
   -1
100
AcDbLine
 10
64.344363
 20
25.68968399999999
 11
64.46856699999999
 21
25.77267399999999
  0
LINE
  5
112B
100
AcDbEntity
  8
parts layout
  6
CONTINUOUS
 62
  256
370
   -1
100
AcDbLine
 10
64.46856699999999
 20
25.77267399999999
 11
64.60657400000001
 21
25.82983899999999
  0
LINE
  5
112C
100
AcDbEntity
  8
parts layout
  6
CONTINUOUS
 62
  256
370
   -1
100
AcDbLine
 10
64.60657400000001
 20
25.82983899999999
 11
64.75308199999999
 21
25.85898099999999
  0
LINE
  5
112D
100
AcDbEntity
  8
parts layout
  6
CONTINUOUS
 62
  256
370
   -1
100
AcDbLine
 10
64.75308199999999
 20
25.85898099999999
 11
64.90246
 21
25.85898099999999
  0
LINE
  5
112E
100
AcDbEntity
  8
parts layout
  6
CONTINUOUS
 62
  256
370
   -1
100
AcDbLine
 10
64.90246
 20
25.85898099999999
 11
65.04896799999999
 21
25.82983899999999
  0
LINE
  5
112F
100
AcDbEntity
  8
parts layout
  6
CONTINUOUS
 62
  256
370
   -1
100
AcDbLine
 10
65.04896799999999
 20
28.369839
 11
65.186975
 21
28.31267399999999
  0
LINE
  5
1130
100
AcDbEntity
  8
parts layout
  6
CONTINUOUS
 62
  256
370
   -1
100
AcDbLine
 10
65.186975
 20
28.31267399999999
 11
65.311179
 21
28.229684
  0
LINE
  5
1131
100
AcDbEntity
  8
parts layout
  6
CONTINUOUS
 62
  256
370
   -1
100
AcDbLine
 10
65.311179
 20
28.229684
 11
65.416805
 21
28.124058
  0
LINE
  5
1132
100
AcDbEntity
  8
parts layout
  6
CONTINUOUS
 62
  256
370
   -1
100
AcDbLine
 10
65.416805
 20
28.124058
 11
65.49979499999999
 21
27.999854
  0
LINE
  5
1133
100
AcDbEntity
  8
parts layout
  6
CONTINUOUS
 62
  256
370
   -1
100
AcDbLine
 10
65.49979499999999
 20
27.999854
 11
65.55695999999999
 21
27.861847
  0
LINE
  5
1134
100
AcDbEntity
  8
parts layout
  6
CONTINUOUS
 62
  256
370
   -1
100
AcDbLine
 10
65.55695999999999
 20
27.861847
 11
65.586102
 21
27.71533899999999
  0
LINE
  5
1135
100
AcDbEntity
  8
parts layout
  6
CONTINUOUS
 62
  256
370
   -1
100
AcDbLine
 10
65.586102
 20
27.71533899999999
 11
65.586102
 21
27.56596099999999
  0
LINE
  5
1136
100
AcDbEntity
  8
parts layout
  6
CONTINUOUS
 62
  256
370
   -1
100
AcDbLine
 10
65.586102
 20
27.56596099999999
 11
65.55695999999999
 21
27.419453
  0
LINE
  5
1137
100
AcDbEntity
  8
parts layout
  6
CONTINUOUS
 62
  256
370
   -1
100
AcDbLine
 10
65.55695999999999
 20
27.419453
 11
65.49979499999999
 21
27.281446
  0
LINE
  5
1138
100
AcDbEntity
  8
parts layout
  6
CONTINUOUS
 62
  256
370
   -1
100
AcDbLine
 10
65.49979499999999
 20
27.281446
 11
65.416805
 21
27.157242
  0
LINE
  5
1139
100
AcDbEntity
  8
parts layout
  6
CONTINUOUS
 62
  256
370
   -1
100
AcDbLine
 10
65.416805
 20
27.157242
 11
65.311179
 21
27.051616
  0
LINE
  5
113A
100
AcDbEntity
  8
parts layout
  6
CONTINUOUS
 62
  256
370
   -1
100
AcDbLine
 10
65.311179
 20
27.051616
 11
65.186975
 21
26.96862599999999
  0
LINE
  5
113B
100
AcDbEntity
  8
parts layout
  6
CONTINUOUS
 62
  256
370
   -1
100
AcDbLine
 10
65.186975
 20
26.96862599999999
 11
65.04896799999999
 21
26.911461
  0
LINE
  5
113C
100
AcDbEntity
  8
parts layout
  6
CONTINUOUS
 62
  256
370
   -1
100
AcDbLine
 10
65.04896799999999
 20
26.911461
 11
64.90246
 21
26.882319
  0
LINE
  5
113D
100
AcDbEntity
  8
parts layout
  6
CONTINUOUS
 62
  256
370
   -1
100
AcDbLine
 10
64.90246
 20
26.882319
 11
64.75308199999999
 21
26.882319
  0
LINE
  5
113E
100
AcDbEntity
  8
parts layout
  6
CONTINUOUS
 62
  256
370
   -1
100
AcDbLine
 10
64.75308199999999
 20
26.882319
 11
64.60657400000001
 21
26.911461
  0
LINE
  5
113F
100
AcDbEntity
  8
parts layout
  6
CONTINUOUS
 62
  256
370
   -1
100
AcDbLine
 10
64.60657400000001
 20
26.911461
 11
64.46856699999999
 21
26.96862599999999
  0
LINE
  5
1140
100
AcDbEntity
  8
parts layout
  6
CONTINUOUS
 62
  256
370
   -1
100
AcDbLine
 10
64.46856699999999
 20
26.96862599999999
 11
64.344363
 21
27.051616
  0
LINE
  5
1141
100
AcDbEntity
  8
parts layout
  6
CONTINUOUS
 62
  256
370
   -1
100
AcDbLine
 10
64.344363
 20
27.051616
 11
64.238737
 21
27.157242
  0
LINE
  5
1142
100
AcDbEntity
  8
parts layout
  6
CONTINUOUS
 62
  256
370
   -1
100
AcDbLine
 10
64.238737
 20
27.157242
 11
64.15574700000001
 21
27.281446
  0
LINE
  5
1143
100
AcDbEntity
  8
parts layout
  6
CONTINUOUS
 62
  256
370
   -1
100
AcDbLine
 10
64.15574700000001
 20
27.281446
 11
64.09858200000001
 21
27.419453
  0
LINE
  5
1144
100
AcDbEntity
  8
parts layout
  6
CONTINUOUS
 62
  256
370
   -1
100
AcDbLine
 10
64.09858200000001
 20
27.419453
 11
64.06944
 21
27.56596099999999
  0
LINE
  5
1145
100
AcDbEntity
  8
parts layout
  6
CONTINUOUS
 62
  256
370
   -1
100
AcDbLine
 10
64.06944
 20
27.56596099999999
 11
64.06944
 21
27.71533899999999
  0
LINE
  5
1146
100
AcDbEntity
  8
parts layout
  6
CONTINUOUS
 62
  256
370
   -1
100
AcDbLine
 10
64.06944
 20
27.71533899999999
 11
64.09858200000001
 21
27.861847
  0
LINE
  5
1147
100
AcDbEntity
  8
parts layout
  6
CONTINUOUS
 62
  256
370
   -1
100
AcDbLine
 10
64.09858200000001
 20
27.861847
 11
64.15574700000001
 21
27.999854
  0
LINE
  5
1148
100
AcDbEntity
  8
parts layout
  6
CONTINUOUS
 62
  256
370
   -1
100
AcDbLine
 10
64.15574700000001
 20
27.999854
 11
64.238737
 21
28.124058
  0
LINE
  5
1149
100
AcDbEntity
  8
parts layout
  6
CONTINUOUS
 62
  256
370
   -1
100
AcDbLine
 10
64.238737
 20
28.124058
 11
64.344363
 21
28.229684
  0
LINE
  5
114A
100
AcDbEntity
  8
parts layout
  6
CONTINUOUS
 62
  256
370
   -1
100
AcDbLine
 10
64.344363
 20
28.229684
 11
64.46856699999999
 21
28.31267399999999
  0
LINE
  5
114B
100
AcDbEntity
  8
parts layout
  6
CONTINUOUS
 62
  256
370
   -1
100
AcDbLine
 10
64.46856699999999
 20
28.31267399999999
 11
64.60657400000001
 21
28.369839
  0
LINE
  5
114C
100
AcDbEntity
  8
parts layout
  6
CONTINUOUS
 62
  256
370
   -1
100
AcDbLine
 10
64.60657400000001
 20
28.369839
 11
64.75308199999999
 21
28.398981
  0
LINE
  5
114D
100
AcDbEntity
  8
parts layout
  6
CONTINUOUS
 62
  256
370
   -1
100
AcDbLine
 10
64.75308199999999
 20
28.398981
 11
64.90246
 21
28.398981
  0
LINE
  5
114E
100
AcDbEntity
  8
parts layout
  6
CONTINUOUS
 62
  256
370
   -1
100
AcDbLine
 10
64.90246
 20
28.398981
 11
65.04896799999999
 21
28.369839
  0
LINE
  5
114F
100
AcDbEntity
  8
parts layout
  6
CONTINUOUS
 62
  256
370
   -1
100
AcDbLine
 10
49.82896799999999
 20
0.4298390000000012
 11
49.96697500000001
 21
0.3726740000000035
  0
LINE
  5
1150
100
AcDbEntity
  8
parts layout
  6
CONTINUOUS
 62
  256
370
   -1
100
AcDbLine
 10
49.96697500000001
 20
0.3726740000000035
 11
50.091179
 21
0.2896839999999941
  0
LINE
  5
1151
100
AcDbEntity
  8
parts layout
  6
CONTINUOUS
 62
  256
370
   -1
100
AcDbLine
 10
50.091179
 20
0.2896839999999941
 11
50.196805
 21
0.1840579999999932
  0
LINE
  5
1152
100
AcDbEntity
  8
parts layout
  6
CONTINUOUS
 62
  256
370
   -1
100
AcDbLine
 10
50.196805
 20
0.1840579999999932
 11
50.27979499999999
 21
0.05985400000000141
  0
LINE
  5
1153
100
AcDbEntity
  8
parts layout
  6
CONTINUOUS
 62
  256
370
   -1
100
AcDbLine
 10
50.27979499999999
 20
0.05985400000000141
 11
50.33695999999999
 21
-0.07815300000000036
  0
LINE
  5
1154
100
AcDbEntity
  8
parts layout
  6
CONTINUOUS
 62
  256
370
   -1
100
AcDbLine
 10
50.33695999999999
 20
-0.07815300000000036
 11
50.366102
 21
-0.2246609999999976
  0
LINE
  5
1155
100
AcDbEntity
  8
parts layout
  6
CONTINUOUS
 62
  256
370
   -1
100
AcDbLine
 10
50.366102
 20
-0.2246609999999976
 11
50.366102
 21
-0.3740389999999962
  0
LINE
  5
1156
100
AcDbEntity
  8
parts layout
  6
CONTINUOUS
 62
  256
370
   -1
100
AcDbLine
 10
50.366102
 20
-0.3740389999999962
 11
50.33695999999999
 21
-0.5205470000000076
  0
LINE
  5
1157
100
AcDbEntity
  8
parts layout
  6
CONTINUOUS
 62
  256
370
   -1
100
AcDbLine
 10
50.33695999999999
 20
-0.5205470000000076
 11
50.27979499999999
 21
-0.6585540000000094
  0
LINE
  5
1158
100
AcDbEntity
  8
parts layout
  6
CONTINUOUS
 62
  256
370
   -1
100
AcDbLine
 10
50.27979499999999
 20
-0.6585540000000094
 11
50.196805
 21
-0.7827580000000012
  0
LINE
  5
1159
100
AcDbEntity
  8
parts layout
  6
CONTINUOUS
 62
  256
370
   -1
100
AcDbLine
 10
50.196805
 20
-0.7827580000000012
 11
50.091179
 21
-0.8883840000000021
  0
LINE
  5
115A
100
AcDbEntity
  8
parts layout
  6
CONTINUOUS
 62
  256
370
   -1
100
AcDbLine
 10
50.091179
 20
-0.8883840000000021
 11
49.96697500000001
 21
-0.9713739999999973
  0
LINE
  5
115B
100
AcDbEntity
  8
parts layout
  6
CONTINUOUS
 62
  256
370
   -1
100
AcDbLine
 10
49.96697500000001
 20
-0.9713739999999973
 11
49.82896799999999
 21
-1.028539000000009
  0
LINE
  5
115C
100
AcDbEntity
  8
parts layout
  6
CONTINUOUS
 62
  256
370
   -1
100
AcDbLine
 10
49.82896799999999
 20
-1.028539000000009
 11
49.68246000000001
 21
-1.057681000000002
  0
LINE
  5
115D
100
AcDbEntity
  8
parts layout
  6
CONTINUOUS
 62
  256
370
   -1
100
AcDbLine
 10
49.68246000000001
 20
-1.057681000000002
 11
49.53308199999999
 21
-1.057681000000002
  0
LINE
  5
115E
100
AcDbEntity
  8
parts layout
  6
CONTINUOUS
 62
  256
370
   -1
100
AcDbLine
 10
49.53308199999999
 20
-1.057681000000002
 11
49.38657399999998
 21
-1.028539000000009
  0
LINE
  5
115F
100
AcDbEntity
  8
parts layout
  6
CONTINUOUS
 62
  256
370
   -1
100
AcDbLine
 10
49.38657399999998
 20
-1.028539000000009
 11
49.24856699999999
 21
-0.9713739999999973
  0
LINE
  5
1160
100
AcDbEntity
  8
parts layout
  6
CONTINUOUS
 62
  256
370
   -1
100
AcDbLine
 10
49.24856699999999
 20
-0.9713739999999973
 11
49.124363
 21
-0.8883840000000021
  0
LINE
  5
1161
100
AcDbEntity
  8
parts layout
  6
CONTINUOUS
 62
  256
370
   -1
100
AcDbLine
 10
49.124363
 20
-0.8883840000000021
 11
49.018737
 21
-0.7827580000000012
  0
LINE
  5
1162
100
AcDbEntity
  8
parts layout
  6
CONTINUOUS
 62
  256
370
   -1
100
AcDbLine
 10
49.018737
 20
-0.7827580000000012
 11
48.93574700000001
 21
-0.6585540000000094
  0
LINE
  5
1163
100
AcDbEntity
  8
parts layout
  6
CONTINUOUS
 62
  256
370
   -1
100
AcDbLine
 10
48.93574700000001
 20
-0.6585540000000094
 11
48.87858200000001
 21
-0.5205470000000076
  0
LINE
  5
1164
100
AcDbEntity
  8
parts layout
  6
CONTINUOUS
 62
  256
370
   -1
100
AcDbLine
 10
48.87858200000001
 20
-0.5205470000000076
 11
48.84944
 21
-0.3740389999999962
  0
LINE
  5
1165
100
AcDbEntity
  8
parts layout
  6
CONTINUOUS
 62
  256
370
   -1
100
AcDbLine
 10
48.84944
 20
-0.3740389999999962
 11
48.84944
 21
-0.2246609999999976
  0
LINE
  5
1166
100
AcDbEntity
  8
parts layout
  6
CONTINUOUS
 62
  256
370
   -1
100
AcDbLine
 10
48.84944
 20
-0.2246609999999976
 11
48.87858200000001
 21
-0.07815300000000036
  0
LINE
  5
1167
100
AcDbEntity
  8
parts layout
  6
CONTINUOUS
 62
  256
370
   -1
100
AcDbLine
 10
48.87858200000001
 20
-0.07815300000000036
 11
48.93574700000001
 21
0.05985400000000141
  0
LINE
  5
1168
100
AcDbEntity
  8
parts layout
  6
CONTINUOUS
 62
  256
370
   -1
100
AcDbLine
 10
48.93574700000001
 20
0.05985400000000141
 11
49.018737
 21
0.1840579999999932
  0
LINE
  5
1169
100
AcDbEntity
  8
parts layout
  6
CONTINUOUS
 62
  256
370
   -1
100
AcDbLine
 10
49.018737
 20
0.1840579999999932
 11
49.124363
 21
0.2896839999999941
  0
LINE
  5
116A
100
AcDbEntity
  8
parts layout
  6
CONTINUOUS
 62
  256
370
   -1
100
AcDbLine
 10
49.124363
 20
0.2896839999999941
 11
49.24856699999999
 21
0.3726740000000035
  0
LINE
  5
116B
100
AcDbEntity
  8
parts layout
  6
CONTINUOUS
 62
  256
370
   -1
100
AcDbLine
 10
49.24856699999999
 20
0.3726740000000035
 11
49.38657399999998
 21
0.4298390000000012
  0
LINE
  5
116C
100
AcDbEntity
  8
parts layout
  6
CONTINUOUS
 62
  256
370
   -1
100
AcDbLine
 10
49.38657399999998
 20
0.4298390000000012
 11
49.53308199999999
 21
0.4589809999999943
  0
LINE
  5
116D
100
AcDbEntity
  8
parts layout
  6
CONTINUOUS
 62
  256
370
   -1
100
AcDbLine
 10
49.53308199999999
 20
0.4589809999999943
 11
49.68246000000001
 21
0.4589809999999943
  0
LINE
  5
116E
100
AcDbEntity
  8
parts layout
  6
CONTINUOUS
 62
  256
370
   -1
100
AcDbLine
 10
49.68246000000001
 20
0.4589809999999943
 11
49.82896799999999
 21
0.4298390000000012
  0
LINE
  5
116F
100
AcDbEntity
  8
parts layout
  6
CONTINUOUS
 62
  256
370
   -1
100
AcDbLine
 10
49.82896799999999
 20
2.969838999999993
 11
49.96697500000001
 21
2.912673999999996
  0
LINE
  5
1170
100
AcDbEntity
  8
parts layout
  6
CONTINUOUS
 62
  256
370
   -1
100
AcDbLine
 10
49.96697500000001
 20
2.912673999999996
 11
50.091179
 21
2.829684
  0
LINE
  5
1171
100
AcDbEntity
  8
parts layout
  6
CONTINUOUS
 62
  256
370
   -1
100
AcDbLine
 10
50.091179
 20
2.829684
 11
50.196805
 21
2.724057999999999
  0
LINE
  5
1172
100
AcDbEntity
  8
parts layout
  6
CONTINUOUS
 62
  256
370
   -1
100
AcDbLine
 10
50.196805
 20
2.724057999999999
 11
50.27979499999999
 21
2.599853999999993
  0
LINE
  5
1173
100
AcDbEntity
  8
parts layout
  6
CONTINUOUS
 62
  256
370
   -1
100
AcDbLine
 10
50.27979499999999
 20
2.599853999999993
 11
50.33695999999999
 21
2.461846999999992
  0
LINE
  5
1174
100
AcDbEntity
  8
parts layout
  6
CONTINUOUS
 62
  256
370
   -1
100
AcDbLine
 10
50.33695999999999
 20
2.461846999999992
 11
50.366102
 21
2.315338999999994
  0
LINE
  5
1175
100
AcDbEntity
  8
parts layout
  6
CONTINUOUS
 62
  256
370
   -1
100
AcDbLine
 10
50.366102
 20
2.315338999999994
 11
50.366102
 21
2.165960999999996
  0
LINE
  5
1176
100
AcDbEntity
  8
parts layout
  6
CONTINUOUS
 62
  256
370
   -1
100
AcDbLine
 10
50.366102
 20
2.165960999999996
 11
50.33695999999999
 21
2.019452999999999
  0
LINE
  5
1177
100
AcDbEntity
  8
parts layout
  6
CONTINUOUS
 62
  256
370
   -1
100
AcDbLine
 10
50.33695999999999
 20
2.019452999999999
 11
50.27979499999999
 21
1.881445999999997
  0
LINE
  5
1178
100
AcDbEntity
  8
parts layout
  6
CONTINUOUS
 62
  256
370
   -1
100
AcDbLine
 10
50.27979499999999
 20
1.881445999999997
 11
50.196805
 21
1.757241999999991
  0
LINE
  5
1179
100
AcDbEntity
  8
parts layout
  6
CONTINUOUS
 62
  256
370
   -1
100
AcDbLine
 10
50.196805
 20
1.757241999999991
 11
50.091179
 21
1.651616000000004
  0
LINE
  5
117A
100
AcDbEntity
  8
parts layout
  6
CONTINUOUS
 62
  256
370
   -1
100
AcDbLine
 10
50.091179
 20
1.651616000000004
 11
49.96697500000001
 21
1.568625999999995
  0
LINE
  5
117B
100
AcDbEntity
  8
parts layout
  6
CONTINUOUS
 62
  256
370
   -1
100
AcDbLine
 10
49.96697500000001
 20
1.568625999999995
 11
49.82896799999999
 21
1.511460999999997
  0
LINE
  5
117C
100
AcDbEntity
  8
parts layout
  6
CONTINUOUS
 62
  256
370
   -1
100
AcDbLine
 10
49.82896799999999
 20
1.511460999999997
 11
49.68246000000001
 21
1.482319000000004
  0
LINE
  5
117D
100
AcDbEntity
  8
parts layout
  6
CONTINUOUS
 62
  256
370
   -1
100
AcDbLine
 10
49.68246000000001
 20
1.482319000000004
 11
49.53308199999999
 21
1.482319000000004
  0
LINE
  5
117E
100
AcDbEntity
  8
parts layout
  6
CONTINUOUS
 62
  256
370
   -1
100
AcDbLine
 10
49.53308199999999
 20
1.482319000000004
 11
49.38657399999998
 21
1.511460999999997
  0
LINE
  5
117F
100
AcDbEntity
  8
parts layout
  6
CONTINUOUS
 62
  256
370
   -1
100
AcDbLine
 10
49.38657399999998
 20
1.511460999999997
 11
49.24856699999999
 21
1.568625999999995
  0
LINE
  5
1180
100
AcDbEntity
  8
parts layout
  6
CONTINUOUS
 62
  256
370
   -1
100
AcDbLine
 10
49.24856699999999
 20
1.568625999999995
 11
49.124363
 21
1.651616000000004
  0
LINE
  5
1181
100
AcDbEntity
  8
parts layout
  6
CONTINUOUS
 62
  256
370
   -1
100
AcDbLine
 10
49.124363
 20
1.651616000000004
 11
49.018737
 21
1.757241999999991
  0
LINE
  5
1182
100
AcDbEntity
  8
parts layout
  6
CONTINUOUS
 62
  256
370
   -1
100
AcDbLine
 10
49.018737
 20
1.757241999999991
 11
48.93574700000001
 21
1.881445999999997
  0
LINE
  5
1183
100
AcDbEntity
  8
parts layout
  6
CONTINUOUS
 62
  256
370
   -1
100
AcDbLine
 10
48.93574700000001
 20
1.881445999999997
 11
48.87858200000001
 21
2.019452999999999
  0
LINE
  5
1184
100
AcDbEntity
  8
parts layout
  6
CONTINUOUS
 62
  256
370
   -1
100
AcDbLine
 10
48.87858200000001
 20
2.019452999999999
 11
48.84944
 21
2.165960999999996
  0
LINE
  5
1185
100
AcDbEntity
  8
parts layout
  6
CONTINUOUS
 62
  256
370
   -1
100
AcDbLine
 10
48.84944
 20
2.165960999999996
 11
48.84944
 21
2.315338999999994
  0
LINE
  5
1186
100
AcDbEntity
  8
parts layout
  6
CONTINUOUS
 62
  256
370
   -1
100
AcDbLine
 10
48.84944
 20
2.315338999999994
 11
48.87858200000001
 21
2.461846999999992
  0
LINE
  5
1187
100
AcDbEntity
  8
parts layout
  6
CONTINUOUS
 62
  256
370
   -1
100
AcDbLine
 10
48.87858200000001
 20
2.461846999999992
 11
48.93574700000001
 21
2.599853999999993
  0
LINE
  5
1188
100
AcDbEntity
  8
parts layout
  6
CONTINUOUS
 62
  256
370
   -1
100
AcDbLine
 10
48.93574700000001
 20
2.599853999999993
 11
49.018737
 21
2.724057999999999
  0
LINE
  5
1189
100
AcDbEntity
  8
parts layout
  6
CONTINUOUS
 62
  256
370
   -1
100
AcDbLine
 10
49.018737
 20
2.724057999999999
 11
49.124363
 21
2.829684
  0
LINE
  5
118A
100
AcDbEntity
  8
parts layout
  6
CONTINUOUS
 62
  256
370
   -1
100
AcDbLine
 10
49.124363
 20
2.829684
 11
49.24856699999999
 21
2.912673999999996
  0
LINE
  5
118B
100
AcDbEntity
  8
parts layout
  6
CONTINUOUS
 62
  256
370
   -1
100
AcDbLine
 10
49.24856699999999
 20
2.912673999999996
 11
49.38657399999998
 21
2.969838999999993
  0
LINE
  5
118C
100
AcDbEntity
  8
parts layout
  6
CONTINUOUS
 62
  256
370
   -1
100
AcDbLine
 10
49.38657399999998
 20
2.969838999999993
 11
49.53308199999999
 21
2.998981000000001
  0
LINE
  5
118D
100
AcDbEntity
  8
parts layout
  6
CONTINUOUS
 62
  256
370
   -1
100
AcDbLine
 10
49.53308199999999
 20
2.998981000000001
 11
49.68246000000001
 21
2.998981000000001
  0
LINE
  5
118E
100
AcDbEntity
  8
parts layout
  6
CONTINUOUS
 62
  256
370
   -1
100
AcDbLine
 10
49.68246000000001
 20
2.998981000000001
 11
49.82896799999999
 21
2.969838999999993
  0
LINE
  5
118F
100
AcDbEntity
  8
parts layout
  6
CONTINUOUS
 62
  256
370
   -1
100
AcDbLine
 10
49.82896799999999
 20
5.509838999999999
 11
49.96697500000001
 21
5.452674000000002
  0
LINE
  5
1190
100
AcDbEntity
  8
parts layout
  6
CONTINUOUS
 62
  256
370
   -1
100
AcDbLine
 10
49.96697500000001
 20
5.452674000000002
 11
50.091179
 21
5.369683999999992
  0
LINE
  5
1191
100
AcDbEntity
  8
parts layout
  6
CONTINUOUS
 62
  256
370
   -1
100
AcDbLine
 10
50.091179
 20
5.369683999999992
 11
50.196805
 21
5.264057999999991
  0
LINE
  5
1192
100
AcDbEntity
  8
parts layout
  6
CONTINUOUS
 62
  256
370
   -1
100
AcDbLine
 10
50.196805
 20
5.264057999999991
 11
50.27979499999999
 21
5.139854
  0
LINE
  5
1193
100
AcDbEntity
  8
parts layout
  6
CONTINUOUS
 62
  256
370
   -1
100
AcDbLine
 10
50.27979499999999
 20
5.139854
 11
50.33695999999999
 21
5.001846999999998
  0
LINE
  5
1194
100
AcDbEntity
  8
parts layout
  6
CONTINUOUS
 62
  256
370
   -1
100
AcDbLine
 10
50.33695999999999
 20
5.001846999999998
 11
50.366102
 21
4.855339000000001
  0
LINE
  5
1195
100
AcDbEntity
  8
parts layout
  6
CONTINUOUS
 62
  256
370
   -1
100
AcDbLine
 10
50.366102
 20
4.855339000000001
 11
50.366102
 21
4.705961000000002
  0
LINE
  5
1196
100
AcDbEntity
  8
parts layout
  6
CONTINUOUS
 62
  256
370
   -1
100
AcDbLine
 10
50.366102
 20
4.705961000000002
 11
50.33695999999999
 21
4.559452999999991
  0
LINE
  5
1197
100
AcDbEntity
  8
parts layout
  6
CONTINUOUS
 62
  256
370
   -1
100
AcDbLine
 10
50.33695999999999
 20
4.559452999999991
 11
50.27979499999999
 21
4.421446000000003
  0
LINE
  5
1198
100
AcDbEntity
  8
parts layout
  6
CONTINUOUS
 62
  256
370
   -1
100
AcDbLine
 10
50.27979499999999
 20
4.421446000000003
 11
50.196805
 21
4.297241999999997
  0
LINE
  5
1199
100
AcDbEntity
  8
parts layout
  6
CONTINUOUS
 62
  256
370
   -1
100
AcDbLine
 10
50.196805
 20
4.297241999999997
 11
50.091179
 21
4.191615999999996
  0
LINE
  5
119A
100
AcDbEntity
  8
parts layout
  6
CONTINUOUS
 62
  256
370
   -1
100
AcDbLine
 10
50.091179
 20
4.191615999999996
 11
49.96697500000001
 21
4.108626000000001
  0
LINE
  5
119B
100
AcDbEntity
  8
parts layout
  6
CONTINUOUS
 62
  256
370
   -1
100
AcDbLine
 10
49.96697500000001
 20
4.108626000000001
 11
49.82896799999999
 21
4.051461000000003
  0
LINE
  5
119C
100
AcDbEntity
  8
parts layout
  6
CONTINUOUS
 62
  256
370
   -1
100
AcDbLine
 10
49.82896799999999
 20
4.051461000000003
 11
49.68246000000001
 21
4.022318999999996
  0
LINE
  5
119D
100
AcDbEntity
  8
parts layout
  6
CONTINUOUS
 62
  256
370
   -1
100
AcDbLine
 10
49.68246000000001
 20
4.022318999999996
 11
49.53308199999999
 21
4.022318999999996
  0
LINE
  5
119E
100
AcDbEntity
  8
parts layout
  6
CONTINUOUS
 62
  256
370
   -1
100
AcDbLine
 10
49.53308199999999
 20
4.022318999999996
 11
49.38657399999998
 21
4.051461000000003
  0
LINE
  5
119F
100
AcDbEntity
  8
parts layout
  6
CONTINUOUS
 62
  256
370
   -1
100
AcDbLine
 10
49.38657399999998
 20
4.051461000000003
 11
49.24856699999999
 21
4.108626000000001
  0
LINE
  5
11A0
100
AcDbEntity
  8
parts layout
  6
CONTINUOUS
 62
  256
370
   -1
100
AcDbLine
 10
49.24856699999999
 20
4.108626000000001
 11
49.124363
 21
4.191615999999996
  0
LINE
  5
11A1
100
AcDbEntity
  8
parts layout
  6
CONTINUOUS
 62
  256
370
   -1
100
AcDbLine
 10
49.124363
 20
4.191615999999996
 11
49.018737
 21
4.297241999999997
  0
LINE
  5
11A2
100
AcDbEntity
  8
parts layout
  6
CONTINUOUS
 62
  256
370
   -1
100
AcDbLine
 10
49.018737
 20
4.297241999999997
 11
48.93574700000001
 21
4.421446000000003
  0
LINE
  5
11A3
100
AcDbEntity
  8
parts layout
  6
CONTINUOUS
 62
  256
370
   -1
100
AcDbLine
 10
48.93574700000001
 20
4.421446000000003
 11
48.87858200000001
 21
4.559452999999991
  0
LINE
  5
11A4
100
AcDbEntity
  8
parts layout
  6
CONTINUOUS
 62
  256
370
   -1
100
AcDbLine
 10
48.87858200000001
 20
4.559452999999991
 11
48.84944
 21
4.705961000000002
  0
LINE
  5
11A5
100
AcDbEntity
  8
parts layout
  6
CONTINUOUS
 62
  256
370
   -1
100
AcDbLine
 10
48.84944
 20
4.705961000000002
 11
48.84944
 21
4.855339000000001
  0
LINE
  5
11A6
100
AcDbEntity
  8
parts layout
  6
CONTINUOUS
 62
  256
370
   -1
100
AcDbLine
 10
48.84944
 20
4.855339000000001
 11
48.87858200000001
 21
5.001846999999998
  0
LINE
  5
11A7
100
AcDbEntity
  8
parts layout
  6
CONTINUOUS
 62
  256
370
   -1
100
AcDbLine
 10
48.87858200000001
 20
5.001846999999998
 11
48.93574700000001
 21
5.139854
  0
LINE
  5
11A8
100
AcDbEntity
  8
parts layout
  6
CONTINUOUS
 62
  256
370
   -1
100
AcDbLine
 10
48.93574700000001
 20
5.139854
 11
49.018737
 21
5.264057999999991
  0
LINE
  5
11A9
100
AcDbEntity
  8
parts layout
  6
CONTINUOUS
 62
  256
370
   -1
100
AcDbLine
 10
49.018737
 20
5.264057999999991
 11
49.124363
 21
5.369683999999992
  0
LINE
  5
11AA
100
AcDbEntity
  8
parts layout
  6
CONTINUOUS
 62
  256
370
   -1
100
AcDbLine
 10
49.124363
 20
5.369683999999992
 11
49.24856699999999
 21
5.452674000000002
  0
LINE
  5
11AB
100
AcDbEntity
  8
parts layout
  6
CONTINUOUS
 62
  256
370
   -1
100
AcDbLine
 10
49.24856699999999
 20
5.452674000000002
 11
49.38657399999998
 21
5.509838999999999
  0
LINE
  5
11AC
100
AcDbEntity
  8
parts layout
  6
CONTINUOUS
 62
  256
370
   -1
100
AcDbLine
 10
49.38657399999998
 20
5.509838999999999
 11
49.53308199999999
 21
5.538980999999993
  0
LINE
  5
11AD
100
AcDbEntity
  8
parts layout
  6
CONTINUOUS
 62
  256
370
   -1
100
AcDbLine
 10
49.53308199999999
 20
5.538980999999993
 11
49.68246000000001
 21
5.538980999999993
  0
LINE
  5
11AE
100
AcDbEntity
  8
parts layout
  6
CONTINUOUS
 62
  256
370
   -1
100
AcDbLine
 10
49.68246000000001
 20
5.538980999999993
 11
49.82896799999999
 21
5.509838999999999
  0
LINE
  5
11AF
100
AcDbEntity
  8
parts layout
  6
CONTINUOUS
 62
  256
370
   -1
100
AcDbLine
 10
49.82896799999999
 20
8.049838999999992
 11
49.96697500000001
 21
7.992673999999994
  0
LINE
  5
11B0
100
AcDbEntity
  8
parts layout
  6
CONTINUOUS
 62
  256
370
   -1
100
AcDbLine
 10
49.96697500000001
 20
7.992673999999994
 11
50.091179
 21
7.909683999999999
  0
LINE
  5
11B1
100
AcDbEntity
  8
parts layout
  6
CONTINUOUS
 62
  256
370
   -1
100
AcDbLine
 10
50.091179
 20
7.909683999999999
 11
50.196805
 21
7.804057999999998
  0
LINE
  5
11B2
100
AcDbEntity
  8
parts layout
  6
CONTINUOUS
 62
  256
370
   -1
100
AcDbLine
 10
50.196805
 20
7.804057999999998
 11
50.27979499999999
 21
7.679853999999992
  0
LINE
  5
11B3
100
AcDbEntity
  8
parts layout
  6
CONTINUOUS
 62
  256
370
   -1
100
AcDbLine
 10
50.27979499999999
 20
7.679853999999992
 11
50.33695999999999
 21
7.54184699999999
  0
LINE
  5
11B4
100
AcDbEntity
  8
parts layout
  6
CONTINUOUS
 62
  256
370
   -1
100
AcDbLine
 10
50.33695999999999
 20
7.54184699999999
 11
50.366102
 21
7.395338999999993
  0
LINE
  5
11B5
100
AcDbEntity
  8
parts layout
  6
CONTINUOUS
 62
  256
370
   -1
100
AcDbLine
 10
50.366102
 20
7.395338999999993
 11
50.366102
 21
7.245960999999994
  0
LINE
  5
11B6
100
AcDbEntity
  8
parts layout
  6
CONTINUOUS
 62
  256
370
   -1
100
AcDbLine
 10
50.366102
 20
7.245960999999994
 11
50.33695999999999
 21
7.099452999999997
  0
LINE
  5
11B7
100
AcDbEntity
  8
parts layout
  6
CONTINUOUS
 62
  256
370
   -1
100
AcDbLine
 10
50.33695999999999
 20
7.099452999999997
 11
50.27979499999999
 21
6.961445999999995
  0
LINE
  5
11B8
100
AcDbEntity
  8
parts layout
  6
CONTINUOUS
 62
  256
370
   -1
100
AcDbLine
 10
50.27979499999999
 20
6.961445999999995
 11
50.196805
 21
6.837242000000003
  0
LINE
  5
11B9
100
AcDbEntity
  8
parts layout
  6
CONTINUOUS
 62
  256
370
   -1
100
AcDbLine
 10
50.196805
 20
6.837242000000003
 11
50.091179
 21
6.731616000000002
  0
LINE
  5
11BA
100
AcDbEntity
  8
parts layout
  6
CONTINUOUS
 62
  256
370
   -1
100
AcDbLine
 10
50.091179
 20
6.731616000000002
 11
49.96697500000001
 21
6.648625999999993
  0
LINE
  5
11BB
100
AcDbEntity
  8
parts layout
  6
CONTINUOUS
 62
  256
370
   -1
100
AcDbLine
 10
49.96697500000001
 20
6.648625999999993
 11
49.82896799999999
 21
6.591460999999995
  0
LINE
  5
11BC
100
AcDbEntity
  8
parts layout
  6
CONTINUOUS
 62
  256
370
   -1
100
AcDbLine
 10
49.82896799999999
 20
6.591460999999995
 11
49.68246000000001
 21
6.562319000000002
  0
LINE
  5
11BD
100
AcDbEntity
  8
parts layout
  6
CONTINUOUS
 62
  256
370
   -1
100
AcDbLine
 10
49.68246000000001
 20
6.562319000000002
 11
49.53308199999999
 21
6.562319000000002
  0
LINE
  5
11BE
100
AcDbEntity
  8
parts layout
  6
CONTINUOUS
 62
  256
370
   -1
100
AcDbLine
 10
49.53308199999999
 20
6.562319000000002
 11
49.38657399999998
 21
6.591460999999995
  0
LINE
  5
11BF
100
AcDbEntity
  8
parts layout
  6
CONTINUOUS
 62
  256
370
   -1
100
AcDbLine
 10
49.38657399999998
 20
6.591460999999995
 11
49.24856699999999
 21
6.648625999999993
  0
LINE
  5
11C0
100
AcDbEntity
  8
parts layout
  6
CONTINUOUS
 62
  256
370
   -1
100
AcDbLine
 10
49.24856699999999
 20
6.648625999999993
 11
49.124363
 21
6.731616000000002
  0
LINE
  5
11C1
100
AcDbEntity
  8
parts layout
  6
CONTINUOUS
 62
  256
370
   -1
100
AcDbLine
 10
49.124363
 20
6.731616000000002
 11
49.018737
 21
6.837242000000003
  0
LINE
  5
11C2
100
AcDbEntity
  8
parts layout
  6
CONTINUOUS
 62
  256
370
   -1
100
AcDbLine
 10
49.018737
 20
6.837242000000003
 11
48.93574700000001
 21
6.961445999999995
  0
LINE
  5
11C3
100
AcDbEntity
  8
parts layout
  6
CONTINUOUS
 62
  256
370
   -1
100
AcDbLine
 10
48.93574700000001
 20
6.961445999999995
 11
48.87858200000001
 21
7.099452999999997
  0
LINE
  5
11C4
100
AcDbEntity
  8
parts layout
  6
CONTINUOUS
 62
  256
370
   -1
100
AcDbLine
 10
48.87858200000001
 20
7.099452999999997
 11
48.84944
 21
7.245960999999994
  0
LINE
  5
11C5
100
AcDbEntity
  8
parts layout
  6
CONTINUOUS
 62
  256
370
   -1
100
AcDbLine
 10
48.84944
 20
7.245960999999994
 11
48.84944
 21
7.395338999999993
  0
LINE
  5
11C6
100
AcDbEntity
  8
parts layout
  6
CONTINUOUS
 62
  256
370
   -1
100
AcDbLine
 10
48.84944
 20
7.395338999999993
 11
48.87858200000001
 21
7.54184699999999
  0
LINE
  5
11C7
100
AcDbEntity
  8
parts layout
  6
CONTINUOUS
 62
  256
370
   -1
100
AcDbLine
 10
48.87858200000001
 20
7.54184699999999
 11
48.93574700000001
 21
7.679853999999992
  0
LINE
  5
11C8
100
AcDbEntity
  8
parts layout
  6
CONTINUOUS
 62
  256
370
   -1
100
AcDbLine
 10
48.93574700000001
 20
7.679853999999992
 11
49.018737
 21
7.804057999999998
  0
LINE
  5
11C9
100
AcDbEntity
  8
parts layout
  6
CONTINUOUS
 62
  256
370
   -1
100
AcDbLine
 10
49.018737
 20
7.804057999999998
 11
49.124363
 21
7.909683999999999
  0
LINE
  5
11CA
100
AcDbEntity
  8
parts layout
  6
CONTINUOUS
 62
  256
370
   -1
100
AcDbLine
 10
49.124363
 20
7.909683999999999
 11
49.24856699999999
 21
7.992673999999994
  0
LINE
  5
11CB
100
AcDbEntity
  8
parts layout
  6
CONTINUOUS
 62
  256
370
   -1
100
AcDbLine
 10
49.24856699999999
 20
7.992673999999994
 11
49.38657399999998
 21
8.049838999999992
  0
LINE
  5
11CC
100
AcDbEntity
  8
parts layout
  6
CONTINUOUS
 62
  256
370
   -1
100
AcDbLine
 10
49.38657399999998
 20
8.049838999999992
 11
49.53308199999999
 21
8.078980999999999
  0
LINE
  5
11CD
100
AcDbEntity
  8
parts layout
  6
CONTINUOUS
 62
  256
370
   -1
100
AcDbLine
 10
49.53308199999999
 20
8.078980999999999
 11
49.68246000000001
 21
8.078980999999999
  0
LINE
  5
11CE
100
AcDbEntity
  8
parts layout
  6
CONTINUOUS
 62
  256
370
   -1
100
AcDbLine
 10
49.68246000000001
 20
8.078980999999999
 11
49.82896799999999
 21
8.049838999999992
  0
LINE
  5
11CF
100
AcDbEntity
  8
parts layout
  6
CONTINUOUS
 62
  256
370
   -1
100
AcDbLine
 10
49.82896799999999
 20
10.589839
 11
49.96697500000001
 21
10.532674
  0
LINE
  5
11D0
100
AcDbEntity
  8
parts layout
  6
CONTINUOUS
 62
  256
370
   -1
100
AcDbLine
 10
49.96697500000001
 20
10.532674
 11
50.091179
 21
10.44968399999999
  0
LINE
  5
11D1
100
AcDbEntity
  8
parts layout
  6
CONTINUOUS
 62
  256
370
   -1
100
AcDbLine
 10
50.091179
 20
10.44968399999999
 11
50.196805
 21
10.34405799999999
  0
LINE
  5
11D2
100
AcDbEntity
  8
parts layout
  6
CONTINUOUS
 62
  256
370
   -1
100
AcDbLine
 10
50.196805
 20
10.34405799999999
 11
50.27979499999999
 21
10.219854
  0
LINE
  5
11D3
100
AcDbEntity
  8
parts layout
  6
CONTINUOUS
 62
  256
370
   -1
100
AcDbLine
 10
50.27979499999999
 20
10.219854
 11
50.33695999999999
 21
10.081847
  0
LINE
  5
11D4
100
AcDbEntity
  8
parts layout
  6
CONTINUOUS
 62
  256
370
   -1
100
AcDbLine
 10
50.33695999999999
 20
10.081847
 11
50.366102
 21
9.935338999999999
  0
LINE
  5
11D5
100
AcDbEntity
  8
parts layout
  6
CONTINUOUS
 62
  256
370
   -1
100
AcDbLine
 10
50.366102
 20
9.935338999999999
 11
50.366102
 21
9.785961
  0
LINE
  5
11D6
100
AcDbEntity
  8
parts layout
  6
CONTINUOUS
 62
  256
370
   -1
100
AcDbLine
 10
50.366102
 20
9.785961
 11
50.33695999999999
 21
9.639453000000003
  0
LINE
  5
11D7
100
AcDbEntity
  8
parts layout
  6
CONTINUOUS
 62
  256
370
   -1
100
AcDbLine
 10
50.33695999999999
 20
9.639453000000003
 11
50.27979499999999
 21
9.501446000000001
  0
LINE
  5
11D8
100
AcDbEntity
  8
parts layout
  6
CONTINUOUS
 62
  256
370
   -1
100
AcDbLine
 10
50.27979499999999
 20
9.501446000000001
 11
50.196805
 21
9.377241999999995
  0
LINE
  5
11D9
100
AcDbEntity
  8
parts layout
  6
CONTINUOUS
 62
  256
370
   -1
100
AcDbLine
 10
50.196805
 20
9.377241999999995
 11
50.091179
 21
9.271615999999995
  0
LINE
  5
11DA
100
AcDbEntity
  8
parts layout
  6
CONTINUOUS
 62
  256
370
   -1
100
AcDbLine
 10
50.091179
 20
9.271615999999995
 11
49.96697500000001
 21
9.188625999999999
  0
LINE
  5
11DB
100
AcDbEntity
  8
parts layout
  6
CONTINUOUS
 62
  256
370
   -1
100
AcDbLine
 10
49.96697500000001
 20
9.188625999999999
 11
49.82896799999999
 21
9.131461000000002
  0
LINE
  5
11DC
100
AcDbEntity
  8
parts layout
  6
CONTINUOUS
 62
  256
370
   -1
100
AcDbLine
 10
49.82896799999999
 20
9.131461000000002
 11
49.68246000000001
 21
9.102318999999994
  0
LINE
  5
11DD
100
AcDbEntity
  8
parts layout
  6
CONTINUOUS
 62
  256
370
   -1
100
AcDbLine
 10
49.68246000000001
 20
9.102318999999994
 11
49.53308199999999
 21
9.102318999999994
  0
LINE
  5
11DE
100
AcDbEntity
  8
parts layout
  6
CONTINUOUS
 62
  256
370
   -1
100
AcDbLine
 10
49.53308199999999
 20
9.102318999999994
 11
49.38657399999998
 21
9.131461000000002
  0
LINE
  5
11DF
100
AcDbEntity
  8
parts layout
  6
CONTINUOUS
 62
  256
370
   -1
100
AcDbLine
 10
49.38657399999998
 20
9.131461000000002
 11
49.24856699999999
 21
9.188625999999999
  0
LINE
  5
11E0
100
AcDbEntity
  8
parts layout
  6
CONTINUOUS
 62
  256
370
   -1
100
AcDbLine
 10
49.24856699999999
 20
9.188625999999999
 11
49.124363
 21
9.271615999999995
  0
LINE
  5
11E1
100
AcDbEntity
  8
parts layout
  6
CONTINUOUS
 62
  256
370
   -1
100
AcDbLine
 10
49.124363
 20
9.271615999999995
 11
49.018737
 21
9.377241999999995
  0
LINE
  5
11E2
100
AcDbEntity
  8
parts layout
  6
CONTINUOUS
 62
  256
370
   -1
100
AcDbLine
 10
49.018737
 20
9.377241999999995
 11
48.93574700000001
 21
9.501446000000001
  0
LINE
  5
11E3
100
AcDbEntity
  8
parts layout
  6
CONTINUOUS
 62
  256
370
   -1
100
AcDbLine
 10
48.93574700000001
 20
9.501446000000001
 11
48.87858200000001
 21
9.639453000000003
  0
LINE
  5
11E4
100
AcDbEntity
  8
parts layout
  6
CONTINUOUS
 62
  256
370
   -1
100
AcDbLine
 10
48.87858200000001
 20
9.639453000000003
 11
48.84944
 21
9.785961
  0
LINE
  5
11E5
100
AcDbEntity
  8
parts layout
  6
CONTINUOUS
 62
  256
370
   -1
100
AcDbLine
 10
48.84944
 20
9.785961
 11
48.84944
 21
9.935338999999999
  0
LINE
  5
11E6
100
AcDbEntity
  8
parts layout
  6
CONTINUOUS
 62
  256
370
   -1
100
AcDbLine
 10
48.84944
 20
9.935338999999999
 11
48.87858200000001
 21
10.081847
  0
LINE
  5
11E7
100
AcDbEntity
  8
parts layout
  6
CONTINUOUS
 62
  256
370
   -1
100
AcDbLine
 10
48.87858200000001
 20
10.081847
 11
48.93574700000001
 21
10.219854
  0
LINE
  5
11E8
100
AcDbEntity
  8
parts layout
  6
CONTINUOUS
 62
  256
370
   -1
100
AcDbLine
 10
48.93574700000001
 20
10.219854
 11
49.018737
 21
10.34405799999999
  0
LINE
  5
11E9
100
AcDbEntity
  8
parts layout
  6
CONTINUOUS
 62
  256
370
   -1
100
AcDbLine
 10
49.018737
 20
10.34405799999999
 11
49.124363
 21
10.44968399999999
  0
LINE
  5
11EA
100
AcDbEntity
  8
parts layout
  6
CONTINUOUS
 62
  256
370
   -1
100
AcDbLine
 10
49.124363
 20
10.44968399999999
 11
49.24856699999999
 21
10.532674
  0
LINE
  5
11EB
100
AcDbEntity
  8
parts layout
  6
CONTINUOUS
 62
  256
370
   -1
100
AcDbLine
 10
49.24856699999999
 20
10.532674
 11
49.38657399999998
 21
10.589839
  0
LINE
  5
11EC
100
AcDbEntity
  8
parts layout
  6
CONTINUOUS
 62
  256
370
   -1
100
AcDbLine
 10
49.38657399999998
 20
10.589839
 11
49.53308199999999
 21
10.61898099999999
  0
LINE
  5
11ED
100
AcDbEntity
  8
parts layout
  6
CONTINUOUS
 62
  256
370
   -1
100
AcDbLine
 10
49.53308199999999
 20
10.61898099999999
 11
49.68246000000001
 21
10.61898099999999
  0
LINE
  5
11EE
100
AcDbEntity
  8
parts layout
  6
CONTINUOUS
 62
  256
370
   -1
100
AcDbLine
 10
49.68246000000001
 20
10.61898099999999
 11
49.82896799999999
 21
10.589839
  0
LINE
  5
11EF
100
AcDbEntity
  8
parts layout
  6
CONTINUOUS
 62
  256
370
   -1
100
AcDbLine
 10
49.82896799999999
 20
13.12983899999999
 11
49.96697500000001
 21
13.07267399999999
  0
LINE
  5
11F0
100
AcDbEntity
  8
parts layout
  6
CONTINUOUS
 62
  256
370
   -1
100
AcDbLine
 10
49.96697500000001
 20
13.07267399999999
 11
50.091179
 21
12.989684
  0
LINE
  5
11F1
100
AcDbEntity
  8
parts layout
  6
CONTINUOUS
 62
  256
370
   -1
100
AcDbLine
 10
50.091179
 20
12.989684
 11
50.196805
 21
12.884058
  0
LINE
  5
11F2
100
AcDbEntity
  8
parts layout
  6
CONTINUOUS
 62
  256
370
   -1
100
AcDbLine
 10
50.196805
 20
12.884058
 11
50.27979499999999
 21
12.75985399999999
  0
LINE
  5
11F3
100
AcDbEntity
  8
parts layout
  6
CONTINUOUS
 62
  256
370
   -1
100
AcDbLine
 10
50.27979499999999
 20
12.75985399999999
 11
50.33695999999999
 21
12.621847
  0
LINE
  5
11F4
100
AcDbEntity
  8
parts layout
  6
CONTINUOUS
 62
  256
370
   -1
100
AcDbLine
 10
50.33695999999999
 20
12.621847
 11
50.366102
 21
12.47533899999999
  0
LINE
  5
11F5
100
AcDbEntity
  8
parts layout
  6
CONTINUOUS
 62
  256
370
   -1
100
AcDbLine
 10
50.366102
 20
12.47533899999999
 11
50.366102
 21
12.32596099999999
  0
LINE
  5
11F6
100
AcDbEntity
  8
parts layout
  6
CONTINUOUS
 62
  256
370
   -1
100
AcDbLine
 10
50.366102
 20
12.32596099999999
 11
50.33695999999999
 21
12.179453
  0
LINE
  5
11F7
100
AcDbEntity
  8
parts layout
  6
CONTINUOUS
 62
  256
370
   -1
100
AcDbLine
 10
50.33695999999999
 20
12.179453
 11
50.27979499999999
 21
12.04144599999999
  0
LINE
  5
11F8
100
AcDbEntity
  8
parts layout
  6
CONTINUOUS
 62
  256
370
   -1
100
AcDbLine
 10
50.27979499999999
 20
12.04144599999999
 11
50.196805
 21
11.917242
  0
LINE
  5
11F9
100
AcDbEntity
  8
parts layout
  6
CONTINUOUS
 62
  256
370
   -1
100
AcDbLine
 10
50.196805
 20
11.917242
 11
50.091179
 21
11.811616
  0
LINE
  5
11FA
100
AcDbEntity
  8
parts layout
  6
CONTINUOUS
 62
  256
370
   -1
100
AcDbLine
 10
50.091179
 20
11.811616
 11
49.96697500000001
 21
11.72862599999999
  0
LINE
  5
11FB
100
AcDbEntity
  8
parts layout
  6
CONTINUOUS
 62
  256
370
   -1
100
AcDbLine
 10
49.96697500000001
 20
11.72862599999999
 11
49.82896799999999
 21
11.67146099999999
  0
LINE
  5
11FC
100
AcDbEntity
  8
parts layout
  6
CONTINUOUS
 62
  256
370
   -1
100
AcDbLine
 10
49.82896799999999
 20
11.67146099999999
 11
49.68246000000001
 21
11.642319
  0
LINE
  5
11FD
100
AcDbEntity
  8
parts layout
  6
CONTINUOUS
 62
  256
370
   -1
100
AcDbLine
 10
49.68246000000001
 20
11.642319
 11
49.53308199999999
 21
11.642319
  0
LINE
  5
11FE
100
AcDbEntity
  8
parts layout
  6
CONTINUOUS
 62
  256
370
   -1
100
AcDbLine
 10
49.53308199999999
 20
11.642319
 11
49.38657399999998
 21
11.67146099999999
  0
LINE
  5
11FF
100
AcDbEntity
  8
parts layout
  6
CONTINUOUS
 62
  256
370
   -1
100
AcDbLine
 10
49.38657399999998
 20
11.67146099999999
 11
49.24856699999999
 21
11.72862599999999
  0
LINE
  5
1200
100
AcDbEntity
  8
parts layout
  6
CONTINUOUS
 62
  256
370
   -1
100
AcDbLine
 10
49.24856699999999
 20
11.72862599999999
 11
49.124363
 21
11.811616
  0
LINE
  5
1201
100
AcDbEntity
  8
parts layout
  6
CONTINUOUS
 62
  256
370
   -1
100
AcDbLine
 10
49.124363
 20
11.811616
 11
49.018737
 21
11.917242
  0
LINE
  5
1202
100
AcDbEntity
  8
parts layout
  6
CONTINUOUS
 62
  256
370
   -1
100
AcDbLine
 10
49.018737
 20
11.917242
 11
48.93574700000001
 21
12.04144599999999
  0
LINE
  5
1203
100
AcDbEntity
  8
parts layout
  6
CONTINUOUS
 62
  256
370
   -1
100
AcDbLine
 10
48.93574700000001
 20
12.04144599999999
 11
48.87858200000001
 21
12.179453
  0
LINE
  5
1204
100
AcDbEntity
  8
parts layout
  6
CONTINUOUS
 62
  256
370
   -1
100
AcDbLine
 10
48.87858200000001
 20
12.179453
 11
48.84944
 21
12.32596099999999
  0
LINE
  5
1205
100
AcDbEntity
  8
parts layout
  6
CONTINUOUS
 62
  256
370
   -1
100
AcDbLine
 10
48.84944
 20
12.32596099999999
 11
48.84944
 21
12.47533899999999
  0
LINE
  5
1206
100
AcDbEntity
  8
parts layout
  6
CONTINUOUS
 62
  256
370
   -1
100
AcDbLine
 10
48.84944
 20
12.47533899999999
 11
48.87858200000001
 21
12.621847
  0
LINE
  5
1207
100
AcDbEntity
  8
parts layout
  6
CONTINUOUS
 62
  256
370
   -1
100
AcDbLine
 10
48.87858200000001
 20
12.621847
 11
48.93574700000001
 21
12.75985399999999
  0
LINE
  5
1208
100
AcDbEntity
  8
parts layout
  6
CONTINUOUS
 62
  256
370
   -1
100
AcDbLine
 10
48.93574700000001
 20
12.75985399999999
 11
49.018737
 21
12.884058
  0
LINE
  5
1209
100
AcDbEntity
  8
parts layout
  6
CONTINUOUS
 62
  256
370
   -1
100
AcDbLine
 10
49.018737
 20
12.884058
 11
49.124363
 21
12.989684
  0
LINE
  5
120A
100
AcDbEntity
  8
parts layout
  6
CONTINUOUS
 62
  256
370
   -1
100
AcDbLine
 10
49.124363
 20
12.989684
 11
49.24856699999999
 21
13.07267399999999
  0
LINE
  5
120B
100
AcDbEntity
  8
parts layout
  6
CONTINUOUS
 62
  256
370
   -1
100
AcDbLine
 10
49.24856699999999
 20
13.07267399999999
 11
49.38657399999998
 21
13.12983899999999
  0
LINE
  5
120C
100
AcDbEntity
  8
parts layout
  6
CONTINUOUS
 62
  256
370
   -1
100
AcDbLine
 10
49.38657399999998
 20
13.12983899999999
 11
49.53308199999999
 21
13.158981
  0
LINE
  5
120D
100
AcDbEntity
  8
parts layout
  6
CONTINUOUS
 62
  256
370
   -1
100
AcDbLine
 10
49.53308199999999
 20
13.158981
 11
49.68246000000001
 21
13.158981
  0
LINE
  5
120E
100
AcDbEntity
  8
parts layout
  6
CONTINUOUS
 62
  256
370
   -1
100
AcDbLine
 10
49.68246000000001
 20
13.158981
 11
49.82896799999999
 21
13.12983899999999
  0
LINE
  5
120F
100
AcDbEntity
  8
parts layout
  6
CONTINUOUS
 62
  256
370
   -1
100
AcDbLine
 10
49.82896799999999
 20
15.669839
 11
49.96697500000001
 21
15.612674
  0
LINE
  5
1210
100
AcDbEntity
  8
parts layout
  6
CONTINUOUS
 62
  256
370
   -1
100
AcDbLine
 10
49.96697500000001
 20
15.612674
 11
50.091179
 21
15.529684
  0
LINE
  5
1211
100
AcDbEntity
  8
parts layout
  6
CONTINUOUS
 62
  256
370
   -1
100
AcDbLine
 10
50.091179
 20
15.529684
 11
50.196805
 21
15.424058
  0
LINE
  5
1212
100
AcDbEntity
  8
parts layout
  6
CONTINUOUS
 62
  256
370
   -1
100
AcDbLine
 10
50.196805
 20
15.424058
 11
50.27979499999999
 21
15.299854
  0
LINE
  5
1213
100
AcDbEntity
  8
parts layout
  6
CONTINUOUS
 62
  256
370
   -1
100
AcDbLine
 10
50.27979499999999
 20
15.299854
 11
50.33695999999999
 21
15.16184699999999
  0
LINE
  5
1214
100
AcDbEntity
  8
parts layout
  6
CONTINUOUS
 62
  256
370
   -1
100
AcDbLine
 10
50.33695999999999
 20
15.16184699999999
 11
50.366102
 21
15.015339
  0
LINE
  5
1215
100
AcDbEntity
  8
parts layout
  6
CONTINUOUS
 62
  256
370
   -1
100
AcDbLine
 10
50.366102
 20
15.015339
 11
50.366102
 21
14.865961
  0
LINE
  5
1216
100
AcDbEntity
  8
parts layout
  6
CONTINUOUS
 62
  256
370
   -1
100
AcDbLine
 10
50.366102
 20
14.865961
 11
50.33695999999999
 21
14.719453
  0
LINE
  5
1217
100
AcDbEntity
  8
parts layout
  6
CONTINUOUS
 62
  256
370
   -1
100
AcDbLine
 10
50.33695999999999
 20
14.719453
 11
50.27979499999999
 21
14.581446
  0
LINE
  5
1218
100
AcDbEntity
  8
parts layout
  6
CONTINUOUS
 62
  256
370
   -1
100
AcDbLine
 10
50.27979499999999
 20
14.581446
 11
50.196805
 21
14.45724199999999
  0
LINE
  5
1219
100
AcDbEntity
  8
parts layout
  6
CONTINUOUS
 62
  256
370
   -1
100
AcDbLine
 10
50.196805
 20
14.45724199999999
 11
50.091179
 21
14.35161599999999
  0
LINE
  5
121A
100
AcDbEntity
  8
parts layout
  6
CONTINUOUS
 62
  256
370
   -1
100
AcDbLine
 10
50.091179
 20
14.35161599999999
 11
49.96697500000001
 21
14.268626
  0
LINE
  5
121B
100
AcDbEntity
  8
parts layout
  6
CONTINUOUS
 62
  256
370
   -1
100
AcDbLine
 10
49.96697500000001
 20
14.268626
 11
49.82896799999999
 21
14.211461
  0
LINE
  5
121C
100
AcDbEntity
  8
parts layout
  6
CONTINUOUS
 62
  256
370
   -1
100
AcDbLine
 10
49.82896799999999
 20
14.211461
 11
49.68246000000001
 21
14.18231899999999
  0
LINE
  5
121D
100
AcDbEntity
  8
parts layout
  6
CONTINUOUS
 62
  256
370
   -1
100
AcDbLine
 10
49.68246000000001
 20
14.18231899999999
 11
49.53308199999999
 21
14.18231899999999
  0
LINE
  5
121E
100
AcDbEntity
  8
parts layout
  6
CONTINUOUS
 62
  256
370
   -1
100
AcDbLine
 10
49.53308199999999
 20
14.18231899999999
 11
49.38657399999998
 21
14.211461
  0
LINE
  5
121F
100
AcDbEntity
  8
parts layout
  6
CONTINUOUS
 62
  256
370
   -1
100
AcDbLine
 10
49.38657399999998
 20
14.211461
 11
49.24856699999999
 21
14.268626
  0
LINE
  5
1220
100
AcDbEntity
  8
parts layout
  6
CONTINUOUS
 62
  256
370
   -1
100
AcDbLine
 10
49.24856699999999
 20
14.268626
 11
49.124363
 21
14.35161599999999
  0
LINE
  5
1221
100
AcDbEntity
  8
parts layout
  6
CONTINUOUS
 62
  256
370
   -1
100
AcDbLine
 10
49.124363
 20
14.35161599999999
 11
49.018737
 21
14.45724199999999
  0
LINE
  5
1222
100
AcDbEntity
  8
parts layout
  6
CONTINUOUS
 62
  256
370
   -1
100
AcDbLine
 10
49.018737
 20
14.45724199999999
 11
48.93574700000001
 21
14.581446
  0
LINE
  5
1223
100
AcDbEntity
  8
parts layout
  6
CONTINUOUS
 62
  256
370
   -1
100
AcDbLine
 10
48.93574700000001
 20
14.581446
 11
48.87858200000001
 21
14.719453
  0
LINE
  5
1224
100
AcDbEntity
  8
parts layout
  6
CONTINUOUS
 62
  256
370
   -1
100
AcDbLine
 10
48.87858200000001
 20
14.719453
 11
48.84944
 21
14.865961
  0
LINE
  5
1225
100
AcDbEntity
  8
parts layout
  6
CONTINUOUS
 62
  256
370
   -1
100
AcDbLine
 10
48.84944
 20
14.865961
 11
48.84944
 21
15.015339
  0
LINE
  5
1226
100
AcDbEntity
  8
parts layout
  6
CONTINUOUS
 62
  256
370
   -1
100
AcDbLine
 10
48.84944
 20
15.015339
 11
48.87858200000001
 21
15.16184699999999
  0
LINE
  5
1227
100
AcDbEntity
  8
parts layout
  6
CONTINUOUS
 62
  256
370
   -1
100
AcDbLine
 10
48.87858200000001
 20
15.16184699999999
 11
48.93574700000001
 21
15.299854
  0
LINE
  5
1228
100
AcDbEntity
  8
parts layout
  6
CONTINUOUS
 62
  256
370
   -1
100
AcDbLine
 10
48.93574700000001
 20
15.299854
 11
49.018737
 21
15.424058
  0
LINE
  5
1229
100
AcDbEntity
  8
parts layout
  6
CONTINUOUS
 62
  256
370
   -1
100
AcDbLine
 10
49.018737
 20
15.424058
 11
49.124363
 21
15.529684
  0
LINE
  5
122A
100
AcDbEntity
  8
parts layout
  6
CONTINUOUS
 62
  256
370
   -1
100
AcDbLine
 10
49.124363
 20
15.529684
 11
49.24856699999999
 21
15.612674
  0
LINE
  5
122B
100
AcDbEntity
  8
parts layout
  6
CONTINUOUS
 62
  256
370
   -1
100
AcDbLine
 10
49.24856699999999
 20
15.612674
 11
49.38657399999998
 21
15.669839
  0
LINE
  5
122C
100
AcDbEntity
  8
parts layout
  6
CONTINUOUS
 62
  256
370
   -1
100
AcDbLine
 10
49.38657399999998
 20
15.669839
 11
49.53308199999999
 21
15.698981
  0
LINE
  5
122D
100
AcDbEntity
  8
parts layout
  6
CONTINUOUS
 62
  256
370
   -1
100
AcDbLine
 10
49.53308199999999
 20
15.698981
 11
49.68246000000001
 21
15.698981
  0
LINE
  5
122E
100
AcDbEntity
  8
parts layout
  6
CONTINUOUS
 62
  256
370
   -1
100
AcDbLine
 10
49.68246000000001
 20
15.698981
 11
49.82896799999999
 21
15.669839
  0
LINE
  5
122F
100
AcDbEntity
  8
parts layout
  6
CONTINUOUS
 62
  256
370
   -1
100
AcDbLine
 10
49.82896799999999
 20
18.209839
 11
49.96697500000001
 21
18.152674
  0
LINE
  5
1230
100
AcDbEntity
  8
parts layout
  6
CONTINUOUS
 62
  256
370
   -1
100
AcDbLine
 10
49.96697500000001
 20
18.152674
 11
50.091179
 21
18.069684
  0
LINE
  5
1231
100
AcDbEntity
  8
parts layout
  6
CONTINUOUS
 62
  256
370
   -1
100
AcDbLine
 10
50.091179
 20
18.069684
 11
50.196805
 21
17.96405799999999
  0
LINE
  5
1232
100
AcDbEntity
  8
parts layout
  6
CONTINUOUS
 62
  256
370
   -1
100
AcDbLine
 10
50.196805
 20
17.96405799999999
 11
50.27979499999999
 21
17.839854
  0
LINE
  5
1233
100
AcDbEntity
  8
parts layout
  6
CONTINUOUS
 62
  256
370
   -1
100
AcDbLine
 10
50.27979499999999
 20
17.839854
 11
50.33695999999999
 21
17.70184699999999
  0
LINE
  5
1234
100
AcDbEntity
  8
parts layout
  6
CONTINUOUS
 62
  256
370
   -1
100
AcDbLine
 10
50.33695999999999
 20
17.70184699999999
 11
50.366102
 21
17.555339
  0
LINE
  5
1235
100
AcDbEntity
  8
parts layout
  6
CONTINUOUS
 62
  256
370
   -1
100
AcDbLine
 10
50.366102
 20
17.555339
 11
50.366102
 21
17.405961
  0
LINE
  5
1236
100
AcDbEntity
  8
parts layout
  6
CONTINUOUS
 62
  256
370
   -1
100
AcDbLine
 10
50.366102
 20
17.405961
 11
50.33695999999999
 21
17.25945299999999
  0
LINE
  5
1237
100
AcDbEntity
  8
parts layout
  6
CONTINUOUS
 62
  256
370
   -1
100
AcDbLine
 10
50.33695999999999
 20
17.25945299999999
 11
50.27979499999999
 21
17.121446
  0
LINE
  5
1238
100
AcDbEntity
  8
parts layout
  6
CONTINUOUS
 62
  256
370
   -1
100
AcDbLine
 10
50.27979499999999
 20
17.121446
 11
50.196805
 21
16.997242
  0
LINE
  5
1239
100
AcDbEntity
  8
parts layout
  6
CONTINUOUS
 62
  256
370
   -1
100
AcDbLine
 10
50.196805
 20
16.997242
 11
50.091179
 21
16.891616
  0
LINE
  5
123A
100
AcDbEntity
  8
parts layout
  6
CONTINUOUS
 62
  256
370
   -1
100
AcDbLine
 10
50.091179
 20
16.891616
 11
49.96697500000001
 21
16.808626
  0
LINE
  5
123B
100
AcDbEntity
  8
parts layout
  6
CONTINUOUS
 62
  256
370
   -1
100
AcDbLine
 10
49.96697500000001
 20
16.808626
 11
49.82896799999999
 21
16.751461
  0
LINE
  5
123C
100
AcDbEntity
  8
parts layout
  6
CONTINUOUS
 62
  256
370
   -1
100
AcDbLine
 10
49.82896799999999
 20
16.751461
 11
49.68246000000001
 21
16.722319
  0
LINE
  5
123D
100
AcDbEntity
  8
parts layout
  6
CONTINUOUS
 62
  256
370
   -1
100
AcDbLine
 10
49.68246000000001
 20
16.722319
 11
49.53308199999999
 21
16.722319
  0
LINE
  5
123E
100
AcDbEntity
  8
parts layout
  6
CONTINUOUS
 62
  256
370
   -1
100
AcDbLine
 10
49.53308199999999
 20
16.722319
 11
49.38657399999998
 21
16.751461
  0
LINE
  5
123F
100
AcDbEntity
  8
parts layout
  6
CONTINUOUS
 62
  256
370
   -1
100
AcDbLine
 10
49.38657399999998
 20
16.751461
 11
49.24856699999999
 21
16.808626
  0
LINE
  5
1240
100
AcDbEntity
  8
parts layout
  6
CONTINUOUS
 62
  256
370
   -1
100
AcDbLine
 10
49.24856699999999
 20
16.808626
 11
49.124363
 21
16.891616
  0
LINE
  5
1241
100
AcDbEntity
  8
parts layout
  6
CONTINUOUS
 62
  256
370
   -1
100
AcDbLine
 10
49.124363
 20
16.891616
 11
49.018737
 21
16.997242
  0
LINE
  5
1242
100
AcDbEntity
  8
parts layout
  6
CONTINUOUS
 62
  256
370
   -1
100
AcDbLine
 10
49.018737
 20
16.997242
 11
48.93574700000001
 21
17.121446
  0
LINE
  5
1243
100
AcDbEntity
  8
parts layout
  6
CONTINUOUS
 62
  256
370
   -1
100
AcDbLine
 10
48.93574700000001
 20
17.121446
 11
48.87858200000001
 21
17.25945299999999
  0
LINE
  5
1244
100
AcDbEntity
  8
parts layout
  6
CONTINUOUS
 62
  256
370
   -1
100
AcDbLine
 10
48.87858200000001
 20
17.25945299999999
 11
48.84944
 21
17.405961
  0
LINE
  5
1245
100
AcDbEntity
  8
parts layout
  6
CONTINUOUS
 62
  256
370
   -1
100
AcDbLine
 10
48.84944
 20
17.405961
 11
48.84944
 21
17.555339
  0
LINE
  5
1246
100
AcDbEntity
  8
parts layout
  6
CONTINUOUS
 62
  256
370
   -1
100
AcDbLine
 10
48.84944
 20
17.555339
 11
48.87858200000001
 21
17.70184699999999
  0
LINE
  5
1247
100
AcDbEntity
  8
parts layout
  6
CONTINUOUS
 62
  256
370
   -1
100
AcDbLine
 10
48.87858200000001
 20
17.70184699999999
 11
48.93574700000001
 21
17.839854
  0
LINE
  5
1248
100
AcDbEntity
  8
parts layout
  6
CONTINUOUS
 62
  256
370
   -1
100
AcDbLine
 10
48.93574700000001
 20
17.839854
 11
49.018737
 21
17.96405799999999
  0
LINE
  5
1249
100
AcDbEntity
  8
parts layout
  6
CONTINUOUS
 62
  256
370
   -1
100
AcDbLine
 10
49.018737
 20
17.96405799999999
 11
49.124363
 21
18.069684
  0
LINE
  5
124A
100
AcDbEntity
  8
parts layout
  6
CONTINUOUS
 62
  256
370
   -1
100
AcDbLine
 10
49.124363
 20
18.069684
 11
49.24856699999999
 21
18.152674
  0
LINE
  5
124B
100
AcDbEntity
  8
parts layout
  6
CONTINUOUS
 62
  256
370
   -1
100
AcDbLine
 10
49.24856699999999
 20
18.152674
 11
49.38657399999998
 21
18.209839
  0
LINE
  5
124C
100
AcDbEntity
  8
parts layout
  6
CONTINUOUS
 62
  256
370
   -1
100
AcDbLine
 10
49.38657399999998
 20
18.209839
 11
49.53308199999999
 21
18.238981
  0
LINE
  5
124D
100
AcDbEntity
  8
parts layout
  6
CONTINUOUS
 62
  256
370
   -1
100
AcDbLine
 10
49.53308199999999
 20
18.238981
 11
49.68246000000001
 21
18.238981
  0
LINE
  5
124E
100
AcDbEntity
  8
parts layout
  6
CONTINUOUS
 62
  256
370
   -1
100
AcDbLine
 10
49.68246000000001
 20
18.238981
 11
49.82896799999999
 21
18.209839
  0
LINE
  5
124F
100
AcDbEntity
  8
parts layout
  6
CONTINUOUS
 62
  256
370
   -1
100
AcDbLine
 10
49.82896799999999
 20
20.74983899999999
 11
49.96697500000001
 21
20.692674
  0
LINE
  5
1250
100
AcDbEntity
  8
parts layout
  6
CONTINUOUS
 62
  256
370
   -1
100
AcDbLine
 10
49.96697500000001
 20
20.692674
 11
50.091179
 21
20.60968399999999
  0
LINE
  5
1251
100
AcDbEntity
  8
parts layout
  6
CONTINUOUS
 62
  256
370
   -1
100
AcDbLine
 10
50.091179
 20
20.60968399999999
 11
50.196805
 21
20.50405799999999
  0
LINE
  5
1252
100
AcDbEntity
  8
parts layout
  6
CONTINUOUS
 62
  256
370
   -1
100
AcDbLine
 10
50.196805
 20
20.50405799999999
 11
50.27979499999999
 21
20.37985399999999
  0
LINE
  5
1253
100
AcDbEntity
  8
parts layout
  6
CONTINUOUS
 62
  256
370
   -1
100
AcDbLine
 10
50.27979499999999
 20
20.37985399999999
 11
50.33695999999999
 21
20.24184699999999
  0
LINE
  5
1254
100
AcDbEntity
  8
parts layout
  6
CONTINUOUS
 62
  256
370
   -1
100
AcDbLine
 10
50.33695999999999
 20
20.24184699999999
 11
50.366102
 21
20.095339
  0
LINE
  5
1255
100
AcDbEntity
  8
parts layout
  6
CONTINUOUS
 62
  256
370
   -1
100
AcDbLine
 10
50.366102
 20
20.095339
 11
50.366102
 21
19.945961
  0
LINE
  5
1256
100
AcDbEntity
  8
parts layout
  6
CONTINUOUS
 62
  256
370
   -1
100
AcDbLine
 10
50.366102
 20
19.945961
 11
50.33695999999999
 21
19.799453
  0
LINE
  5
1257
100
AcDbEntity
  8
parts layout
  6
CONTINUOUS
 62
  256
370
   -1
100
AcDbLine
 10
50.33695999999999
 20
19.799453
 11
50.27979499999999
 21
19.661446
  0
LINE
  5
1258
100
AcDbEntity
  8
parts layout
  6
CONTINUOUS
 62
  256
370
   -1
100
AcDbLine
 10
50.27979499999999
 20
19.661446
 11
50.196805
 21
19.537242
  0
LINE
  5
1259
100
AcDbEntity
  8
parts layout
  6
CONTINUOUS
 62
  256
370
   -1
100
AcDbLine
 10
50.196805
 20
19.537242
 11
50.091179
 21
19.431616
  0
LINE
  5
125A
100
AcDbEntity
  8
parts layout
  6
CONTINUOUS
 62
  256
370
   -1
100
AcDbLine
 10
50.091179
 20
19.431616
 11
49.96697500000001
 21
19.348626
  0
LINE
  5
125B
100
AcDbEntity
  8
parts layout
  6
CONTINUOUS
 62
  256
370
   -1
100
AcDbLine
 10
49.96697500000001
 20
19.348626
 11
49.82896799999999
 21
19.291461
  0
LINE
  5
125C
100
AcDbEntity
  8
parts layout
  6
CONTINUOUS
 62
  256
370
   -1
100
AcDbLine
 10
49.82896799999999
 20
19.291461
 11
49.68246000000001
 21
19.262319
  0
LINE
  5
125D
100
AcDbEntity
  8
parts layout
  6
CONTINUOUS
 62
  256
370
   -1
100
AcDbLine
 10
49.68246000000001
 20
19.262319
 11
49.53308199999999
 21
19.262319
  0
LINE
  5
125E
100
AcDbEntity
  8
parts layout
  6
CONTINUOUS
 62
  256
370
   -1
100
AcDbLine
 10
49.53308199999999
 20
19.262319
 11
49.38657399999998
 21
19.291461
  0
LINE
  5
125F
100
AcDbEntity
  8
parts layout
  6
CONTINUOUS
 62
  256
370
   -1
100
AcDbLine
 10
49.38657399999998
 20
19.291461
 11
49.24856699999999
 21
19.348626
  0
LINE
  5
1260
100
AcDbEntity
  8
parts layout
  6
CONTINUOUS
 62
  256
370
   -1
100
AcDbLine
 10
49.24856699999999
 20
19.348626
 11
49.124363
 21
19.431616
  0
LINE
  5
1261
100
AcDbEntity
  8
parts layout
  6
CONTINUOUS
 62
  256
370
   -1
100
AcDbLine
 10
49.124363
 20
19.431616
 11
49.018737
 21
19.537242
  0
LINE
  5
1262
100
AcDbEntity
  8
parts layout
  6
CONTINUOUS
 62
  256
370
   -1
100
AcDbLine
 10
49.018737
 20
19.537242
 11
48.93574700000001
 21
19.661446
  0
LINE
  5
1263
100
AcDbEntity
  8
parts layout
  6
CONTINUOUS
 62
  256
370
   -1
100
AcDbLine
 10
48.93574700000001
 20
19.661446
 11
48.87858200000001
 21
19.799453
  0
LINE
  5
1264
100
AcDbEntity
  8
parts layout
  6
CONTINUOUS
 62
  256
370
   -1
100
AcDbLine
 10
48.87858200000001
 20
19.799453
 11
48.84944
 21
19.945961
  0
LINE
  5
1265
100
AcDbEntity
  8
parts layout
  6
CONTINUOUS
 62
  256
370
   -1
100
AcDbLine
 10
48.84944
 20
19.945961
 11
48.84944
 21
20.095339
  0
LINE
  5
1266
100
AcDbEntity
  8
parts layout
  6
CONTINUOUS
 62
  256
370
   -1
100
AcDbLine
 10
48.84944
 20
20.095339
 11
48.87858200000001
 21
20.24184699999999
  0
LINE
  5
1267
100
AcDbEntity
  8
parts layout
  6
CONTINUOUS
 62
  256
370
   -1
100
AcDbLine
 10
48.87858200000001
 20
20.24184699999999
 11
48.93574700000001
 21
20.37985399999999
  0
LINE
  5
1268
100
AcDbEntity
  8
parts layout
  6
CONTINUOUS
 62
  256
370
   -1
100
AcDbLine
 10
48.93574700000001
 20
20.37985399999999
 11
49.018737
 21
20.50405799999999
  0
LINE
  5
1269
100
AcDbEntity
  8
parts layout
  6
CONTINUOUS
 62
  256
370
   -1
100
AcDbLine
 10
49.018737
 20
20.50405799999999
 11
49.124363
 21
20.60968399999999
  0
LINE
  5
126A
100
AcDbEntity
  8
parts layout
  6
CONTINUOUS
 62
  256
370
   -1
100
AcDbLine
 10
49.124363
 20
20.60968399999999
 11
49.24856699999999
 21
20.692674
  0
LINE
  5
126B
100
AcDbEntity
  8
parts layout
  6
CONTINUOUS
 62
  256
370
   -1
100
AcDbLine
 10
49.24856699999999
 20
20.692674
 11
49.38657399999998
 21
20.74983899999999
  0
LINE
  5
126C
100
AcDbEntity
  8
parts layout
  6
CONTINUOUS
 62
  256
370
   -1
100
AcDbLine
 10
49.38657399999998
 20
20.74983899999999
 11
49.53308199999999
 21
20.77898099999999
  0
LINE
  5
126D
100
AcDbEntity
  8
parts layout
  6
CONTINUOUS
 62
  256
370
   -1
100
AcDbLine
 10
49.53308199999999
 20
20.77898099999999
 11
49.68246000000001
 21
20.77898099999999
  0
LINE
  5
126E
100
AcDbEntity
  8
parts layout
  6
CONTINUOUS
 62
  256
370
   -1
100
AcDbLine
 10
49.68246000000001
 20
20.77898099999999
 11
49.82896799999999
 21
20.74983899999999
  0
LINE
  5
126F
100
AcDbEntity
  8
parts layout
  6
CONTINUOUS
 62
  256
370
   -1
100
AcDbLine
 10
49.82896799999999
 20
23.28983899999999
 11
49.96697500000001
 21
23.232674
  0
LINE
  5
1270
100
AcDbEntity
  8
parts layout
  6
CONTINUOUS
 62
  256
370
   -1
100
AcDbLine
 10
49.96697500000001
 20
23.232674
 11
50.091179
 21
23.14968399999999
  0
LINE
  5
1271
100
AcDbEntity
  8
parts layout
  6
CONTINUOUS
 62
  256
370
   -1
100
AcDbLine
 10
50.091179
 20
23.14968399999999
 11
50.196805
 21
23.044058
  0
LINE
  5
1272
100
AcDbEntity
  8
parts layout
  6
CONTINUOUS
 62
  256
370
   -1
100
AcDbLine
 10
50.196805
 20
23.044058
 11
50.27979499999999
 21
22.91985399999999
  0
LINE
  5
1273
100
AcDbEntity
  8
parts layout
  6
CONTINUOUS
 62
  256
370
   -1
100
AcDbLine
 10
50.27979499999999
 20
22.91985399999999
 11
50.33695999999999
 21
22.781847
  0
LINE
  5
1274
100
AcDbEntity
  8
parts layout
  6
CONTINUOUS
 62
  256
370
   -1
100
AcDbLine
 10
50.33695999999999
 20
22.781847
 11
50.366102
 21
22.63533899999999
  0
LINE
  5
1275
100
AcDbEntity
  8
parts layout
  6
CONTINUOUS
 62
  256
370
   -1
100
AcDbLine
 10
50.366102
 20
22.63533899999999
 11
50.366102
 21
22.485961
  0
LINE
  5
1276
100
AcDbEntity
  8
parts layout
  6
CONTINUOUS
 62
  256
370
   -1
100
AcDbLine
 10
50.366102
 20
22.485961
 11
50.33695999999999
 21
22.339453
  0
LINE
  5
1277
100
AcDbEntity
  8
parts layout
  6
CONTINUOUS
 62
  256
370
   -1
100
AcDbLine
 10
50.33695999999999
 20
22.339453
 11
50.27979499999999
 21
22.201446
  0
LINE
  5
1278
100
AcDbEntity
  8
parts layout
  6
CONTINUOUS
 62
  256
370
   -1
100
AcDbLine
 10
50.27979499999999
 20
22.201446
 11
50.196805
 21
22.077242
  0
LINE
  5
1279
100
AcDbEntity
  8
parts layout
  6
CONTINUOUS
 62
  256
370
   -1
100
AcDbLine
 10
50.196805
 20
22.077242
 11
50.091179
 21
21.971616
  0
LINE
  5
127A
100
AcDbEntity
  8
parts layout
  6
CONTINUOUS
 62
  256
370
   -1
100
AcDbLine
 10
50.091179
 20
21.971616
 11
49.96697500000001
 21
21.888626
  0
LINE
  5
127B
100
AcDbEntity
  8
parts layout
  6
CONTINUOUS
 62
  256
370
   -1
100
AcDbLine
 10
49.96697500000001
 20
21.888626
 11
49.82896799999999
 21
21.831461
  0
LINE
  5
127C
100
AcDbEntity
  8
parts layout
  6
CONTINUOUS
 62
  256
370
   -1
100
AcDbLine
 10
49.82896799999999
 20
21.831461
 11
49.68246000000001
 21
21.802319
  0
LINE
  5
127D
100
AcDbEntity
  8
parts layout
  6
CONTINUOUS
 62
  256
370
   -1
100
AcDbLine
 10
49.68246000000001
 20
21.802319
 11
49.53308199999999
 21
21.802319
  0
LINE
  5
127E
100
AcDbEntity
  8
parts layout
  6
CONTINUOUS
 62
  256
370
   -1
100
AcDbLine
 10
49.53308199999999
 20
21.802319
 11
49.38657399999998
 21
21.831461
  0
LINE
  5
127F
100
AcDbEntity
  8
parts layout
  6
CONTINUOUS
 62
  256
370
   -1
100
AcDbLine
 10
49.38657399999998
 20
21.831461
 11
49.24856699999999
 21
21.888626
  0
LINE
  5
1280
100
AcDbEntity
  8
parts layout
  6
CONTINUOUS
 62
  256
370
   -1
100
AcDbLine
 10
49.24856699999999
 20
21.888626
 11
49.124363
 21
21.971616
  0
LINE
  5
1281
100
AcDbEntity
  8
parts layout
  6
CONTINUOUS
 62
  256
370
   -1
100
AcDbLine
 10
49.124363
 20
21.971616
 11
49.018737
 21
22.077242
  0
LINE
  5
1282
100
AcDbEntity
  8
parts layout
  6
CONTINUOUS
 62
  256
370
   -1
100
AcDbLine
 10
49.018737
 20
22.077242
 11
48.93574700000001
 21
22.201446
  0
LINE
  5
1283
100
AcDbEntity
  8
parts layout
  6
CONTINUOUS
 62
  256
370
   -1
100
AcDbLine
 10
48.93574700000001
 20
22.201446
 11
48.87858200000001
 21
22.339453
  0
LINE
  5
1284
100
AcDbEntity
  8
parts layout
  6
CONTINUOUS
 62
  256
370
   -1
100
AcDbLine
 10
48.87858200000001
 20
22.339453
 11
48.84944
 21
22.485961
  0
LINE
  5
1285
100
AcDbEntity
  8
parts layout
  6
CONTINUOUS
 62
  256
370
   -1
100
AcDbLine
 10
48.84944
 20
22.485961
 11
48.84944
 21
22.63533899999999
  0
LINE
  5
1286
100
AcDbEntity
  8
parts layout
  6
CONTINUOUS
 62
  256
370
   -1
100
AcDbLine
 10
48.84944
 20
22.63533899999999
 11
48.87858200000001
 21
22.781847
  0
LINE
  5
1287
100
AcDbEntity
  8
parts layout
  6
CONTINUOUS
 62
  256
370
   -1
100
AcDbLine
 10
48.87858200000001
 20
22.781847
 11
48.93574700000001
 21
22.91985399999999
  0
LINE
  5
1288
100
AcDbEntity
  8
parts layout
  6
CONTINUOUS
 62
  256
370
   -1
100
AcDbLine
 10
48.93574700000001
 20
22.91985399999999
 11
49.018737
 21
23.044058
  0
LINE
  5
1289
100
AcDbEntity
  8
parts layout
  6
CONTINUOUS
 62
  256
370
   -1
100
AcDbLine
 10
49.018737
 20
23.044058
 11
49.124363
 21
23.14968399999999
  0
LINE
  5
128A
100
AcDbEntity
  8
parts layout
  6
CONTINUOUS
 62
  256
370
   -1
100
AcDbLine
 10
49.124363
 20
23.14968399999999
 11
49.24856699999999
 21
23.232674
  0
LINE
  5
128B
100
AcDbEntity
  8
parts layout
  6
CONTINUOUS
 62
  256
370
   -1
100
AcDbLine
 10
49.24856699999999
 20
23.232674
 11
49.38657399999998
 21
23.28983899999999
  0
LINE
  5
128C
100
AcDbEntity
  8
parts layout
  6
CONTINUOUS
 62
  256
370
   -1
100
AcDbLine
 10
49.38657399999998
 20
23.28983899999999
 11
49.53308199999999
 21
23.31898099999999
  0
LINE
  5
128D
100
AcDbEntity
  8
parts layout
  6
CONTINUOUS
 62
  256
370
   -1
100
AcDbLine
 10
49.53308199999999
 20
23.31898099999999
 11
49.68246000000001
 21
23.31898099999999
  0
LINE
  5
128E
100
AcDbEntity
  8
parts layout
  6
CONTINUOUS
 62
  256
370
   -1
100
AcDbLine
 10
49.68246000000001
 20
23.31898099999999
 11
49.82896799999999
 21
23.28983899999999
  0
LINE
  5
128F
100
AcDbEntity
  8
parts layout
  6
CONTINUOUS
 62
  256
370
   -1
100
AcDbLine
 10
49.82896799999999
 20
25.82983899999999
 11
49.96697500000001
 21
25.77267399999999
  0
LINE
  5
1290
100
AcDbEntity
  8
parts layout
  6
CONTINUOUS
 62
  256
370
   -1
100
AcDbLine
 10
49.96697500000001
 20
25.77267399999999
 11
50.091179
 21
25.68968399999999
  0
LINE
  5
1291
100
AcDbEntity
  8
parts layout
  6
CONTINUOUS
 62
  256
370
   -1
100
AcDbLine
 10
50.091179
 20
25.68968399999999
 11
50.196805
 21
25.584058
  0
LINE
  5
1292
100
AcDbEntity
  8
parts layout
  6
CONTINUOUS
 62
  256
370
   -1
100
AcDbLine
 10
50.196805
 20
25.584058
 11
50.27979499999999
 21
25.45985399999999
  0
LINE
  5
1293
100
AcDbEntity
  8
parts layout
  6
CONTINUOUS
 62
  256
370
   -1
100
AcDbLine
 10
50.27979499999999
 20
25.45985399999999
 11
50.33695999999999
 21
25.321847
  0
LINE
  5
1294
100
AcDbEntity
  8
parts layout
  6
CONTINUOUS
 62
  256
370
   -1
100
AcDbLine
 10
50.33695999999999
 20
25.321847
 11
50.366102
 21
25.17533899999999
  0
LINE
  5
1295
100
AcDbEntity
  8
parts layout
  6
CONTINUOUS
 62
  256
370
   -1
100
AcDbLine
 10
50.366102
 20
25.17533899999999
 11
50.366102
 21
25.025961
  0
LINE
  5
1296
100
AcDbEntity
  8
parts layout
  6
CONTINUOUS
 62
  256
370
   -1
100
AcDbLine
 10
50.366102
 20
25.025961
 11
50.33695999999999
 21
24.879453
  0
LINE
  5
1297
100
AcDbEntity
  8
parts layout
  6
CONTINUOUS
 62
  256
370
   -1
100
AcDbLine
 10
50.33695999999999
 20
24.879453
 11
50.27979499999999
 21
24.741446
  0
LINE
  5
1298
100
AcDbEntity
  8
parts layout
  6
CONTINUOUS
 62
  256
370
   -1
100
AcDbLine
 10
50.27979499999999
 20
24.741446
 11
50.196805
 21
24.617242
  0
LINE
  5
1299
100
AcDbEntity
  8
parts layout
  6
CONTINUOUS
 62
  256
370
   -1
100
AcDbLine
 10
50.196805
 20
24.617242
 11
50.091179
 21
24.511616
  0
LINE
  5
129A
100
AcDbEntity
  8
parts layout
  6
CONTINUOUS
 62
  256
370
   -1
100
AcDbLine
 10
50.091179
 20
24.511616
 11
49.96697500000001
 21
24.42862599999999
  0
LINE
  5
129B
100
AcDbEntity
  8
parts layout
  6
CONTINUOUS
 62
  256
370
   -1
100
AcDbLine
 10
49.96697500000001
 20
24.42862599999999
 11
49.82896799999999
 21
24.371461
  0
LINE
  5
129C
100
AcDbEntity
  8
parts layout
  6
CONTINUOUS
 62
  256
370
   -1
100
AcDbLine
 10
49.82896799999999
 20
24.371461
 11
49.68246000000001
 21
24.342319
  0
LINE
  5
129D
100
AcDbEntity
  8
parts layout
  6
CONTINUOUS
 62
  256
370
   -1
100
AcDbLine
 10
49.68246000000001
 20
24.342319
 11
49.53308199999999
 21
24.342319
  0
LINE
  5
129E
100
AcDbEntity
  8
parts layout
  6
CONTINUOUS
 62
  256
370
   -1
100
AcDbLine
 10
49.53308199999999
 20
24.342319
 11
49.38657399999998
 21
24.371461
  0
LINE
  5
129F
100
AcDbEntity
  8
parts layout
  6
CONTINUOUS
 62
  256
370
   -1
100
AcDbLine
 10
49.38657399999998
 20
24.371461
 11
49.24856699999999
 21
24.42862599999999
  0
LINE
  5
12A0
100
AcDbEntity
  8
parts layout
  6
CONTINUOUS
 62
  256
370
   -1
100
AcDbLine
 10
49.24856699999999
 20
24.42862599999999
 11
49.124363
 21
24.511616
  0
LINE
  5
12A1
100
AcDbEntity
  8
parts layout
  6
CONTINUOUS
 62
  256
370
   -1
100
AcDbLine
 10
49.124363
 20
24.511616
 11
49.018737
 21
24.617242
  0
LINE
  5
12A2
100
AcDbEntity
  8
parts layout
  6
CONTINUOUS
 62
  256
370
   -1
100
AcDbLine
 10
49.018737
 20
24.617242
 11
48.93574700000001
 21
24.741446
  0
LINE
  5
12A3
100
AcDbEntity
  8
parts layout
  6
CONTINUOUS
 62
  256
370
   -1
100
AcDbLine
 10
48.93574700000001
 20
24.741446
 11
48.87858200000001
 21
24.879453
  0
LINE
  5
12A4
100
AcDbEntity
  8
parts layout
  6
CONTINUOUS
 62
  256
370
   -1
100
AcDbLine
 10
48.87858200000001
 20
24.879453
 11
48.84944
 21
25.025961
  0
LINE
  5
12A5
100
AcDbEntity
  8
parts layout
  6
CONTINUOUS
 62
  256
370
   -1
100
AcDbLine
 10
48.84944
 20
25.025961
 11
48.84944
 21
25.17533899999999
  0
LINE
  5
12A6
100
AcDbEntity
  8
parts layout
  6
CONTINUOUS
 62
  256
370
   -1
100
AcDbLine
 10
48.84944
 20
25.17533899999999
 11
48.87858200000001
 21
25.321847
  0
LINE
  5
12A7
100
AcDbEntity
  8
parts layout
  6
CONTINUOUS
 62
  256
370
   -1
100
AcDbLine
 10
48.87858200000001
 20
25.321847
 11
48.93574700000001
 21
25.45985399999999
  0
LINE
  5
12A8
100
AcDbEntity
  8
parts layout
  6
CONTINUOUS
 62
  256
370
   -1
100
AcDbLine
 10
48.93574700000001
 20
25.45985399999999
 11
49.018737
 21
25.584058
  0
LINE
  5
12A9
100
AcDbEntity
  8
parts layout
  6
CONTINUOUS
 62
  256
370
   -1
100
AcDbLine
 10
49.018737
 20
25.584058
 11
49.124363
 21
25.68968399999999
  0
LINE
  5
12AA
100
AcDbEntity
  8
parts layout
  6
CONTINUOUS
 62
  256
370
   -1
100
AcDbLine
 10
49.124363
 20
25.68968399999999
 11
49.24856699999999
 21
25.77267399999999
  0
LINE
  5
12AB
100
AcDbEntity
  8
parts layout
  6
CONTINUOUS
 62
  256
370
   -1
100
AcDbLine
 10
49.24856699999999
 20
25.77267399999999
 11
49.38657399999998
 21
25.82983899999999
  0
LINE
  5
12AC
100
AcDbEntity
  8
parts layout
  6
CONTINUOUS
 62
  256
370
   -1
100
AcDbLine
 10
49.38657399999998
 20
25.82983899999999
 11
49.53308199999999
 21
25.85898099999999
  0
LINE
  5
12AD
100
AcDbEntity
  8
parts layout
  6
CONTINUOUS
 62
  256
370
   -1
100
AcDbLine
 10
49.53308199999999
 20
25.85898099999999
 11
49.68246000000001
 21
25.85898099999999
  0
LINE
  5
12AE
100
AcDbEntity
  8
parts layout
  6
CONTINUOUS
 62
  256
370
   -1
100
AcDbLine
 10
49.68246000000001
 20
25.85898099999999
 11
49.82896799999999
 21
25.82983899999999
  0
LINE
  5
12AF
100
AcDbEntity
  8
parts layout
  6
CONTINUOUS
 62
  256
370
   -1
100
AcDbLine
 10
49.82896799999999
 20
28.369839
 11
49.96697500000001
 21
28.31267399999999
  0
LINE
  5
12B0
100
AcDbEntity
  8
parts layout
  6
CONTINUOUS
 62
  256
370
   -1
100
AcDbLine
 10
49.96697500000001
 20
28.31267399999999
 11
50.091179
 21
28.229684
  0
LINE
  5
12B1
100
AcDbEntity
  8
parts layout
  6
CONTINUOUS
 62
  256
370
   -1
100
AcDbLine
 10
50.091179
 20
28.229684
 11
50.196805
 21
28.124058
  0
LINE
  5
12B2
100
AcDbEntity
  8
parts layout
  6
CONTINUOUS
 62
  256
370
   -1
100
AcDbLine
 10
50.196805
 20
28.124058
 11
50.27979499999999
 21
27.999854
  0
LINE
  5
12B3
100
AcDbEntity
  8
parts layout
  6
CONTINUOUS
 62
  256
370
   -1
100
AcDbLine
 10
50.27979499999999
 20
27.999854
 11
50.33695999999999
 21
27.861847
  0
LINE
  5
12B4
100
AcDbEntity
  8
parts layout
  6
CONTINUOUS
 62
  256
370
   -1
100
AcDbLine
 10
50.33695999999999
 20
27.861847
 11
50.366102
 21
27.71533899999999
  0
LINE
  5
12B5
100
AcDbEntity
  8
parts layout
  6
CONTINUOUS
 62
  256
370
   -1
100
AcDbLine
 10
50.366102
 20
27.71533899999999
 11
50.366102
 21
27.56596099999999
  0
LINE
  5
12B6
100
AcDbEntity
  8
parts layout
  6
CONTINUOUS
 62
  256
370
   -1
100
AcDbLine
 10
50.366102
 20
27.56596099999999
 11
50.33695999999999
 21
27.419453
  0
LINE
  5
12B7
100
AcDbEntity
  8
parts layout
  6
CONTINUOUS
 62
  256
370
   -1
100
AcDbLine
 10
50.33695999999999
 20
27.419453
 11
50.27979499999999
 21
27.281446
  0
LINE
  5
12B8
100
AcDbEntity
  8
parts layout
  6
CONTINUOUS
 62
  256
370
   -1
100
AcDbLine
 10
50.27979499999999
 20
27.281446
 11
50.196805
 21
27.157242
  0
LINE
  5
12B9
100
AcDbEntity
  8
parts layout
  6
CONTINUOUS
 62
  256
370
   -1
100
AcDbLine
 10
50.196805
 20
27.157242
 11
50.091179
 21
27.051616
  0
LINE
  5
12BA
100
AcDbEntity
  8
parts layout
  6
CONTINUOUS
 62
  256
370
   -1
100
AcDbLine
 10
50.091179
 20
27.051616
 11
49.96697500000001
 21
26.96862599999999
  0
LINE
  5
12BB
100
AcDbEntity
  8
parts layout
  6
CONTINUOUS
 62
  256
370
   -1
100
AcDbLine
 10
49.96697500000001
 20
26.96862599999999
 11
49.82896799999999
 21
26.911461
  0
LINE
  5
12BC
100
AcDbEntity
  8
parts layout
  6
CONTINUOUS
 62
  256
370
   -1
100
AcDbLine
 10
49.82896799999999
 20
26.911461
 11
49.68246000000001
 21
26.882319
  0
LINE
  5
12BD
100
AcDbEntity
  8
parts layout
  6
CONTINUOUS
 62
  256
370
   -1
100
AcDbLine
 10
49.68246000000001
 20
26.882319
 11
49.53308199999999
 21
26.882319
  0
LINE
  5
12BE
100
AcDbEntity
  8
parts layout
  6
CONTINUOUS
 62
  256
370
   -1
100
AcDbLine
 10
49.53308199999999
 20
26.882319
 11
49.38657399999998
 21
26.911461
  0
LINE
  5
12BF
100
AcDbEntity
  8
parts layout
  6
CONTINUOUS
 62
  256
370
   -1
100
AcDbLine
 10
49.38657399999998
 20
26.911461
 11
49.24856699999999
 21
26.96862599999999
  0
LINE
  5
12C0
100
AcDbEntity
  8
parts layout
  6
CONTINUOUS
 62
  256
370
   -1
100
AcDbLine
 10
49.24856699999999
 20
26.96862599999999
 11
49.124363
 21
27.051616
  0
LINE
  5
12C1
100
AcDbEntity
  8
parts layout
  6
CONTINUOUS
 62
  256
370
   -1
100
AcDbLine
 10
49.124363
 20
27.051616
 11
49.018737
 21
27.157242
  0
LINE
  5
12C2
100
AcDbEntity
  8
parts layout
  6
CONTINUOUS
 62
  256
370
   -1
100
AcDbLine
 10
49.018737
 20
27.157242
 11
48.93574700000001
 21
27.281446
  0
LINE
  5
12C3
100
AcDbEntity
  8
parts layout
  6
CONTINUOUS
 62
  256
370
   -1
100
AcDbLine
 10
48.93574700000001
 20
27.281446
 11
48.87858200000001
 21
27.419453
  0
LINE
  5
12C4
100
AcDbEntity
  8
parts layout
  6
CONTINUOUS
 62
  256
370
   -1
100
AcDbLine
 10
48.87858200000001
 20
27.419453
 11
48.84944
 21
27.56596099999999
  0
LINE
  5
12C5
100
AcDbEntity
  8
parts layout
  6
CONTINUOUS
 62
  256
370
   -1
100
AcDbLine
 10
48.84944
 20
27.56596099999999
 11
48.84944
 21
27.71533899999999
  0
LINE
  5
12C6
100
AcDbEntity
  8
parts layout
  6
CONTINUOUS
 62
  256
370
   -1
100
AcDbLine
 10
48.84944
 20
27.71533899999999
 11
48.87858200000001
 21
27.861847
  0
LINE
  5
12C7
100
AcDbEntity
  8
parts layout
  6
CONTINUOUS
 62
  256
370
   -1
100
AcDbLine
 10
48.87858200000001
 20
27.861847
 11
48.93574700000001
 21
27.999854
  0
LINE
  5
12C8
100
AcDbEntity
  8
parts layout
  6
CONTINUOUS
 62
  256
370
   -1
100
AcDbLine
 10
48.93574700000001
 20
27.999854
 11
49.018737
 21
28.124058
  0
LINE
  5
12C9
100
AcDbEntity
  8
parts layout
  6
CONTINUOUS
 62
  256
370
   -1
100
AcDbLine
 10
49.018737
 20
28.124058
 11
49.124363
 21
28.229684
  0
LINE
  5
12CA
100
AcDbEntity
  8
parts layout
  6
CONTINUOUS
 62
  256
370
   -1
100
AcDbLine
 10
49.124363
 20
28.229684
 11
49.24856699999999
 21
28.31267399999999
  0
LINE
  5
12CB
100
AcDbEntity
  8
parts layout
  6
CONTINUOUS
 62
  256
370
   -1
100
AcDbLine
 10
49.24856699999999
 20
28.31267399999999
 11
49.38657399999998
 21
28.369839
  0
LINE
  5
12CC
100
AcDbEntity
  8
parts layout
  6
CONTINUOUS
 62
  256
370
   -1
100
AcDbLine
 10
49.38657399999998
 20
28.369839
 11
49.53308199999999
 21
28.398981
  0
LINE
  5
12CD
100
AcDbEntity
  8
parts layout
  6
CONTINUOUS
 62
  256
370
   -1
100
AcDbLine
 10
49.53308199999999
 20
28.398981
 11
49.68246000000001
 21
28.398981
  0
LINE
  5
12CE
100
AcDbEntity
  8
parts layout
  6
CONTINUOUS
 62
  256
370
   -1
100
AcDbLine
 10
49.68246000000001
 20
28.398981
 11
49.82896799999999
 21
28.369839
  0
LINE
  5
12CF
100
AcDbEntity
  8
parts layout
  6
CONTINUOUS
 62
  256
370
   -1
100
AcDbLine
 10
50.91957999999998
 20
31.520103
 11
50.92946199999999
 21
31.502987
  0
LINE
  5
12D0
100
AcDbEntity
  8
parts layout
  6
CONTINUOUS
 62
  256
370
   -1
100
AcDbLine
 10
50.92946199999999
 20
31.502987
 11
50.94013099999999
 21
31.492318
  0
LINE
  5
12D1
100
AcDbEntity
  8
parts layout
  6
CONTINUOUS
 62
  256
370
   -1
100
AcDbLine
 10
50.94013099999999
 20
31.492318
 11
50.95133
 21
31.46528199999999
  0
LINE
  5
12D2
100
AcDbEntity
  8
parts layout
  6
CONTINUOUS
 62
  256
370
   -1
100
AcDbLine
 10
50.95133
 20
31.46528199999999
 11
50.952771
 21
31.45065
  0
LINE
  5
12D3
100
AcDbEntity
  8
parts layout
  6
CONTINUOUS
 62
  256
370
   -1
100
AcDbLine
 10
50.952771
 20
31.45065
 11
50.952771
 21
28.98564999999999
  0
LINE
  5
12D4
100
AcDbEntity
  8
parts layout
  6
CONTINUOUS
 62
  256
370
   -1
100
AcDbLine
 10
63.482771
 20
28.98564999999999
 11
63.482771
 21
31.45065
  0
LINE
  5
12D5
100
AcDbEntity
  8
parts layout
  6
CONTINUOUS
 62
  256
370
   -1
100
AcDbLine
 10
63.482771
 20
31.45065
 11
63.484212
 21
31.46528199999999
  0
LINE
  5
12D6
100
AcDbEntity
  8
parts layout
  6
CONTINUOUS
 62
  256
370
   -1
100
AcDbLine
 10
63.484212
 20
31.46528199999999
 11
63.495411
 21
31.492318
  0
LINE
  5
12D7
100
AcDbEntity
  8
parts layout
  6
CONTINUOUS
 62
  256
370
   -1
100
AcDbLine
 10
63.495411
 20
31.492318
 11
63.513898
 21
31.510806
  0
LINE
  5
12D8
100
AcDbEntity
  8
parts layout
  6
CONTINUOUS
 62
  256
370
   -1
100
AcDbLine
 10
63.513898
 20
31.510806
 11
63.513918
 21
31.510859
  0
LINE
  5
12D9
100
AcDbEntity
  8
parts layout
  6
CONTINUOUS
 62
  256
370
   -1
100
AcDbLine
 10
63.513918
 20
31.510859
 11
63.513998
 21
31.510906
  0
LINE
  5
12DA
100
AcDbEntity
  8
parts layout
  6
CONTINUOUS
 62
  256
370
   -1
100
AcDbLine
 10
63.513998
 20
31.510906
 11
63.516103
 21
31.51300999999999
  0
LINE
  5
12DB
100
AcDbEntity
  8
parts layout
  6
CONTINUOUS
 62
  256
370
   -1
100
AcDbLine
 10
63.516103
 20
31.51300999999999
 11
63.52155399999999
 21
31.515269
  0
LINE
  5
12DC
100
AcDbEntity
  8
parts layout
  6
CONTINUOUS
 62
  256
370
   -1
100
AcDbLine
 10
63.52155399999999
 20
31.515269
 11
63.55834699999998
 21
31.536511
  0
LINE
  5
12DD
100
AcDbEntity
  8
parts layout
  6
CONTINUOUS
 62
  256
370
   -1
100
AcDbLine
 10
63.55834699999998
 20
31.536511
 11
63.57137099999998
 21
31.53765
  0
LINE
  5
12DE
100
AcDbEntity
  8
parts layout
  6
CONTINUOUS
 62
  256
370
   -1
100
AcDbLine
 10
63.57137099999998
 20
31.53765
 11
66.07137099999998
 21
31.53765
  0
LINE
  5
12DF
100
AcDbEntity
  8
parts layout
  6
CONTINUOUS
 62
  256
370
   -1
100
AcDbLine
 10
66.07137099999998
 20
31.53765
 11
66.10677599999998
 21
31.524764
  0
LINE
  5
12E0
100
AcDbEntity
  8
parts layout
  6
CONTINUOUS
 62
  256
370
   -1
100
AcDbLine
 10
66.10677599999998
 20
31.524764
 11
66.11240299999999
 21
31.524209
  0
LINE
  5
12E1
100
AcDbEntity
  8
parts layout
  6
CONTINUOUS
 62
  256
370
   -1
100
AcDbLine
 10
66.11240299999999
 20
31.524209
 11
66.139439
 21
31.51300999999999
  0
LINE
  5
12E2
100
AcDbEntity
  8
parts layout
  6
CONTINUOUS
 62
  256
370
   -1
100
AcDbLine
 10
66.139439
 20
31.51300999999999
 11
66.16013099999999
 21
31.492318
  0
LINE
  5
12E3
100
AcDbEntity
  8
parts layout
  6
CONTINUOUS
 62
  256
370
   -1
100
AcDbLine
 10
66.16013099999999
 20
31.492318
 11
66.17133
 21
31.46528199999999
  0
LINE
  5
12E4
100
AcDbEntity
  8
parts layout
  6
CONTINUOUS
 62
  256
370
   -1
100
AcDbLine
 10
66.17133
 20
31.46528199999999
 11
66.172771
 21
31.45065
  0
LINE
  5
12E5
100
AcDbEntity
  8
parts layout
  6
CONTINUOUS
 62
  256
370
   -1
100
AcDbLine
 10
66.172771
 20
31.45065
 11
66.172771
 21
-1.56935
  0
LINE
  5
12E6
100
AcDbEntity
  8
parts layout
  6
CONTINUOUS
 62
  256
370
   -1
100
AcDbLine
 10
66.172771
 20
-1.56935
 11
66.17133
 21
-1.583982000000006
  0
LINE
  5
12E7
100
AcDbEntity
  8
parts layout
  6
CONTINUOUS
 62
  256
370
   -1
100
AcDbLine
 10
66.17133
 20
-1.583982000000006
 11
66.16013099999999
 21
-1.611018000000001
  0
LINE
  5
12E8
100
AcDbEntity
  8
parts layout
  6
CONTINUOUS
 62
  256
370
   -1
100
AcDbLine
 10
66.16013099999999
 20
-1.611018000000001
 11
66.139439
 21
-1.631709999999998
  0
LINE
  5
12E9
100
AcDbEntity
  8
parts layout
  6
CONTINUOUS
 62
  256
370
   -1
100
AcDbLine
 10
66.139439
 20
-1.631709999999998
 11
66.11240299999999
 21
-1.642909000000003
  0
LINE
  5
12EA
100
AcDbEntity
  8
parts layout
  6
CONTINUOUS
 62
  256
370
   -1
100
AcDbLine
 10
66.11240299999999
 20
-1.642909000000003
 11
66.09777100000001
 21
-1.644350000000003
  0
LINE
  5
12EB
100
AcDbEntity
  8
parts layout
  6
CONTINUOUS
 62
  256
370
   -1
100
AcDbLine
 10
66.09777100000001
 20
-1.644350000000003
 11
63.55777099999999
 21
-1.644350000000003
  0
LINE
  5
12EC
100
AcDbEntity
  8
parts layout
  6
CONTINUOUS
 62
  256
370
   -1
100
AcDbLine
 10
63.55777099999999
 20
-1.644350000000003
 11
63.54313899999998
 21
-1.642909000000003
  0
LINE
  5
12ED
100
AcDbEntity
  8
parts layout
  6
CONTINUOUS
 62
  256
370
   -1
100
AcDbLine
 10
63.54313899999998
 20
-1.642909000000003
 11
63.516103
 21
-1.631709999999998
  0
LINE
  5
12EE
100
AcDbEntity
  8
parts layout
  6
CONTINUOUS
 62
  256
370
   -1
100
AcDbLine
 10
63.516103
 20
-1.631709999999998
 11
63.495411
 21
-1.611018000000001
  0
LINE
  5
12EF
100
AcDbEntity
  8
parts layout
  6
CONTINUOUS
 62
  256
370
   -1
100
AcDbLine
 10
63.495411
 20
-1.611018000000001
 11
63.484212
 21
-1.583982000000006
  0
LINE
  5
12F0
100
AcDbEntity
  8
parts layout
  6
CONTINUOUS
 62
  256
370
   -1
100
AcDbLine
 10
63.484212
 20
-1.583982000000006
 11
63.482771
 21
-1.56935
  0
LINE
  5
12F1
100
AcDbEntity
  8
parts layout
  6
CONTINUOUS
 62
  256
370
   -1
100
AcDbLine
 10
63.482771
 20
-1.56935
 11
63.482771
 21
28.83564999999999
  0
LINE
  5
12F2
100
AcDbEntity
  8
parts layout
  6
CONTINUOUS
 62
  256
370
   -1
100
AcDbLine
 10
50.952771
 20
28.83564999999999
 11
50.952771
 21
-1.56935
  0
LINE
  5
12F3
100
AcDbEntity
  8
parts layout
  6
CONTINUOUS
 62
  256
370
   -1
100
AcDbLine
 10
50.952771
 20
-1.56935
 11
50.95133
 21
-1.583982000000006
  0
LINE
  5
12F4
100
AcDbEntity
  8
parts layout
  6
CONTINUOUS
 62
  256
370
   -1
100
AcDbLine
 10
50.95133
 20
-1.583982000000006
 11
50.94013099999999
 21
-1.611018000000001
  0
LINE
  5
12F5
100
AcDbEntity
  8
parts layout
  6
CONTINUOUS
 62
  256
370
   -1
100
AcDbLine
 10
50.94013099999999
 20
-1.611018000000001
 11
50.919439
 21
-1.631709999999998
  0
LINE
  5
12F6
100
AcDbEntity
  8
parts layout
  6
CONTINUOUS
 62
  256
370
   -1
100
AcDbLine
 10
50.919439
 20
-1.631709999999998
 11
50.89240299999999
 21
-1.642909000000003
  0
LINE
  5
12F7
100
AcDbEntity
  8
parts layout
  6
CONTINUOUS
 62
  256
370
   -1
100
AcDbLine
 10
50.89240299999999
 20
-1.642909000000003
 11
50.87777100000001
 21
-1.644350000000003
  0
LINE
  5
12F8
100
AcDbEntity
  8
parts layout
  6
CONTINUOUS
 62
  256
370
   -1
100
AcDbLine
 10
50.87777100000001
 20
-1.644350000000003
 11
48.33777099999999
 21
-1.644350000000003
  0
LINE
  5
12F9
100
AcDbEntity
  8
parts layout
  6
CONTINUOUS
 62
  256
370
   -1
100
AcDbLine
 10
48.33777099999999
 20
-1.644350000000003
 11
48.32313899999998
 21
-1.642909000000003
  0
LINE
  5
12FA
100
AcDbEntity
  8
parts layout
  6
CONTINUOUS
 62
  256
370
   -1
100
AcDbLine
 10
48.32313899999998
 20
-1.642909000000003
 11
48.296103
 21
-1.631709999999998
  0
LINE
  5
12FB
100
AcDbEntity
  8
parts layout
  6
CONTINUOUS
 62
  256
370
   -1
100
AcDbLine
 10
48.296103
 20
-1.631709999999998
 11
48.27541100000001
 21
-1.611018000000001
  0
LINE
  5
12FC
100
AcDbEntity
  8
parts layout
  6
CONTINUOUS
 62
  256
370
   -1
100
AcDbLine
 10
48.27541100000001
 20
-1.611018000000001
 11
48.264212
 21
-1.583982000000006
  0
LINE
  5
12FD
100
AcDbEntity
  8
parts layout
  6
CONTINUOUS
 62
  256
370
   -1
100
AcDbLine
 10
48.264212
 20
-1.583982000000006
 11
48.262771
 21
-1.56935
  0
LINE
  5
12FE
100
AcDbEntity
  8
parts layout
  6
CONTINUOUS
 62
  256
370
   -1
100
AcDbLine
 10
48.262771
 20
-1.56935
 11
48.262771
 21
31.45065
  0
LINE
  5
12FF
100
AcDbEntity
  8
parts layout
  6
CONTINUOUS
 62
  256
370
   -1
100
AcDbLine
 10
48.262771
 20
31.45065
 11
48.264212
 21
31.46528199999999
  0
LINE
  5
1300
100
AcDbEntity
  8
parts layout
  6
CONTINUOUS
 62
  256
370
   -1
100
AcDbLine
 10
48.264212
 20
31.46528199999999
 11
48.27541100000001
 21
31.492318
  0
LINE
  5
1301
100
AcDbEntity
  8
parts layout
  6
CONTINUOUS
 62
  256
370
   -1
100
AcDbLine
 10
48.27541100000001
 20
31.492318
 11
48.296103
 21
31.51300999999999
  0
LINE
  5
1302
100
AcDbEntity
  8
parts layout
  6
CONTINUOUS
 62
  256
370
   -1
100
AcDbLine
 10
48.296103
 20
31.51300999999999
 11
48.32313899999998
 21
31.524209
  0
LINE
  5
1303
100
AcDbEntity
  8
parts layout
  6
CONTINUOUS
 62
  256
370
   -1
100
AcDbLine
 10
48.32313899999998
 20
31.524209
 11
48.33777099999999
 21
31.52565
  0
LINE
  5
1304
100
AcDbEntity
  8
parts layout
  6
CONTINUOUS
 62
  256
370
   -1
100
AcDbLine
 10
48.33777099999999
 20
31.52565
 11
48.339536
 21
31.52565
  0
LINE
  5
1305
100
AcDbEntity
  8
parts layout
  6
CONTINUOUS
 62
  256
370
   -1
100
AcDbLine
 10
48.339536
 20
31.52565
 11
48.35834699999999
 21
31.536511
  0
LINE
  5
1306
100
AcDbEntity
  8
parts layout
  6
CONTINUOUS
 62
  256
370
   -1
100
AcDbLine
 10
48.35834699999999
 20
31.536511
 11
48.371371
 21
31.53765
  0
LINE
  5
1307
100
AcDbEntity
  8
parts layout
  6
CONTINUOUS
 62
  256
370
   -1
100
AcDbLine
 10
48.371371
 20
31.53765
 11
50.871371
 21
31.53765
  0
LINE
  5
1308
100
AcDbEntity
  8
parts layout
  6
CONTINUOUS
 62
  256
370
   -1
100
AcDbLine
 10
50.871371
 20
31.53765
 11
50.91957999999998
 21
31.520103
  0
LINE
  5
1309
100
AcDbEntity
  8
parts layout
  6
CONTINUOUS
 62
  256
370
   -1
100
AcDbLine
 10
63.63277100000001
 20
28.83564999999999
 11
63.63277100000001
 21
-1.494349999999997
  0
LINE
  5
130A
100
AcDbEntity
  8
parts layout
  6
CONTINUOUS
 62
  256
370
   -1
100
AcDbLine
 10
63.63277100000001
 20
-1.494349999999997
 11
66.02277099999999
 21
-1.494349999999997
  0
LINE
  5
130B
100
AcDbEntity
  8
parts layout
  6
CONTINUOUS
 62
  256
370
   -1
100
AcDbLine
 10
66.02277099999999
 20
-1.494349999999997
 11
66.02277099999999
 21
28.83564999999999
  0
LINE
  5
130C
100
AcDbEntity
  8
parts layout
  6
CONTINUOUS
 62
  256
370
   -1
100
AcDbLine
 10
66.02277099999999
 20
28.83564999999999
 11
63.63277100000001
 21
28.83564999999999
  0
LINE
  5
130D
100
AcDbEntity
  8
parts layout
  6
CONTINUOUS
 62
  256
370
   -1
100
AcDbLine
 10
48.41277100000001
 20
28.83564999999999
 11
48.41277100000001
 21
-1.494349999999997
  0
LINE
  5
130E
100
AcDbEntity
  8
parts layout
  6
CONTINUOUS
 62
  256
370
   -1
100
AcDbLine
 10
48.41277100000001
 20
-1.494349999999997
 11
50.80277099999999
 21
-1.494349999999997
  0
LINE
  5
130F
100
AcDbEntity
  8
parts layout
  6
CONTINUOUS
 62
  256
370
   -1
100
AcDbLine
 10
50.80277099999999
 20
-1.494349999999997
 11
50.80277099999999
 21
28.83564999999999
  0
LINE
  5
1310
100
AcDbEntity
  8
parts layout
  6
CONTINUOUS
 62
  256
370
   -1
100
AcDbLine
 10
50.80277099999999
 20
28.83564999999999
 11
48.41277100000001
 21
28.83564999999999
  0
LWPOLYLINE
  5
1311
100
AcDbEntity
  8
swith holes
  6
ByLayer
 62
  256
370
   -1
100
AcDbPolyline
 90
    4
 70
    1
 43
0
 10
58.52785918651325
 20
-48.05708187503558
 10
62.88499772335915
 20
-34.64718439359139
 10
49.47510024191506
 20
-30.29004585674558
 10
45.11796170506916
 20
-43.69994333818968
  0
LWPOLYLINE
  5
1312
100
AcDbEntity
  8
swith holes
  6
ByLayer
 62
  256
370
   -1
100
AcDbPolyline
 90
    4
 70
    1
 43
0
 10
39.73164290795985
 20
-42.23528181243098
 10
42.66319766075456
 20
-28.44340067214488
 10
28.87131652046846
 20
-25.51184591935018
 10
25.93976176767375
 20
-39.30372705963629
  0
LWPOLYLINE
  5
1313
100
AcDbEntity
  8
swith holes
  6
ByLayer
 62
  256
370
   -1
100
AcDbPolyline
 90
    4
 70
    1
 43
0
 10
20.57593372233517
 20
-38.42186914221058
 10
22.04978499053415
 20
-24.39910985776959
 10
8.027025706093159
 20
-22.92525858957057
 10
6.55317443789416
 20
-36.94801787401158
  0
LWPOLYLINE
  5
1314
100
AcDbEntity
  8
swith holes
  6
ByLayer
 62
  256
370
   -1
100
AcDbPolyline
 90
    4
 70
    1
 43
0
 10
-13.01351978578586
 20
-36.57856436589059
 10
1.086480214214152
 20
-36.57856436589059
 10
1.086480214214152
 20
-22.47856436589058
 10
-13.01351978578586
 20
-22.47856436589058
  0
LWPOLYLINE
  5
1315
100
AcDbEntity
  8
swith holes
  6
ByLayer
 62
  256
370
   -1
100
AcDbPolyline
 90
    4
 70
    1
 43
0
 10
30.00148021421414
 20
-19.43356436589058
 10
44.10148021421416
 20
-19.43356436589058
 10
44.10148021421416
 20
-5.333564365890581
 10
30.00148021421414
 20
-5.333564365890581
  0
LWPOLYLINE
  5
1316
100
AcDbEntity
  8
swith holes
  6
ByLayer
 62
  256
370
   -1
100
AcDbPolyline
 90
    4
 70
    1
 43
0
 10
10.95148021421416
 20
-17.52856436589057
 10
25.05148021421416
 20
-17.52856436589057
 10
25.05148021421416
 20
-3.42856436589058
 10
10.95148021421416
 20
-3.42856436589058
  0
LWPOLYLINE
  5
1317
100
AcDbEntity
  8
swith holes
  6
ByLayer
 62
  256
370
   -1
100
AcDbPolyline
 90
    4
 70
    1
 43
0
 10
-8.09851978578585
 20
-15.62356436589057
 10
6.001480214214158
 20
-15.62356436589057
 10
6.001480214214158
 20
-1.523564365890579
 10
-8.09851978578585
 20
-1.523564365890579
  0
LWPOLYLINE
  5
1318
100
AcDbEntity
  8
swith holes
  6
ByLayer
 62
  256
370
   -1
100
AcDbPolyline
 90
    4
 70
    1
 43
0
 10
-27.14851978578585
 20
-17.52856436589057
 10
-13.04851978578585
 20
-17.52856436589057
 10
-13.04851978578585
 20
-3.42856436589058
 10
-27.14851978578585
 20
-3.42856436589058
  0
LWPOLYLINE
  5
1319
100
AcDbEntity
  8
swith holes
  6
ByLayer
 62
  256
370
   -1
100
AcDbPolyline
 90
    4
 70
    1
 43
0
 10
-46.19851978578583
 20
-23.24356436589058
 10
-32.09851978578587
 20
-23.24356436589058
 10
-32.09851978578584
 20
-9.143564365890569
 10
-46.19851978578585
 20
-9.143564365890569
  0
LWPOLYLINE
  5
131A
100
AcDbEntity
  8
swith holes
  6
ByLayer
 62
  256
370
   -1
100
AcDbPolyline
 90
    4
 70
    1
 43
0
 10
-65.24851978578585
 20
-23.24356436589058
 10
-51.14851978578587
 20
-23.24356436589058
 10
-51.14851978578585
 20
-9.143564365890569
 10
-65.24851978578585
 20
-9.143564365890569
  0
LWPOLYLINE
  5
131B
100
AcDbEntity
  8
swith holes
  6
ByLayer
 62
  256
370
   -1
100
AcDbPolyline
 90
    4
 70
    1
 43
0
 10
-65.24851978578585
 20
-4.19356436589058
 10
-51.14851978578587
 20
-4.19356436589058
 10
-51.14851978578587
 20
9.906435634109428
 10
-65.24851978578585
 20
9.906435634109428
  0
LWPOLYLINE
  5
131C
100
AcDbEntity
  8
swith holes
  6
ByLayer
 62
  256
370
   -1
100
AcDbPolyline
 90
    4
 70
    1
 43
0
 10
-46.19851978578583
 20
-4.193564365890595
 10
-32.09851978578587
 20
-4.19356436589058
 10
-32.09851978578585
 20
9.906435634109428
 10
-46.19851978578585
 20
9.906435634109428
  0
LWPOLYLINE
  5
131D
100
AcDbEntity
  8
swith holes
  6
ByLayer
 62
  256
370
   -1
100
AcDbPolyline
 90
    4
 70
    1
 43
0
 10
-27.14851978578585
 20
1.521435634109423
 10
-13.04851978578585
 20
1.521435634109423
 10
-13.04851978578585
 20
15.62143563410943
 10
-27.14851978578585
 20
15.62143563410943
  0
LWPOLYLINE
  5
131E
100
AcDbEntity
  8
swith holes
  6
ByLayer
 62
  256
370
   -1
100
AcDbPolyline
 90
    4
 70
    1
 43
0
 10
-8.09851978578585
 20
3.42643563410941
 10
6.001480214214158
 20
3.426435634109438
 10
6.001480214214158
 20
17.52643563410942
 10
-8.09851978578585
 20
17.52643563410941
  0
LWPOLYLINE
  5
131F
100
AcDbEntity
  8
swith holes
  6
ByLayer
 62
  256
370
   -1
100
AcDbPolyline
 90
    4
 70
    1
 43
0
 10
10.95148021421416
 20
1.481435634109417
 10
25.05148021421416
 20
1.481435634109417
 10
25.05148021421416
 20
15.58143563410943
 10
10.95148021421416
 20
15.58143563410943
  0
LWPOLYLINE
  5
1320
100
AcDbEntity
  8
swith holes
  6
ByLayer
 62
  256
370
   -1
100
AcDbPolyline
 90
    4
 70
    1
 43
0
 10
30.00148021421414
 20
-0.3835643658905781
 10
44.10148021421416
 20
-0.3835643658905781
 10
44.10148021421416
 20
13.71643563410943
 10
30.00148021421414
 20
13.71643563410943
  0
LWPOLYLINE
  5
1321
100
AcDbEntity
  8
swith holes
  6
ByLayer
 62
  256
370
   -1
100
AcDbPolyline
 90
    4
 70
    1
 43
0
 10
30.00148021421414
 20
18.66643563410941
 10
44.10148021421416
 20
18.66643563410942
 10
44.10148021421416
 20
32.76643563410943
 10
30.00148021421414
 20
32.76643563410943
  0
LWPOLYLINE
  5
1322
100
AcDbEntity
  8
swith holes
  6
ByLayer
 62
  256
370
   -1
100
AcDbPolyline
 90
    4
 70
    1
 43
0
 10
10.95148021421416
 20
20.57143563410941
 10
25.05148021421416
 20
20.57143563410941
 10
25.05148021421416
 20
34.67143563410943
 10
10.95148021421416
 20
34.67143563410943
  0
LWPOLYLINE
  5
1323
100
AcDbEntity
  8
swith holes
  6
ByLayer
 62
  256
370
   -1
100
AcDbPolyline
 90
    4
 70
    1
 43
0
 10
-8.09851978578585
 20
22.47643563410942
 10
6.001480214214158
 20
22.47643563410944
 10
6.001480214214158
 20
36.57643563410942
 10
-8.09851978578585
 20
36.57643563410943
  0
LWPOLYLINE
  5
1324
100
AcDbEntity
  8
swith holes
  6
ByLayer
 62
  256
370
   -1
100
AcDbPolyline
 90
    4
 70
    1
 43
0
 10
-27.14851978578585
 20
20.57143563410941
 10
-13.04851978578585
 20
20.57143563410941
 10
-13.04851978578585
 20
34.67143563410943
 10
-27.14851978578585
 20
34.67143563410943
  0
LWPOLYLINE
  5
1325
100
AcDbEntity
  8
swith holes
  6
ByLayer
 62
  256
370
   -1
100
AcDbPolyline
 90
    4
 70
    1
 43
0
 10
-46.19851978578585
 20
14.85643563410942
 10
-32.09851978578585
 20
14.85643563410942
 10
-32.09851978578585
 20
28.95643563410943
 10
-46.19851978578585
 20
28.95643563410941
  0
LWPOLYLINE
  5
1326
100
AcDbEntity
  8
swith holes
  6
ByLayer
 62
  256
370
   -1
100
AcDbPolyline
 90
    4
 70
    1
 43
0
 10
-65.24851978578586
 20
14.85643563410942
 10
-51.14851978578585
 20
14.85643563410942
 10
-51.14851978578585
 20
28.95643563410943
 10
-65.24851978578585
 20
28.95643563410941
  0
LINE
  5
1327
100
AcDbEntity
  8
swith holes
  6
ByLayer
 62
  256
370
   -1
100
AcDbLine
 10
30.00148021421414
 20
25.71643563410942
 11
44.10148021421416
 21
25.71643563410942
  0
LINE
  5
1328
100
AcDbEntity
  8
swith holes
  6
ByLayer
 62
  256
370
   -1
100
AcDbLine
 10
37.05148021421415
 20
32.76643563410943
 11
37.05148021421415
 21
18.66643563410941
  0
LINE
  5
1329
100
AcDbEntity
  8
swith holes
  6
ByLayer
 62
  256
370
   -1
100
AcDbLine
 10
30.00148021421414
 20
6.666435634109426
 11
44.10148021421416
 21
6.666435634109426
  0
LINE
  5
132A
100
AcDbEntity
  8
swith holes
  6
ByLayer
 62
  256
370
   -1
100
AcDbLine
 10
37.05148021421415
 20
13.71643563410943
 11
37.05148021421415
 21
-0.3835643658905781
  0
LINE
  5
132B
100
AcDbEntity
  8
swith holes
  6
ByLayer
 62
  256
370
   -1
100
AcDbLine
 10
37.05148021421415
 20
-5.333564365890581
 11
37.05148021421415
 21
-19.43356436589058
  0
LINE
  5
132C
100
AcDbEntity
  8
swith holes
  6
ByLayer
 62
  256
370
   -1
100
AcDbLine
 10
30.00148021421414
 20
-12.38356436589058
 11
44.10148021421416
 21
-12.38356436589058
  0
LINE
  5
132D
100
AcDbEntity
  8
swith holes
  6
ByLayer
 62
  256
370
   -1
100
AcDbLine
 10
18.00148021421416
 20
34.67143563410943
 11
18.00148021421416
 21
20.57143563410941
  0
LINE
  5
132E
100
AcDbEntity
  8
swith holes
  6
ByLayer
 62
  256
370
   -1
100
AcDbLine
 10
10.95148021421416
 20
27.62143563410942
 11
25.05148021421416
 21
27.62143563410942
  0
LINE
  5
132F
100
AcDbEntity
  8
swith holes
  6
ByLayer
 62
  256
370
   -1
100
AcDbLine
 10
18.00148021421416
 20
15.58143563410943
 11
18.00148021421416
 21
1.481435634109417
  0
LINE
  5
1330
100
AcDbEntity
  8
swith holes
  6
ByLayer
 62
  256
370
   -1
100
AcDbLine
 10
10.95148021421416
 20
8.531435634109425
 11
25.05148021421416
 21
8.531435634109425
  0
LINE
  5
1331
100
AcDbEntity
  8
swith holes
  6
ByLayer
 62
  256
370
   -1
100
AcDbLine
 10
18.00148021421416
 20
-3.42856436589058
 11
18.00148021421416
 21
-17.52856436589057
  0
LINE
  5
1332
100
AcDbEntity
  8
swith holes
  6
ByLayer
 62
  256
370
   -1
100
AcDbLine
 10
10.95148021421416
 20
-10.47856436589058
 11
25.05148021421416
 21
-10.47856436589058
  0
LINE
  5
1333
100
AcDbEntity
  8
swith holes
  6
ByLayer
 62
  256
370
   -1
100
AcDbLine
 10
-1.048519785785846
 20
36.57643563410943
 11
-1.048519785785846
 21
22.47643563410943
  0
LINE
  5
1334
100
AcDbEntity
  8
swith holes
  6
ByLayer
 62
  256
370
   -1
100
AcDbLine
 10
-8.09851978578585
 20
29.52643563410943
 11
6.001480214214158
 21
29.52643563410943
  0
LINE
  5
1335
100
AcDbEntity
  8
swith holes
  6
ByLayer
 62
  256
370
   -1
100
AcDbLine
 10
-1.048519785785846
 20
17.52643563410941
 11
-1.048519785785846
 21
3.426435634109424
  0
LINE
  5
1336
100
AcDbEntity
  8
swith holes
  6
ByLayer
 62
  256
370
   -1
100
AcDbLine
 10
-8.09851978578585
 20
10.47643563410941
 11
6.001480214214158
 21
10.47643563410943
  0
LINE
  5
1337
100
AcDbEntity
  8
swith holes
  6
ByLayer
 62
  256
370
   -1
100
AcDbLine
 10
-8.09851978578585
 20
-8.573564365890574
 11
6.001480214214158
 21
-8.573564365890574
  0
LINE
  5
1338
100
AcDbEntity
  8
swith holes
  6
ByLayer
 62
  256
370
   -1
100
AcDbLine
 10
-1.048519785785846
 20
-15.62356436589057
 11
-1.048519785785846
 21
-1.523564365890579
  0
LINE
  5
1339
100
AcDbEntity
  8
swith holes
  6
ByLayer
 62
  256
370
   -1
100
AcDbLine
 10
-20.09851978578585
 20
34.67143563410943
 11
-20.09851978578585
 21
20.57143563410941
  0
LINE
  5
133A
100
AcDbEntity
  8
swith holes
  6
ByLayer
 62
  256
370
   -1
100
AcDbLine
 10
-27.14851978578585
 20
27.62143563410942
 11
-13.04851978578585
 21
27.62143563410942
  0
LINE
  5
133B
100
AcDbEntity
  8
swith holes
  6
ByLayer
 62
  256
370
   -1
100
AcDbLine
 10
-20.09851978578585
 20
1.521435634109423
 11
-20.09851978578585
 21
15.62143563410943
  0
LINE
  5
133C
100
AcDbEntity
  8
swith holes
  6
ByLayer
 62
  256
370
   -1
100
AcDbLine
 10
-27.14851978578585
 20
8.571435634109427
 11
-13.04851978578585
 21
8.571435634109427
  0
LINE
  5
133D
100
AcDbEntity
  8
swith holes
  6
ByLayer
 62
  256
370
   -1
100
AcDbLine
 10
-20.09851978578585
 20
-3.42856436589058
 11
-20.09851978578585
 21
-17.52856436589057
  0
LINE
  5
133E
100
AcDbEntity
  8
swith holes
  6
ByLayer
 62
  256
370
   -1
100
AcDbLine
 10
-27.14851978578585
 20
-10.47856436589058
 11
-13.04851978578585
 21
-10.47856436589058
  0
LINE
  5
133F
100
AcDbEntity
  8
swith holes
  6
ByLayer
 62
  256
370
   -1
100
AcDbLine
 10
-39.14851978578585
 20
28.95643563410942
 11
-39.14851978578585
 21
14.85643563410942
  0
LINE
  5
1340
100
AcDbEntity
  8
swith holes
  6
ByLayer
 62
  256
370
   -1
100
AcDbLine
 10
-46.19851978578585
 20
21.90643563410941
 11
-32.09851978578585
 21
21.90643563410942
  0
LINE
  5
1341
100
AcDbEntity
  8
swith holes
  6
ByLayer
 62
  256
370
   -1
100
AcDbLine
 10
-39.14851978578585
 20
9.906435634109428
 11
-39.14851978578585
 21
-4.193564365890587
  0
LINE
  5
1342
100
AcDbEntity
  8
swith holes
  6
ByLayer
 62
  256
370
   -1
100
AcDbLine
 10
-46.19851978578583
 20
2.856435634109417
 11
-32.09851978578585
 21
2.856435634109424
  0
LINE
  5
1343
100
AcDbEntity
  8
swith holes
  6
ByLayer
 62
  256
370
   -1
100
AcDbLine
 10
-39.14851978578584
 20
-9.143564365890569
 11
-39.14851978578585
 21
-23.24356436589058
  0
LINE
  5
1344
100
AcDbEntity
  8
swith holes
  6
ByLayer
 62
  256
370
   -1
100
AcDbLine
 10
-46.19851978578583
 20
-16.19356436589057
 11
-32.09851978578585
 21
-16.19356436589057
  0
LINE
  5
1345
100
AcDbEntity
  8
swith holes
  6
ByLayer
 62
  256
370
   -1
100
AcDbLine
 10
-58.19851978578585
 20
28.95643563410942
 11
-58.19851978578586
 21
14.85643563410942
  0
LINE
  5
1346
100
AcDbEntity
  8
swith holes
  6
ByLayer
 62
  256
370
   -1
100
AcDbLine
 10
-65.24851978578585
 20
21.90643563410941
 11
-51.14851978578585
 21
21.90643563410942
  0
LINE
  5
1347
100
AcDbEntity
  8
swith holes
  6
ByLayer
 62
  256
370
   -1
100
AcDbLine
 10
-58.19851978578586
 20
9.906435634109428
 11
-58.19851978578586
 21
-4.19356436589058
  0
LINE
  5
1348
100
AcDbEntity
  8
swith holes
  6
ByLayer
 62
  256
370
   -1
100
AcDbLine
 10
-65.24851978578585
 20
2.856435634109424
 11
-51.14851978578587
 21
2.856435634109424
  0
LINE
  5
1349
100
AcDbEntity
  8
swith holes
  6
ByLayer
 62
  256
370
   -1
100
AcDbLine
 10
-58.19851978578585
 20
-9.143564365890569
 11
-58.19851978578586
 21
-23.24356436589058
  0
LINE
  5
134A
100
AcDbEntity
  8
swith holes
  6
ByLayer
 62
  256
370
   -1
100
AcDbLine
 10
-65.24851978578585
 20
-16.19356436589057
 11
-51.14851978578587
 21
-16.19356436589057
  0
LINE
  5
134B
100
AcDbEntity
  8
swith holes
  6
ByLayer
 62
  256
370
   -1
100
AcDbLine
 10
-5.963519785785854
 20
-22.47856436589058
 11
-5.963519785785854
 21
-36.57856436589059
  0
LINE
  5
134C
100
AcDbEntity
  8
swith holes
  6
ByLayer
 62
  256
370
   -1
100
AcDbLine
 10
-13.01351978578586
 20
-29.52856436589059
 11
1.086480214214152
 21
-29.52856436589059
  0
LINE
  5
134D
100
AcDbEntity
  8
swith holes
  6
ByLayer
 62
  256
370
   -1
100
AcDbLine
 10
15.03840534831365
 20
-23.66218422367008
 11
13.56455408011466
 21
-37.68494350811108
  0
LINE
  5
134E
100
AcDbEntity
  8
swith holes
  6
ByLayer
 62
  256
370
   -1
100
AcDbLine
 10
7.29010007199366
 20
-29.93663823179108
 11
21.31285935643466
 21
-31.41048949999008
  0
LINE
  5
134F
100
AcDbEntity
  8
swith holes
  6
ByLayer
 62
  256
370
   -1
100
AcDbLine
 10
35.76725709061151
 20
-26.97762329574753
 11
32.8357023378168
 21
-40.76950443603364
  0
LINE
  5
1350
100
AcDbEntity
  8
swith holes
  6
ByLayer
 62
  256
370
   -1
100
AcDbLine
 10
27.40553914407111
 20
-32.40778648949323
 11
41.19742028435721
 21
-35.33934124228793
  0
LINE
  5
1351
100
AcDbEntity
  8
swith holes
  6
ByLayer
 62
  256
370
   -1
100
AcDbLine
 10
56.1800489826371
 20
-32.46861512516848
 11
51.82291044579121
 21
-45.87851260661263
  0
LINE
  5
1352
100
AcDbEntity
  8
swith holes
  6
ByLayer
 62
  256
370
   -1
100
AcDbLine
 10
47.29653097349211
 20
-36.99499459746762
 11
60.7064284549362
 21
-41.35213313431348
  0
LWPOLYLINE
  5
1353
100
AcDbEntity
  8
0
  6
ByLayer
 62
  256
370
   -1
100
AcDbPolyline
 90
   11
 70
    1
 43
0
 10
4.149999999999995
 20
31.96890000000001
 10
4.149999999999995
 20
32.66385300000002
 10
7.275000000000002
 20
32.66385300000002
 10
7.275000000000002
 20
36.71890000000001
 10
-5.03426102504292
 20
36.71890000000003
 42
0.4047690079422607
 10
-7.500027205796257
 20
34.12385300000001
 10
-10.62499999999998
 20
34.12385300000001
 10
-10.62499999999998
 20
30.0689
 10
-3.085824952245648
 20
30.0689
 10
-3.085824952245631
 20
30.39318225945198
 42
-0.4005791343781361
 10
-1.565642191539798
 20
31.96890000000001
  0
LWPOLYLINE
  5
1354
100
AcDbEntity
  8
0
  6
ByLayer
 62
  256
370
   -1
100
AcDbPolyline
 90
   11
 70
    1
 43
0
 10
-14.90000000000001
 20
30.0639
 10
-14.90000000000001
 20
30.75885300000001
 10
-11.775
 20
30.75885300000001
 10
-11.775
 20
34.8139
 10
-24.08426102504292
 20
34.81390000000004
 42
0.4047690079422617
 10
-26.55002720579625
 20
32.21885300000001
 10
-29.67499999999998
 20
32.218853
 10
-29.67499999999998
 20
28.16389999999999
 10
-22.13582495224565
 20
28.16389999999999
 10
-22.13582495224563
 20
28.48818225945197
 42
-0.4005791343781364
 10
-20.6156421915398
 20
30.0639
  0
LWPOLYLINE
  5
1355
100
AcDbEntity
  8
0
  6
ByLayer
 62
  256
370
   -1
100
AcDbPolyline
 90
   11
 70
    1
 43
0
 10
4.149999999999995
 20
12.9189
 10
4.149999999999995
 20
13.61385300000001
 10
7.275000000000002
 20
13.61385300000001
 10
7.275000000000002
 20
17.6689
 10
-5.03426102504292
 20
17.66890000000003
 42
0.4047690079422617
 10
-7.500027205796255
 20
15.073853
 10
-10.62499999999998
 20
15.073853
 10
-10.62499999999998
 20
11.01889999999999
 10
-3.085824952245648
 20
11.01889999999999
 10
-3.085824952245631
 20
11.34318225945197
 42
-0.4005791343781363
 10
-1.565642191539798
 20
12.9189
  0
LWPOLYLINE
  5
1356
100
AcDbEntity
  8
0
  6
ByLayer
 62
  256
370
   -1
100
AcDbPolyline
 90
   11
 70
    1
 43
0
 10
-14.90000000000001
 20
11.01389999999999
 10
-14.90000000000001
 20
11.708853
 10
-11.775
 20
11.708853
 10
-11.775
 20
15.76389999999999
 10
-24.08426102504292
 20
15.76390000000003
 42
0.4047690079422617
 10
-26.55002720579625
 20
13.168853
 10
-29.67499999999998
 20
13.16885299999999
 10
-29.67499999999998
 20
9.113899999999985
 10
-22.13582495224565
 20
9.113899999999985
 10
-22.13582495224563
 20
9.438182259451958
 42
-0.4005791343781358
 10
-20.6156421915398
 20
11.01389999999999
  0
LWPOLYLINE
  5
1357
100
AcDbEntity
  8
0
  6
ByLayer
 62
  256
370
   -1
100
AcDbPolyline
 90
   11
 70
    1
 43
0
 10
4.149999999999995
 20
-6.131099999999995
 10
4.149999999999995
 20
-5.436146999999986
 10
7.275000000000002
 20
-5.436146999999986
 10
7.275000000000002
 20
-1.381099999999991
 10
-5.03426102504292
 20
-1.381099999999964
 42
0.4047690079422617
 10
-7.500027205796254
 20
-3.976146999999993
 10
-10.62499999999998
 20
-3.976146999999992
 10
-10.62499999999998
 20
-8.0311
 10
-3.085824952245648
 20
-8.0311
 10
-3.08582495224563
 20
-7.706817740548027
 42
-0.4005791343781357
 10
-1.565642191539798
 20
-6.131099999999995
  0
LWPOLYLINE
  5
1358
100
AcDbEntity
  8
0
  6
ByLayer
 62
  256
370
   -1
100
AcDbPolyline
 90
   11
 70
    1
 43
0
 10
-14.90000000000001
 20
-8.036100000000003
 10
-14.90000000000001
 20
-7.341146999999998
 10
-11.775
 20
-7.341146999999998
 10
-11.775
 20
-3.286099999999999
 10
-24.08426102504292
 20
-3.286099999999966
 42
0.4047690079422617
 10
-26.55002720579625
 20
-5.881146999999993
 10
-29.67499999999998
 20
-5.881147000000007
 10
-29.67499999999998
 20
-9.936100000000009
 10
-22.13582495224565
 20
-9.936100000000009
 10
-22.13582495224563
 20
-9.611817740548036
 42
-0.4005791343781367
 10
-20.6156421915398
 20
-8.036100000000003
  0
LWPOLYLINE
  5
1359
100
AcDbEntity
  8
0
  6
ByLayer
 62
  256
370
   -1
100
AcDbPolyline
 90
    4
 70
    1
 43
0
 10
-10.51500000000001
 20
28.238853
 10
-13.63500000000002
 20
28.238853
 10
-13.63500000000002
 20
22.7189
 10
-10.51500000000001
 20
22.7189
  0
LWPOLYLINE
  5
135A
100
AcDbEntity
  8
0
  6
ByLayer
 62
  256
370
   -1
100
AcDbPolyline
 90
    4
 70
    1
 43
0
 10
-29.56500000000002
 20
22.523853
 10
-32.68500000000002
 20
22.523853
 10
-32.68500000000002
 20
17.0039
 10
-29.56500000000002
 20
17.0039
  0
LWPOLYLINE
  5
135B
100
AcDbEntity
  8
0
  6
ByLayer
 62
  256
370
   -1
100
AcDbPolyline
 90
    4
 70
    1
 43
0
 10
46.63499999999999
 20
-11.76614700000001
 10
43.51499999999999
 20
-11.76614700000001
 10
43.51499999999999
 20
-17.2861
 10
46.63499999999999
 20
-17.2861
  0
LWPOLYLINE
  5
135C
100
AcDbEntity
  8
0
  6
ByLayer
 62
  256
370
   -1
100
AcDbPolyline
 90
    4
 70
    1
 43
0
 10
-10.51500000000001
 20
-9.861147000000004
 10
-13.63500000000002
 20
-9.861147000000004
 10
-13.63500000000002
 20
-15.3811
 10
-10.51500000000001
 20
-15.3811
  0
LWPOLYLINE
  5
135D
100
AcDbEntity
  8
0
  6
ByLayer
 62
  256
370
   -1
100
AcDbPolyline
 90
    4
 70
    1
 43
0
 10
-29.56500000000002
 20
-15.57614700000001
 10
-32.68500000000002
 20
-15.57614700000001
 10
-32.68500000000002
 20
-21.09610000000001
 10
-29.56500000000002
 20
-21.0961
  0
LWPOLYLINE
  5
135E
100
AcDbEntity
  8
0
  6
ByLayer
 62
  256
370
   -1
100
AcDbPolyline
 90
    4
 70
    1
 43
0
 10
-10.51500000000001
 20
9.188852999999989
 10
-13.63500000000002
 20
9.188852999999989
 10
-13.63500000000002
 20
3.668899999999992
 10
-10.51500000000001
 20
3.668899999999995
  0
LWPOLYLINE
  5
135F
100
AcDbEntity
  8
0
  6
ByLayer
 62
  256
370
   -1
100
AcDbPolyline
 90
    4
 70
    1
 43
0
 10
-29.56500000000002
 20
3.473852999999986
 10
-32.68500000000002
 20
3.473852999999986
 10
-32.68500000000002
 20
-2.046100000000012
 10
-29.56500000000002
 20
-2.046100000000008
  0
LWPOLYLINE
  5
1360
100
AcDbEntity
  8
0
  6
ByLayer
 62
  256
370
   -1
100
AcDbPolyline
 90
   11
 70
    1
 43
0
 10
-0.7650000000000103
 20
-27.08610000000001
 10
-0.7650000000000103
 20
-26.391147
 10
2.359999999999997
 20
-26.391147
 10
2.359999999999997
 20
-22.33610000000001
 10
-9.949261025042926
 20
-22.33609999999998
 42
0.4047690079422608
 10
-12.41502720579626
 20
-24.931147
 10
-15.53999999999998
 20
-24.93114700000002
 10
-15.53999999999999
 20
-28.98610000000001
 10
-8.000824952245654
 20
-28.98610000000001
 10
-8.000824952245637
 20
-28.66181774054805
 42
-0.4005791343781358
 10
-6.480642191539803
 20
-27.08610000000001
  0
LWPOLYLINE
  5
1361
100
AcDbEntity
  8
0
  6
ByLayer
 62
  256
370
   -1
100
AcDbPolyline
 90
    4
 70
    1
 43
0
 10
3.619999999999984
 20
-28.91114700000001
 10
0.4999999999999796
 20
-28.91114700000001
 10
0.4999999999999796
 20
-34.43110000000001
 10
3.619999999999981
 20
-34.43110000000001
  0
LWPOLYLINE
  5
1362
100
AcDbEntity
  8
0
  6
ByLayer
 62
  256
370
   -1
100
AcDbPolyline
 90
   11
 70
    1
 43
0
 10
19.74317372466051
 20
-28.83557408394825
 10
19.8218807913192
 20
-28.1450924622761
 10
22.92677431321987
 20
-28.49901507763053
 10
23.3860296218999
 20
-24.47005854601366
 10
11.15596728076709
 20
-23.07597027239331
 42
0.4047690079422616
 10
8.412163356814958
 20
-25.37505961760391
 10
5.307296865666492
 20
-25.0211400834484
 10
4.848052202978721
 20
-29.05000321986813
 10
12.33871964817793
 20
-29.90385427603326
 10
12.375446312299
 20
-29.58165847230855
 42
-0.4005791343781352
 10
14.06430639217603
 20
-28.18824767343309
  0
LWPOLYLINE
  5
1363
100
AcDbEntity
  8
0
  6
ByLayer
 62
  256
370
   -1
100
AcDbPolyline
 90
    4
 70
    1
 43
0
 10
23.89326418422839
 20
-31.14550281220213
 10
20.79333849196277
 20
-30.79214647303227
 10
20.16817490719685
 20
-36.27658369251903
 10
23.26810059946246
 20
-36.62994003168888
  0
LWPOLYLINE
  5
1364
100
AcDbEntity
  8
0
  6
ByLayer
 62
  256
370
   -1
100
AcDbPolyline
 90
   11
 70
    1
 43
0
 10
39.90511197102732
 20
-32.61279201013906
 10
40.05536154166443
 20
-31.93427543795208
 10
43.10645174213022
 20
-32.60990372970844
 10
43.98315717496278
 20
-28.65076319718742
 10
31.96502415464793
 20
-25.98948799746486
 42
0.4047690079422622
 10
28.99652424988826
 20
-27.99005794270494
 10
25.94546061177076
 20
-27.31443553287041
 10
25.06877550183722
 20
-31.2734842885982
 10
32.42964049633304
 20
-32.90346187540346
 10
32.49975066241319
 20
-32.58684925972384
 42
-0.400579134378136
 10
34.32465120943503
 20
-31.37706414768765
  0
LWPOLYLINE
  5
1365
100
AcDbEntity
  8
0
  6
ByLayer
 62
  256
370
   -1
100
AcDbPolyline
 90
    4
 70
    1
 43
0
 10
43.79182465648569
 20
-35.34271619460022
 10
40.74561620034064
 20
-34.66816890811067
 10
39.55219654723172
 20
-40.05756874981682
 10
42.59840500337676
 20
-40.73211603630638
  0
LWPOLYLINE
  5
1366
100
AcDbEntity
  8
0
  6
ByLayer
 62
  256
370
   -1
100
AcDbPolyline
 90
    4
 70
    1
 43
0
 10
64.77186242745837
 20
-18.50610757254162
 10
56.87500008624531
 20
-18.5061
 42
-0.9999999999999999
 10
56.87500008624531
 20
-16.2061
 10
64.77186242745837
 20
-16.20609242745838
 42
-0.9999999999999999
  0
LWPOLYLINE
  5
1367
100
AcDbEntity
  8
0
  6
ByLayer
 62
  256
370
   -1
100
AcDbPolyline
 90
    4
 70
    1
 43
0
 10
56.27186242745838
 20
-14.50610757254162
 10
55.37813757254163
 20
-14.50610757254162
 42
-0.9999999999999999
 10
55.37813757254163
 20
-12.20609242745839
 10
56.27186242745838
 20
-12.20609242745838
 42
-0.9999999999999999
  0
LWPOLYLINE
  5
1368
100
AcDbEntity
  8
0
  6
ByLayer
 62
  256
370
   -1
100
AcDbPolyline
 90
   12
 70
    1
 43
0
 10
43.51499999999999
 20
20.8139
 10
47.762771
 20
20.8139
 10
47.762771
 20
7.283852999999987
 10
43.51499999999999
 20
7.283852999999988
 10
43.51499999999999
 20
1.763899999999994
 10
47.762771
 20
1.763899999999994
 10
47.762771
 20
-2.144350000000003
 10
51.452771
 20
-2.144350000000003
 10
51.452771
 20
32.03765
 10
47.762771
 20
32.03765
 10
47.762771
 20
26.333853
 10
43.51499999999999
 20
26.333853
  0
LWPOLYLINE
  5
1369
100
AcDbEntity
  8
0
  6
ByLayer
 62
  256
370
   -1
100
AcDbPolyline
 90
   15
 70
    1
 43
0
 10
-45.60002720579626
 20
26.503853
 10
-48.72499999999998
 20
26.503853
 10
-48.72499999999999
 20
22.523853
 10
-51.73500000000003
 20
22.523853
 10
-51.73500000000003
 20
17.0039
 10
-48.61500000000002
 20
17.0039
 10
-48.61500000000002
 20
22.44889999999999
 10
-41.18582495224565
 20
22.44889999999999
 10
-41.18582495224564
 20
22.77318225945196
 42
-0.4005791343781365
 10
-39.6656421915398
 20
24.3489
 10
-33.95000000000001
 20
24.3489
 10
-33.95000000000001
 20
25.043853
 10
-30.825
 20
25.043853
 10
-30.825
 20
29.0989
 10
-43.13426102504292
 20
29.09890000000003
 42
0.4047690079422612
  0
LWPOLYLINE
  5
136A
100
AcDbEntity
  8
0
  6
ByLayer
 62
  256
370
   -1
100
AcDbPolyline
 90
   15
 70
    1
 43
0
 10
33.06573897495709
 20
13.85890000000003
 42
0.4047690079422615
 10
30.59997279420374
 20
11.263853
 10
27.47500000000002
 20
11.26385299999999
 10
27.47500000000002
 20
9.188852999999989
 10
24.46499999999999
 20
9.188852999999989
 10
24.46499999999999
 20
3.668899999999992
 10
27.58499999999999
 20
3.668899999999995
 10
27.58499999999999
 20
7.208899999999984
 10
35.01417504775435
 20
7.208899999999984
 10
35.01417504775437
 20
7.533182259451955
 42
-0.4005791343781367
 10
36.5343578084602
 20
9.10889999999999
 10
42.25
 20
9.10889999999999
 10
42.25
 20
9.803852999999995
 10
45.375
 20
9.803852999999995
 10
45.375
 20
13.85889999999999
  0
LWPOLYLINE
  5
136B
100
AcDbEntity
  8
0
  6
ByLayer
 62
  256
370
   -1
100
AcDbPolyline
 90
   15
 70
    1
 43
0
 10
11.54997279420375
 20
13.168853
 10
8.425000000000026
 20
13.16885299999999
 10
8.425000000000022
 20
11.093853
 10
5.414999999999985
 20
11.093853
 10
5.414999999999985
 20
5.5739
 10
8.534999999999986
 20
5.573900000000004
 10
8.534999999999986
 20
9.113899999999985
 10
15.96417504775436
 20
9.113899999999985
 10
15.96417504775437
 20
9.438182259451956
 42
-0.4005791343781362
 10
17.48435780846021
 20
11.01389999999999
 10
23.2
 20
11.01389999999999
 10
23.2
 20
11.708853
 10
26.32500000000001
 20
11.708853
 10
26.32500000000001
 20
15.76389999999999
 10
14.01573897495708
 20
15.76390000000003
 42
0.4047690079422614
  0
LWPOLYLINE
  5
136C
100
AcDbEntity
  8
0
  6
ByLayer
 62
  256
370
   -1
100
AcDbPolyline
 90
   15
 70
    1
 43
0
 10
-45.60002720579625
 20
7.453852999999993
 10
-48.72499999999998
 20
7.453852999999986
 10
-48.72499999999998
 20
3.473852999999986
 10
-51.73500000000003
 20
3.473852999999986
 10
-51.73500000000003
 20
-2.046100000000012
 10
-48.61500000000002
 20
-2.046100000000008
 10
-48.61500000000002
 20
3.398899999999982
 10
-41.18582495224565
 20
3.398899999999982
 10
-41.18582495224563
 20
3.723182259451952
 42
-0.4005791343781366
 10
-39.6656421915398
 20
5.298899999999987
 10
-33.95
 20
5.298899999999987
 10
-33.95
 20
5.993852999999993
 10
-30.825
 20
5.993852999999993
 10
-30.825
 20
10.04889999999999
 10
-43.13426102504292
 20
10.04890000000002
 42
0.4047690079422614
  0
LWPOLYLINE
  5
136D
100
AcDbEntity
  8
0
  6
ByLayer
 62
  256
370
   -1
100
AcDbPolyline
 90
   15
 70
    1
 43
0
 10
33.06573897495709
 20
-5.19109999999997
 42
0.4047690079422615
 10
30.59997279420374
 20
-7.786146999999998
 10
27.47500000000002
 20
-7.786147000000005
 10
27.47500000000002
 20
-9.861147000000004
 10
24.46499999999999
 20
-9.861147000000004
 10
24.46499999999999
 20
-15.3811
 10
27.58499999999999
 20
-15.3811
 10
27.58499999999999
 20
-11.84110000000001
 10
35.01417504775435
 20
-11.84110000000001
 10
35.01417504775436
 20
-11.51681774054804
 42
-0.4005791343781371
 10
36.5343578084602
 20
-9.941100000000004
 10
42.25
 20
-9.941100000000004
 10
42.25
 20
-9.246146999999999
 10
45.375
 20
-9.246146999999999
 10
45.375
 20
-5.1911
  0
LWPOLYLINE
  5
136E
100
AcDbEntity
  8
0
  6
ByLayer
 62
  256
370
   -1
100
AcDbPolyline
 90
   15
 70
    1
 43
0
 10
11.54997279420375
 20
-5.881146999999993
 10
8.425000000000026
 20
-5.881147000000007
 10
8.425000000000024
 20
-7.956146999999996
 10
5.414999999999985
 20
-7.956146999999996
 10
5.414999999999985
 20
-13.47609999999999
 10
8.534999999999986
 20
-13.47609999999999
 10
8.534999999999988
 20
-9.936100000000009
 10
15.96417504775436
 20
-9.936100000000009
 10
15.96417504775437
 20
-9.611817740548037
 42
-0.4005791343781362
 10
17.48435780846021
 20
-8.036100000000003
 10
23.2
 20
-8.036100000000003
 10
23.2
 20
-7.341146999999998
 10
26.32500000000001
 20
-7.341146999999998
 10
26.32500000000001
 20
-3.286099999999999
 10
14.01573897495708
 20
-3.286099999999966
 42
0.4047690079422614
  0
LWPOLYLINE
  5
136F
100
AcDbEntity
  8
0
  6
ByLayer
 62
  256
370
   -1
100
AcDbPolyline
 90
   68
 70
    1
 43
0
 10
-60.23582495224565
 20
3.398899999999982
 10
-60.23582495224564
 20
3.723182259451952
 42
-0.4005791343781361
 10
-58.7156421915398
 20
5.298899999999987
 10
-53.00000000000001
 20
5.298899999999987
 10
-53.00000000000001
 20
5.993852999999993
 10
-49.875
 20
5.993852999999993
 10
-49.875
 20
10.04889999999999
 10
-62.18426102504293
 20
10.04890000000002
 42
0.4047690079422617
 10
-64.65002720579614
 20
7.453853000000002
 10
-68.32500000000003
 20
7.453852999999986
 10
-68.32500000000003
 20
22.44889999999999
 10
-60.23582495224566
 20
22.44889999999999
 10
-60.23582495224563
 20
22.77318225945196
 42
-0.4005791343781357
 10
-58.71564219153981
 20
24.3489
 10
-53.00000000000001
 20
24.3489
 10
-53.00000000000001
 20
25.043853
 10
-49.87500000000001
 20
25.043853
 10
-49.87500000000001
 20
29.0989
 10
-62.18426102504293
 20
29.09890000000002
 42
0.4047690079422614
 10
-64.65002720579625
 20
26.503853
 10
-68.32500000000003
 20
26.503853
 10
-68.32500000000003
 20
30.64774730621737
 42
-0.3508489503699129
 10
-67.46620390969795
 20
31.72097639357315
 42
-0.1080347765503771
 10
62.98277100000001
 20
32.48252865267791
 10
62.98277100000001
 20
-2.760186895076471
 42
0.4142189661004805
 10
65.32412780247165
 20
-5.10158689467816
 10
67.32499999999999
 20
-5.10158689467816
 10
67.32499999999999
 20
-8.610619063745407
 10
65.32445549729916
 20
-8.610619063745403
 42
0.9999998017164057
 10
65.32445608916929
 20
-11.6015809362546
 10
67.32499999999999
 20
-11.6015809362546
 10
67.32499999999999
 20
-27.59729394929394
 10
67.32499999999999
 20
-27.77151683365105
 10
67.27116216792467
 20
-27.93721264310645
 10
64.93434050994969
 20
-35.12921018917061
 10
52.49953500244741
 20
-31.08889696095768
 42
0.4047690079422626
 10
49.33867875152205
 20
-32.76915276033531
 10
46.37465707254681
 20
-31.77918788667652
 10
45.09008235823791
 20
-35.62529132204682
 10
52.24095366328778
 20
-38.01363802621179
 10
52.34368353236174
 20
-37.70605786138428
 42
-0.4005791343781359
 10
54.2847435902064
 20
-36.69307815987733
 10
59.70600274369809
 20
-38.50374512328953
 10
59.92615795916745
 20
-37.84458554222388
 10
63.65807283833443
 20
-39.05715819112988
 10
62.8693980737042
 20
-41.48444953041788
 10
60.32768975637568
 20
-40.63553470260476
 10
58.57901546891203
 20
-45.87118359825966
 10
61.16358164065089
 20
-46.73441268386906
 10
60.01954987954996
 20
-50.25538040101495
 42
-0.4142135493390594
 10
58.63346906436809
 20
-50.96162389025382
 10
50.52571211986996
 20
-48.32725436561154
 42
0.07924756740803252
 10
-6.464999999999987
 20
-39.15333554049471
 10
-16.09000000000031
 20
-39.15333554049457
 42
-0.0667617538800873
 10
-67.63445674294515
 20
-26.09677354057089
 42
-0.3064301613545945
 10
-68.32500000000003
 20
-25.07582046836005
 10
-68.32500000000003
 20
-15.65110000000001
 10
-60.23582495224565
 20
-15.65110000000001
 10
-60.23582495224564
 20
-15.32681774054804
 42
-0.4005791343781358
 10
-58.7156421915398
 20
-13.75110000000001
 10
-53.00000000000001
 20
-13.75110000000001
 10
-53.00000000000001
 20
-13.056147
 10
-49.875
 20
-13.056147
 10
-49.875
 20
-9.001100000000003
 10
-62.18426102504293
 20
-9.001099999999973
 42
0.4047690079422614
 10
-64.65002720579626
 20
-11.596147
 10
-68.32500000000003
 20
-11.59614700000001
 10
-68.32500000000003
 20
3.398899999999982
  0
LWPOLYLINE
  5
1370
100
AcDbEntity
  8
0
  6
ByLayer
 62
  256
370
   -1
100
AcDbPolyline
 90
   15
 70
    1
 43
0
 10
-45.60002720579625
 20
-11.596147
 10
-48.72499999999998
 20
-11.59614700000001
 10
-48.72499999999998
 20
-15.57614700000001
 10
-51.73500000000003
 20
-15.57614700000001
 10
-51.73500000000003
 20
-21.09610000000001
 10
-48.61500000000002
 20
-21.0961
 10
-48.61500000000003
 20
-15.65110000000001
 10
-41.18582495224565
 20
-15.65110000000001
 10
-41.18582495224563
 20
-15.32681774054804
 42
-0.4005791343781364
 10
-39.6656421915398
 20
-13.75110000000001
 10
-33.95
 20
-13.75110000000001
 10
-33.95
 20
-13.056147
 10
-30.825
 20
-13.056147
 10
-30.825
 20
-9.001100000000003
 10
-43.13426102504292
 20
-9.001099999999973
 42
0.4047690079422614
  0
LWPOLYLINE
  5
1371
100
AcDbEntity
  8
0
  6
ByLayer
 62
  256
370
   -1
100
AcDbPolyline
 90
   15
 70
    1
 43
0
 10
33.06573897495707
 20
32.90890000000003
 42
0.4047690079422617
 10
30.59997279420374
 20
30.31385300000001
 10
27.47500000000002
 20
30.313853
 10
27.47500000000002
 20
28.238853
 10
24.46499999999999
 20
28.238853
 10
24.46499999999999
 20
22.7189
 10
27.58499999999999
 20
22.7189
 10
27.58499999999999
 20
26.25889999999999
 10
35.01417504775435
 20
26.25889999999999
 10
35.01417504775436
 20
26.58318225945197
 42
-0.4005791343781358
 10
36.5343578084602
 20
28.1589
 10
42.24999999999999
 20
28.1589
 10
42.24999999999999
 20
28.853853
 10
45.375
 20
28.853853
 10
45.375
 20
32.9089
  0
LWPOLYLINE
  5
1372
100
AcDbEntity
  8
0
  6
ByLayer
 62
  256
370
   -1
100
AcDbPolyline
 90
   15
 70
    1
 43
0
 10
14.01573897495708
 20
34.81390000000003
 42
0.4047690079422607
 10
11.54997279420375
 20
32.21885300000001
 10
8.425000000000026
 20
32.218853
 10
8.425000000000024
 20
30.14385300000001
 10
5.414999999999985
 20
30.14385300000001
 10
5.414999999999985
 20
24.62390000000001
 10
8.534999999999986
 20
24.62390000000001
 10
8.534999999999988
 20
28.16389999999999
 10
15.96417504775436
 20
28.16389999999999
 10
15.96417504775437
 20
28.48818225945196
 42
-0.4005791343781358
 10
17.48435780846021
 20
30.0639
 10
23.2
 20
30.0639
 10
23.2
 20
30.75885300000001
 10
26.32500000000001
 20
30.75885300000001
 10
26.32500000000001
 20
34.8139
  0
ENDSEC
  0
SECTION
  2
OBJECTS
  0
DICTIONARY
  5
C
330
0
100
AcDbDictionary
281
    1
  3
ACAD_GROUP
350
D
  0
DICTIONARY
  5
D
330
C
100
AcDbDictionary
281
    1
  0
PLOTSETTINGS
  5
1373
100
AcDbPlotSettings
  6
1x1
 40
0
 41
0
 42
0
 43
0
  0
ENDSEC
  0
EOF
